studentId,term,amount,discountAmount,fineAmount,receiptDate,receiptNo,remarks
17159,TERM_1,0,0,0,2024-12-31,3001,Fees Collected for TERM_1 ON 31-12-2024
17159,TERM_2,0,0,0,2025-11-30,3001,Fees Collected for TERM_2 ON 30-11-2025
17159,TERM_3,5250,0,0,2024-07-25,3001,Fees Collected for TERM_3 ON 25-07-2024
17159,TERM_4,5250,0,0,2025-07-28,3001,Fees Collected for TERM_4 ON 28-07-2025
16935,TERM_1,0,0,0,2025-02-13,3002,Fees Collected for TERM_1 ON 13-02-2025
16935,TERM_2,0,0,0,2025-08-09,3002,Fees Collected for TERM_2 ON 09-08-2025
16935,TERM_3,5250,0,0,2025-10-19,3002,Fees Collected for TERM_3 ON 19-10-2025
16935,TERM_4,5250,0,0,2024-08-14,3002,Fees Collected for TERM_4 ON 14-08-2024
17158,TERM_1,0,0,0,2025-10-25,3003,Fees Collected for TERM_1 ON 25-10-2025
17158,TERM_2,0,0,0,2024-07-12,3003,Fees Collected for TERM_2 ON 12-07-2024
17158,TERM_3,5250,0,0,2025-03-28,3003,Fees Collected for TERM_3 ON 28-03-2025
17158,TERM_4,0,0,0,2025-04-17,3003,Fees Collected for TERM_4 ON 17-04-2025
17160,TERM_1,0,0,0,2025-06-05,3004,Fees Collected for TERM_1 ON 05-06-2025
17160,TERM_2,0,0,0,2025-03-14,3004,Fees Collected for TERM_2 ON 14-03-2025
17160,TERM_3,5250,0,0,2025-01-22,3004,Fees Collected for TERM_3 ON 22-01-2025
17160,TERM_4,5250,0,0,2024-06-20,3004,Fees Collected for TERM_4 ON 20-06-2024
16973,TERM_1,0,0,0,2024-12-06,3005,Fees Collected for TERM_1 ON 06-12-2024
16973,TERM_2,0,0,0,2024-08-15,3005,Fees Collected for TERM_2 ON 15-08-2024
16973,TERM_3,5250,0,0,2024-12-30,3005,Fees Collected for TERM_3 ON 30-12-2024
16973,TERM_4,5250,0,0,2024-09-26,3005,Fees Collected for TERM_4 ON 26-09-2024
17162,TERM_1,0,0,0,2024-06-29,3006,Fees Collected for TERM_1 ON 29-06-2024
17162,TERM_2,0,0,0,2024-10-14,3006,Fees Collected for TERM_2 ON 14-10-2024
17162,TERM_3,5250,0,0,2024-07-13,3006,Fees Collected for TERM_3 ON 13-07-2024
17162,TERM_4,0,0,0,2025-06-15,3006,Fees Collected for TERM_4 ON 15-06-2025
17152,TERM_1,0,0,0,2025-05-17,3007,Fees Collected for TERM_1 ON 17-05-2025
17152,TERM_2,0,0,0,2025-11-01,3007,Fees Collected for TERM_2 ON 01-11-2025
17152,TERM_3,5250,0,0,2025-08-25,3007,Fees Collected for TERM_3 ON 25-08-2025
17152,TERM_4,5250,0,0,2025-11-03,3007,Fees Collected for TERM_4 ON 03-11-2025
17131,TERM_1,0,0,0,2024-10-17,3008,Fees Collected for TERM_1 ON 17-10-2024
17131,TERM_2,0,0,0,2025-04-02,3008,Fees Collected for TERM_2 ON 02-04-2025
17131,TERM_3,5250,0,0,2025-09-10,3008,Fees Collected for TERM_3 ON 10-09-2025
17131,TERM_4,5250,0,0,2024-10-01,3008,Fees Collected for TERM_4 ON 01-10-2024
16964,TERM_1,0,0,0,2025-10-16,3009,Fees Collected for TERM_1 ON 16-10-2025
16964,TERM_2,0,0,0,2024-08-07,3009,Fees Collected for TERM_2 ON 07-08-2024
16964,TERM_4,0,0,0,2025-03-07,3009,Fees Collected for TERM_4 ON 07-03-2025
17096,TERM_1,0,0,0,2024-10-06,3010,Fees Collected for TERM_1 ON 06-10-2024
17096,TERM_2,0,0,0,2024-10-05,3010,Fees Collected for TERM_2 ON 05-10-2024
17096,TERM_3,5250,0,0,2025-07-06,3010,Fees Collected for TERM_3 ON 06-07-2025
17096,TERM_4,5250,0,0,2025-05-17,3010,Fees Collected for TERM_4 ON 17-05-2025
17140,TERM_1,0,0,0,2024-12-22,3011,Fees Collected for TERM_1 ON 22-12-2024
17140,TERM_2,0,0,0,2025-08-25,3011,Fees Collected for TERM_2 ON 25-08-2025
17140,TERM_3,5250,0,0,2025-12-10,3011,Fees Collected for TERM_3 ON 10-12-2025
17140,TERM_4,5250,0,0,2024-12-16,3011,Fees Collected for TERM_4 ON 16-12-2024
17085,TERM_1,0,0,0,2025-06-08,3012,Fees Collected for TERM_1 ON 08-06-2025
17085,TERM_2,0,0,0,2024-12-12,3012,Fees Collected for TERM_2 ON 12-12-2024
17085,TERM_3,5250,0,0,2025-01-09,3012,Fees Collected for TERM_3 ON 09-01-2025
17085,TERM_4,5250,0,0,2025-05-24,3012,Fees Collected for TERM_4 ON 24-05-2025
16972,TERM_1,0,0,0,2024-08-02,3013,Fees Collected for TERM_1 ON 02-08-2024
16972,TERM_2,0,0,0,2025-02-05,3013,Fees Collected for TERM_2 ON 05-02-2025
16972,TERM_3,5250,0,0,2024-09-12,3013,Fees Collected for TERM_3 ON 12-09-2024
16972,TERM_4,5250,0,0,2025-02-25,3013,Fees Collected for TERM_4 ON 25-02-2025
17130,TERM_1,0,0,0,2024-12-01,3014,Fees Collected for TERM_1 ON 01-12-2024
17130,TERM_2,0,0,0,2025-03-30,3014,Fees Collected for TERM_2 ON 30-03-2025
17130,TERM_3,5250,0,0,2024-09-07,3014,Fees Collected for TERM_3 ON 07-09-2024
17130,TERM_4,5250,0,0,2025-09-24,3014,Fees Collected for TERM_4 ON 24-09-2025
17163,TERM_1,0,0,0,2025-04-24,3015,Fees Collected for TERM_1 ON 24-04-2025
17163,TERM_2,0,0,0,2024-10-23,3015,Fees Collected for TERM_2 ON 23-10-2024
17163,TERM_3,5250,0,0,2025-10-08,3015,Fees Collected for TERM_3 ON 08-10-2025
17163,TERM_4,5250,0,0,2025-05-13,3015,Fees Collected for TERM_4 ON 13-05-2025
16971,TERM_1,0,0,0,2024-11-06,3016,Fees Collected for TERM_1 ON 06-11-2024
16971,TERM_2,0,0,0,2024-11-06,3016,Fees Collected for TERM_2 ON 06-11-2024
16971,TERM_3,5250,0,0,2024-11-02,3016,Fees Collected for TERM_3 ON 02-11-2024
16971,TERM_4,5250,0,0,2024-07-26,3016,Fees Collected for TERM_4 ON 26-07-2024
16922,TERM_1,6050,0,0,2024-08-01,201,Fees Collected for TERM_1 ON 01-08-2024
16922,TERM_2,6050,0,0,2025-03-14,201,Fees Collected for TERM_2 ON 14-03-2025
16922,TERM_3,6050,0,0,2025-02-05,201,Fees Collected for TERM_3 ON 05-02-2025
16922,TERM_4,6050,0,0,2024-07-27,201,Fees Collected for TERM_4 ON 27-07-2024
17103,TERM_1,6050,0,0,2024-10-07,95,Fees Collected for TERM_1 ON 07-10-2024
17103,TERM_2,6050,0,0,2024-08-13,95,Fees Collected for TERM_2 ON 13-08-2024
17103,TERM_3,6050,0,0,2025-10-04,95,Fees Collected for TERM_3 ON 04-10-2025
17103,TERM_4,6050,0,0,2025-09-03,95,Fees Collected for TERM_4 ON 03-09-2025
16920,TERM_1,6050,0,0,2024-08-24,91,Fees Collected for TERM_1 ON 24-08-2024
16920,TERM_2,6050,0,0,2024-12-12,91,Fees Collected for TERM_2 ON 12-12-2024
16920,TERM_3,6050,0,0,2024-11-18,91,Fees Collected for TERM_3 ON 18-11-2024
16920,TERM_4,6050,0,0,2025-10-20,91,Fees Collected for TERM_4 ON 20-10-2025
17146,TERM_1,6050,0,0,2024-07-07,20,Fees Collected for TERM_1 ON 07-07-2024
17146,TERM_2,6050,0,0,2025-08-24,20,Fees Collected for TERM_2 ON 24-08-2025
17146,TERM_3,6050,0,0,2025-06-13,20,Fees Collected for TERM_3 ON 13-06-2025
17146,TERM_4,6050,0,0,2024-10-25,20,Fees Collected for TERM_4 ON 25-10-2024
16938,TERM_1,6050,0,0,2025-07-15,203,Fees Collected for TERM_1 ON 15-07-2025
16938,TERM_2,6050,0,0,2025-03-21,203,Fees Collected for TERM_2 ON 21-03-2025
16938,TERM_3,6050,0,0,2025-07-12,203,Fees Collected for TERM_3 ON 12-07-2025
16938,TERM_4,6050,0,0,2025-01-04,203,Fees Collected for TERM_4 ON 04-01-2025
16932,TERM_1,6050,0,0,2024-10-11,78,Fees Collected for TERM_1 ON 11-10-2024
16932,TERM_2,6050,0,0,2024-08-14,78,Fees Collected for TERM_2 ON 14-08-2024
16932,TERM_3,6050,0,0,2025-07-04,78,Fees Collected for TERM_3 ON 04-07-2025
16932,TERM_4,6050,0,0,2025-10-20,78,Fees Collected for TERM_4 ON 20-10-2025
16918,TERM_1,6050,0,0,2025-02-02,215,Fees Collected for TERM_1 ON 02-02-2025
16918,TERM_2,6050,0,0,2024-10-09,215,Fees Collected for TERM_2 ON 09-10-2024
16918,TERM_3,6050,0,0,2025-06-06,215,Fees Collected for TERM_3 ON 06-06-2025
16918,TERM_4,6050,0,0,2025-10-24,215,Fees Collected for TERM_4 ON 24-10-2025
16913,TERM_1,6050,0,0,2025-11-19,214,Fees Collected for TERM_1 ON 19-11-2025
16913,TERM_2,6050,0,0,2025-03-04,214,Fees Collected for TERM_2 ON 04-03-2025
16913,TERM_3,6050,0,0,2025-04-08,214,Fees Collected for TERM_3 ON 08-04-2025
16913,TERM_4,6050,0,0,2024-08-19,214,Fees Collected for TERM_4 ON 19-08-2024
17057,TERM_1,6050,0,0,2024-10-27,76,Fees Collected for TERM_1 ON 27-10-2024
17057,TERM_2,6050,0,0,2025-07-13,76,Fees Collected for TERM_2 ON 13-07-2025
17057,TERM_3,6050,0,0,2025-11-11,76,Fees Collected for TERM_3 ON 11-11-2025
17057,TERM_4,6050,0,0,2024-10-29,76,Fees Collected for TERM_4 ON 29-10-2024
16921,TERM_1,6050,0,0,2025-07-11,218,Fees Collected for TERM_1 ON 11-07-2025
16921,TERM_2,6050,0,0,2024-11-09,218,Fees Collected for TERM_2 ON 09-11-2024
16921,TERM_3,6050,0,0,2024-12-22,218,Fees Collected for TERM_3 ON 22-12-2024
16921,TERM_4,5550,500,0,2025-07-30,218,Fees Collected for TERM_4 ON 30-07-2025
17093,TERM_1,6050,0,0,2025-06-30,89,Fees Collected for TERM_1 ON 30-06-2025
17093,TERM_2,6050,0,0,2025-04-07,89,Fees Collected for TERM_2 ON 07-04-2025
17093,TERM_3,6050,0,0,2024-12-18,89,Fees Collected for TERM_3 ON 18-12-2024
17093,TERM_4,6050,0,0,2025-06-29,89,Fees Collected for TERM_4 ON 29-06-2025
17078,TERM_1,6050,0,0,2025-07-31,147,Fees Collected for TERM_1 ON 31-07-2025
17078,TERM_2,6050,0,0,2025-08-12,147,Fees Collected for TERM_2 ON 12-08-2025
17078,TERM_3,6050,0,0,2025-02-28,147,Fees Collected for TERM_3 ON 28-02-2025
17078,TERM_4,6050,0,0,2025-03-19,147,Fees Collected for TERM_4 ON 19-03-2025
16987,TERM_1,6050,0,0,2025-11-13,205,Fees Collected for TERM_1 ON 13-11-2025
16987,TERM_2,6050,0,0,2025-07-02,205,Fees Collected for TERM_2 ON 02-07-2025
16987,TERM_3,6050,0,0,2025-03-17,205,Fees Collected for TERM_3 ON 17-03-2025
16987,TERM_4,6050,0,0,2025-11-22,205,Fees Collected for TERM_4 ON 22-11-2025
16965,TERM_1,6050,0,0,2024-09-20,63,Fees Collected for TERM_1 ON 20-09-2024
16965,TERM_2,6050,0,0,2024-12-11,63,Fees Collected for TERM_2 ON 11-12-2024
16965,TERM_3,6050,0,0,2025-03-27,63,Fees Collected for TERM_3 ON 27-03-2025
16965,TERM_4,6050,0,0,2024-06-22,63,Fees Collected for TERM_4 ON 22-06-2024
16912,TERM_1,6050,0,0,2024-08-19,145,Fees Collected for TERM_1 ON 19-08-2024
16912,TERM_2,6050,0,0,2025-11-12,145,Fees Collected for TERM_2 ON 12-11-2025
16912,TERM_3,6050,0,0,2025-02-03,145,Fees Collected for TERM_3 ON 03-02-2025
16912,TERM_4,6050,0,0,2025-04-27,145,Fees Collected for TERM_4 ON 27-04-2025
16919,TERM_1,6050,0,0,2024-10-11,216,Fees Collected for TERM_1 ON 11-10-2024
16919,TERM_2,6050,0,0,2025-09-14,216,Fees Collected for TERM_2 ON 14-09-2025
16919,TERM_3,6050,0,0,2024-08-19,216,Fees Collected for TERM_3 ON 19-08-2024
16919,TERM_4,6050,0,0,2025-07-28,216,Fees Collected for TERM_4 ON 28-07-2025
17148,TERM_1,6050,0,0,2025-12-18,21,Fees Collected for TERM_1 ON 18-12-2025
17148,TERM_2,6050,0,0,2024-07-02,21,Fees Collected for TERM_2 ON 02-07-2024
17148,TERM_3,6050,0,0,2024-12-07,21,Fees Collected for TERM_3 ON 07-12-2024
17148,TERM_4,6050,0,0,2025-03-15,21,Fees Collected for TERM_4 ON 15-03-2025
16969,TERM_1,6050,0,0,2025-03-20,60,Fees Collected for TERM_1 ON 20-03-2025
16969,TERM_2,6050,0,0,2025-07-08,60,Fees Collected for TERM_2 ON 08-07-2025
16969,TERM_3,6050,0,0,2025-09-20,60,Fees Collected for TERM_3 ON 20-09-2025
16969,TERM_4,0,6050,0,2025-02-27,60,Fees Collected for TERM_4 ON 27-02-2025
16968,TERM_1,6050,0,0,2024-09-14,224,Fees Collected for TERM_1 ON 14-09-2024
16968,TERM_2,6050,0,0,2025-11-20,224,Fees Collected for TERM_2 ON 20-11-2025
16968,TERM_3,6050,0,0,2025-12-17,224,Fees Collected for TERM_3 ON 17-12-2025
16968,TERM_4,6050,0,0,2025-02-25,224,Fees Collected for TERM_4 ON 25-02-2025
17005,TERM_1,6050,0,0,2025-03-16,90,Fees Collected for TERM_1 ON 16-03-2025
17005,TERM_2,6050,0,0,2024-07-19,90,Fees Collected for TERM_2 ON 19-07-2024
17005,TERM_3,6050,0,0,2025-07-26,90,Fees Collected for TERM_3 ON 26-07-2025
17005,TERM_4,6050,0,0,2024-09-20,90,Fees Collected for TERM_4 ON 20-09-2024
17126,TERM_1,6050,0,0,2024-11-20,11,Fees Collected for TERM_1 ON 20-11-2024
17126,TERM_2,6050,0,0,2025-06-18,11,Fees Collected for TERM_2 ON 18-06-2025
17126,TERM_3,6050,0,0,2025-07-23,11,Fees Collected for TERM_3 ON 23-07-2025
17126,TERM_4,0,6050,0,2024-07-04,11,Fees Collected for TERM_4 ON 04-07-2024
16916,TERM_1,6050,0,0,2025-05-22,44,Fees Collected for TERM_1 ON 22-05-2025
16916,TERM_2,6050,0,0,2025-10-02,44,Fees Collected for TERM_2 ON 02-10-2025
16916,TERM_3,6050,0,0,2025-11-15,44,Fees Collected for TERM_3 ON 15-11-2025
16916,TERM_4,6050,0,0,2025-07-23,44,Fees Collected for TERM_4 ON 23-07-2025
16966,TERM_1,6050,0,0,2025-03-10,234,Fees Collected for TERM_1 ON 10-03-2025
16966,TERM_2,6050,0,0,2025-09-28,234,Fees Collected for TERM_2 ON 28-09-2025
16966,TERM_3,6050,0,0,2025-09-30,234,Fees Collected for TERM_3 ON 30-09-2025
16966,TERM_4,6050,0,0,2024-08-26,234,Fees Collected for TERM_4 ON 26-08-2024
17047,TERM_1,6050,0,0,2024-12-01,72,Fees Collected for TERM_1 ON 01-12-2024
17047,TERM_2,6050,0,0,2025-05-28,72,Fees Collected for TERM_2 ON 28-05-2025
17047,TERM_3,6050,0,0,2025-10-25,72,Fees Collected for TERM_3 ON 25-10-2025
17047,TERM_4,6050,0,0,2025-06-18,72,Fees Collected for TERM_4 ON 18-06-2025
17154,TERM_1,6050,0,0,2025-10-02,23,Fees Collected for TERM_1 ON 02-10-2025
17154,TERM_2,6050,0,0,2024-09-09,23,Fees Collected for TERM_2 ON 09-09-2024
17154,TERM_3,6050,0,0,2024-06-18,23,Fees Collected for TERM_3 ON 18-06-2024
17154,TERM_4,6050,0,0,2024-10-28,23,Fees Collected for TERM_4 ON 28-10-2024
16929,TERM_1,6050,0,0,2025-02-18,210,Fees Collected for TERM_1 ON 18-02-2025
16929,TERM_2,6050,0,0,2025-12-07,210,Fees Collected for TERM_2 ON 07-12-2025
16929,TERM_3,6050,0,0,2024-09-27,210,Fees Collected for TERM_3 ON 27-09-2024
16929,TERM_4,6050,0,0,2025-05-10,210,Fees Collected for TERM_4 ON 10-05-2025
17002,TERM_1,6050,0,0,2024-09-24,62,Fees Collected for TERM_1 ON 24-09-2024
17002,TERM_2,6050,0,0,2025-08-27,62,Fees Collected for TERM_2 ON 27-08-2025
17002,TERM_3,6050,0,0,2024-07-09,62,Fees Collected for TERM_3 ON 09-07-2024
17002,TERM_4,0,0,0,2025-12-11,62,Fees Collected for TERM_4 ON 11-12-2025
16934,TERM_1,6050,0,0,2025-06-07,211,Fees Collected for TERM_1 ON 07-06-2025
16934,TERM_2,6050,0,0,2024-11-08,211,Fees Collected for TERM_2 ON 08-11-2024
16934,TERM_3,6050,0,0,2024-12-27,211,Fees Collected for TERM_3 ON 27-12-2024
16934,TERM_4,6050,0,0,2025-03-18,211,Fees Collected for TERM_4 ON 18-03-2025
16924,TERM_1,6050,0,0,2025-10-15,75,Fees Collected for TERM_1 ON 15-10-2025
16924,TERM_2,6050,0,0,2025-11-09,75,Fees Collected for TERM_2 ON 09-11-2025
16924,TERM_3,6050,0,0,2024-06-21,75,Fees Collected for TERM_3 ON 21-06-2024
16924,TERM_4,6050,0,0,2025-02-08,75,Fees Collected for TERM_4 ON 08-02-2025
16917,TERM_1,6050,0,0,2025-01-14,222,Fees Collected for TERM_1 ON 14-01-2025
16917,TERM_2,6050,0,0,2024-12-26,222,Fees Collected for TERM_2 ON 26-12-2024
16917,TERM_3,6050,0,0,2025-06-12,222,Fees Collected for TERM_3 ON 12-06-2025
16917,TERM_4,0,6050,0,2025-12-26,222,Fees Collected for TERM_4 ON 26-12-2025
16914,TERM_1,6050,0,0,2025-09-09,219,Fees Collected for TERM_1 ON 09-09-2025
16914,TERM_2,6050,0,0,2025-10-03,219,Fees Collected for TERM_2 ON 03-10-2025
16914,TERM_3,6050,0,0,2025-05-21,219,Fees Collected for TERM_3 ON 21-05-2025
16914,TERM_4,6050,0,0,2025-05-21,219,Fees Collected for TERM_4 ON 21-05-2025
16970,TERM_1,6050,0,0,2024-09-08,191,Fees Collected for TERM_1 ON 08-09-2024
16970,TERM_2,6050,0,0,2025-02-03,191,Fees Collected for TERM_2 ON 03-02-2025
16970,TERM_3,6050,0,0,2024-09-15,191,Fees Collected for TERM_3 ON 15-09-2024
16970,TERM_4,5550,500,0,2025-05-21,191,Fees Collected for TERM_4 ON 21-05-2025
16925,TERM_1,6050,0,0,2025-08-05,208,Fees Collected for TERM_1 ON 05-08-2025
16925,TERM_2,6050,0,0,2024-10-28,208,Fees Collected for TERM_2 ON 28-10-2024
16925,TERM_3,6050,0,0,2024-09-28,208,Fees Collected for TERM_3 ON 28-09-2024
16925,TERM_4,6050,0,0,2025-10-20,208,Fees Collected for TERM_4 ON 20-10-2025
17164,TERM_1,6050,0,0,2025-09-21,29,Fees Collected for TERM_1 ON 21-09-2025
17164,TERM_2,6050,0,0,2024-08-06,29,Fees Collected for TERM_2 ON 06-08-2024
17164,TERM_3,6050,0,0,2025-03-23,29,Fees Collected for TERM_3 ON 23-03-2025
17164,TERM_4,6050,0,0,2024-12-16,29,Fees Collected for TERM_4 ON 16-12-2024
16915,TERM_1,6050,0,0,2025-02-23,220,Fees Collected for TERM_1 ON 23-02-2025
16915,TERM_2,6050,0,0,2025-03-07,220,Fees Collected for TERM_2 ON 07-03-2025
16915,TERM_3,6050,0,0,2024-07-19,220,Fees Collected for TERM_3 ON 19-07-2024
16915,TERM_4,6050,0,0,2024-07-14,220,Fees Collected for TERM_4 ON 14-07-2024
16979,TERM_1,6050,0,0,2024-06-29,58,Fees Collected for TERM_1 ON 29-06-2024
16979,TERM_2,6050,0,0,2025-06-01,58,Fees Collected for TERM_2 ON 01-06-2025
16979,TERM_3,6050,0,0,2025-08-16,58,Fees Collected for TERM_3 ON 16-08-2025
16979,TERM_4,6050,0,0,2024-09-29,58,Fees Collected for TERM_4 ON 29-09-2024
16923,TERM_1,6050,0,0,2025-03-30,206,Fees Collected for TERM_1 ON 30-03-2025
16923,TERM_2,6050,0,0,2024-10-18,206,Fees Collected for TERM_2 ON 18-10-2024
16923,TERM_3,6050,0,0,2025-08-03,206,Fees Collected for TERM_3 ON 03-08-2025
16923,TERM_4,6050,0,0,2025-10-23,206,Fees Collected for TERM_4 ON 23-10-2025
16999,TERM_1,6050,0,0,2025-01-05,94,Fees Collected for TERM_1 ON 05-01-2025
16999,TERM_2,6050,0,0,2025-03-20,94,Fees Collected for TERM_2 ON 20-03-2025
16999,TERM_3,6050,0,0,2025-10-24,94,Fees Collected for TERM_3 ON 24-10-2025
16999,TERM_4,6050,0,0,2025-05-06,94,Fees Collected for TERM_4 ON 06-05-2025
17133,TERM_1,6050,0,0,2025-07-21,15,Fees Collected for TERM_1 ON 21-07-2025
17133,TERM_2,6050,0,0,2025-08-26,15,Fees Collected for TERM_2 ON 26-08-2025
17133,TERM_3,6050,0,0,2024-12-07,15,Fees Collected for TERM_3 ON 07-12-2024
17133,TERM_4,6050,0,0,2025-08-03,15,Fees Collected for TERM_4 ON 03-08-2025
17136,TERM_1,6050,0,0,2025-05-05,17,Fees Collected for TERM_1 ON 05-05-2025
17136,TERM_2,6050,0,0,2024-06-29,17,Fees Collected for TERM_2 ON 29-06-2024
17136,TERM_3,6050,0,0,2025-01-31,17,Fees Collected for TERM_3 ON 31-01-2025
17136,TERM_4,6050,0,0,2025-02-22,17,Fees Collected for TERM_4 ON 22-02-2025
17153,TERM_1,6050,0,0,2024-12-17,22,Fees Collected for TERM_1 ON 17-12-2024
17153,TERM_2,6050,0,0,2025-05-23,22,Fees Collected for TERM_2 ON 23-05-2025
17153,TERM_3,6050,0,0,2024-11-12,22,Fees Collected for TERM_3 ON 12-11-2024
17153,TERM_4,6050,0,0,2025-11-20,22,Fees Collected for TERM_4 ON 20-11-2025
16984,TERM_1,6050,0,0,2024-07-10,204,Fees Collected for TERM_1 ON 10-07-2024
16984,TERM_2,6050,0,0,2025-07-23,204,Fees Collected for TERM_2 ON 23-07-2025
16984,TERM_3,0,6050,0,2024-09-28,204,Fees Collected for TERM_3 ON 28-09-2024
16984,TERM_4,0,6050,0,2025-09-01,204,Fees Collected for TERM_4 ON 01-09-2025
16952,TERM_1,0,0,0,2025-08-24,0,Fees Collected for TERM_1 ON 24-08-2025
16952,TERM_2,0,0,0,2024-10-21,0,Fees Collected for TERM_2 ON 21-10-2024
16952,TERM_4,0,0,0,2024-10-20,0,Fees Collected for TERM_4 ON 20-10-2024
16986,TERM_1,6050,0,0,2025-12-16,57,Fees Collected for TERM_1 ON 16-12-2025
16986,TERM_2,6050,0,0,2024-11-19,57,Fees Collected for TERM_2 ON 19-11-2024
16986,TERM_3,6050,0,0,2024-12-30,57,Fees Collected for TERM_3 ON 30-12-2024
16986,TERM_4,6050,0,0,2025-06-12,57,Fees Collected for TERM_4 ON 12-06-2025
17118,TERM_1,6050,0,0,2025-10-29,8,Fees Collected for TERM_1 ON 29-10-2025
17118,TERM_2,6050,0,0,2025-01-04,8,Fees Collected for TERM_2 ON 04-01-2025
17118,TERM_3,6050,0,0,2025-01-29,8,Fees Collected for TERM_3 ON 29-01-2025
17118,TERM_4,6050,0,0,2025-03-28,8,Fees Collected for TERM_4 ON 28-03-2025
16998,TERM_1,6050,0,0,2025-05-18,230,Fees Collected for TERM_1 ON 18-05-2025
16998,TERM_2,6050,0,0,2024-10-23,230,Fees Collected for TERM_2 ON 23-10-2024
16998,TERM_3,6050,0,0,2024-10-17,230,Fees Collected for TERM_3 ON 17-10-2024
16998,TERM_4,6050,0,0,2025-06-10,230,Fees Collected for TERM_4 ON 10-06-2025
17083,TERM_1,6050,0,0,2024-12-18,137,Fees Collected for TERM_1 ON 18-12-2024
17083,TERM_2,6050,0,0,2024-10-28,137,Fees Collected for TERM_2 ON 28-10-2024
17083,TERM_3,6050,0,0,2024-10-17,137,Fees Collected for TERM_3 ON 17-10-2024
17083,TERM_4,6050,0,0,2025-04-24,137,Fees Collected for TERM_4 ON 24-04-2025
16942,TERM_1,6050,0,0,2025-02-14,226,Fees Collected for TERM_1 ON 14-02-2025
16942,TERM_2,6050,0,0,2025-05-27,226,Fees Collected for TERM_2 ON 27-05-2025
16942,TERM_3,6050,0,0,2025-11-05,226,Fees Collected for TERM_3 ON 05-11-2025
16942,TERM_4,6050,0,0,2024-07-07,226,Fees Collected for TERM_4 ON 07-07-2024
17114,TERM_1,6050,0,0,2025-07-17,6,Fees Collected for TERM_1 ON 17-07-2025
17114,TERM_2,6050,0,0,2025-06-30,6,Fees Collected for TERM_2 ON 30-06-2025
17114,TERM_3,6050,0,0,2025-04-29,6,Fees Collected for TERM_3 ON 29-04-2025
17114,TERM_4,6050,0,0,2025-04-06,6,Fees Collected for TERM_4 ON 06-04-2025
17048,TERM_1,6050,0,0,2025-06-17,73,Fees Collected for TERM_1 ON 17-06-2025
17048,TERM_2,6050,0,0,2025-04-26,73,Fees Collected for TERM_2 ON 26-04-2025
17048,TERM_3,6050,0,0,2025-02-25,73,Fees Collected for TERM_3 ON 25-02-2025
17048,TERM_4,6050,0,0,2025-03-08,73,Fees Collected for TERM_4 ON 08-03-2025
16463,TERM_1,6050,0,0,2025-03-24,12,Fees Collected for TERM_1 ON 24-03-2025
16463,TERM_2,6050,0,0,2024-10-23,12,Fees Collected for TERM_2 ON 23-10-2024
16463,TERM_3,6050,0,0,2024-06-27,12,Fees Collected for TERM_3 ON 27-06-2024
16463,TERM_4,6050,0,0,2025-05-30,12,Fees Collected for TERM_4 ON 30-05-2025
16963,TERM_1,6050,0,0,2025-12-16,229,Fees Collected for TERM_1 ON 16-12-2025
16963,TERM_2,6050,0,0,2024-11-09,229,Fees Collected for TERM_2 ON 09-11-2024
16963,TERM_3,6050,0,0,2024-07-07,229,Fees Collected for TERM_3 ON 07-07-2024
16963,TERM_4,6050,0,0,2025-11-29,229,Fees Collected for TERM_4 ON 29-11-2025
17022,TERM_1,6050,0,0,2025-07-11,67,Fees Collected for TERM_1 ON 11-07-2025
17022,TERM_2,6050,0,0,2025-05-27,67,Fees Collected for TERM_2 ON 27-05-2025
17022,TERM_3,6050,0,0,2024-11-30,67,Fees Collected for TERM_3 ON 30-11-2024
17022,TERM_4,6050,0,0,2024-06-12,67,Fees Collected for TERM_4 ON 12-06-2024
16939,TERM_1,6050,0,0,2025-09-15,225,Fees Collected for TERM_1 ON 15-09-2025
16939,TERM_2,6050,0,0,2025-03-25,225,Fees Collected for TERM_2 ON 25-03-2025
16939,TERM_3,6050,0,0,2024-11-06,225,Fees Collected for TERM_3 ON 06-11-2024
16939,TERM_4,6050,0,0,2024-11-23,225,Fees Collected for TERM_4 ON 23-11-2024
16962,TERM_1,6050,0,0,2025-11-11,79,Fees Collected for TERM_1 ON 11-11-2025
16962,TERM_2,6050,0,0,2024-09-02,79,Fees Collected for TERM_2 ON 02-09-2024
16962,TERM_3,6050,0,0,2025-05-12,79,Fees Collected for TERM_3 ON 12-05-2025
16962,TERM_4,6050,0,0,2024-11-17,79,Fees Collected for TERM_4 ON 17-11-2024
17000,TERM_1,6050,0,0,2025-03-13,212,Fees Collected for TERM_1 ON 13-03-2025
17000,TERM_2,6050,0,0,2024-09-04,212,Fees Collected for TERM_2 ON 04-09-2024
17000,TERM_3,0,6050,0,2025-07-15,212,Fees Collected for TERM_3 ON 15-07-2025
17000,TERM_4,0,6050,0,2025-05-11,212,Fees Collected for TERM_4 ON 11-05-2025
17075,TERM_1,6050,0,0,2024-11-15,149,Fees Collected for TERM_1 ON 15-11-2024
17075,TERM_2,6050,0,0,2024-08-23,149,Fees Collected for TERM_2 ON 23-08-2024
17075,TERM_3,6050,0,0,2025-04-15,149,Fees Collected for TERM_3 ON 15-04-2025
17075,TERM_4,6050,0,0,2024-06-24,149,Fees Collected for TERM_4 ON 24-06-2024
17001,TERM_1,6050,0,0,2025-08-05,151,Fees Collected for TERM_1 ON 05-08-2025
17001,TERM_2,6050,0,0,2024-06-29,151,Fees Collected for TERM_2 ON 29-06-2024
17001,TERM_3,6050,0,0,2025-05-07,151,Fees Collected for TERM_3 ON 07-05-2025
17001,TERM_4,6050,0,0,2024-07-24,151,Fees Collected for TERM_4 ON 24-07-2024
17073,TERM_1,6050,0,0,2024-10-21,84,Fees Collected for TERM_1 ON 21-10-2024
17073,TERM_2,6050,0,0,2025-06-19,84,Fees Collected for TERM_2 ON 19-06-2025
17073,TERM_3,6050,0,0,2025-08-22,84,Fees Collected for TERM_3 ON 22-08-2025
17073,TERM_4,6050,0,0,2025-07-04,84,Fees Collected for TERM_4 ON 04-07-2025
16997,TERM_1,6050,0,0,2024-08-13,14,Fees Collected for TERM_1 ON 13-08-2024
16997,TERM_2,6050,0,0,2025-09-23,14,Fees Collected for TERM_2 ON 23-09-2025
16997,TERM_3,6050,0,0,2025-01-14,14,Fees Collected for TERM_3 ON 14-01-2025
16997,TERM_4,6050,0,0,2024-08-20,14,Fees Collected for TERM_4 ON 20-08-2024
16961,TERM_1,6050,0,0,2024-07-06,227,Fees Collected for TERM_1 ON 06-07-2024
16961,TERM_2,6050,0,0,2025-04-24,227,Fees Collected for TERM_2 ON 24-04-2025
16961,TERM_3,6050,0,0,2024-06-22,227,Fees Collected for TERM_3 ON 22-06-2024
16961,TERM_4,6050,0,0,2025-11-26,227,Fees Collected for TERM_4 ON 26-11-2025
17036,TERM_1,6050,0,0,2025-07-05,69,Fees Collected for TERM_1 ON 05-07-2025
17036,TERM_2,6050,0,0,2025-09-30,69,Fees Collected for TERM_2 ON 30-09-2025
17036,TERM_3,6050,0,0,2025-11-02,69,Fees Collected for TERM_3 ON 02-11-2025
17036,TERM_4,6050,0,0,2025-01-07,69,Fees Collected for TERM_4 ON 07-01-2025
17099,TERM_1,6050,0,0,2025-07-10,92,Fees Collected for TERM_1 ON 10-07-2025
17099,TERM_2,6050,0,0,2025-03-13,92,Fees Collected for TERM_2 ON 13-03-2025
17099,TERM_3,6050,0,0,2025-01-26,92,Fees Collected for TERM_3 ON 26-01-2025
17099,TERM_4,6050,0,0,2024-12-25,92,Fees Collected for TERM_4 ON 25-12-2024
17105,TERM_1,6050,0,0,2025-03-06,96,Fees Collected for TERM_1 ON 06-03-2025
17105,TERM_2,6050,0,0,2025-08-05,96,Fees Collected for TERM_2 ON 05-08-2025
17105,TERM_3,6050,0,0,2024-09-01,96,Fees Collected for TERM_3 ON 01-09-2024
17105,TERM_4,6050,0,0,2024-07-16,96,Fees Collected for TERM_4 ON 16-07-2024
16926,TERM_1,6050,0,0,2025-01-28,209,Fees Collected for TERM_1 ON 28-01-2025
16926,TERM_2,6050,0,0,2025-02-26,209,Fees Collected for TERM_2 ON 26-02-2025
16926,TERM_3,0,6050,0,2025-02-23,209,Fees Collected for TERM_3 ON 23-02-2025
16926,TERM_4,0,6050,0,2025-08-06,209,Fees Collected for TERM_4 ON 06-08-2025
17080,TERM_1,6050,0,0,2024-12-30,130,Fees Collected for TERM_1 ON 30-12-2024
17080,TERM_2,6050,0,0,2025-08-08,130,Fees Collected for TERM_2 ON 08-08-2025
17080,TERM_3,6050,0,0,2025-11-14,130,Fees Collected for TERM_3 ON 14-11-2025
17080,TERM_4,6050,0,0,2024-08-20,130,Fees Collected for TERM_4 ON 20-08-2024
17003,TERM_1,6050,0,0,2025-12-26,70,Fees Collected for TERM_1 ON 26-12-2025
17003,TERM_2,6050,0,0,2024-12-05,70,Fees Collected for TERM_2 ON 05-12-2024
17003,TERM_3,6050,0,0,2025-08-10,70,Fees Collected for TERM_3 ON 10-08-2025
17003,TERM_4,6050,0,0,2025-11-22,70,Fees Collected for TERM_4 ON 22-11-2025
16951,TERM_1,6050,0,0,2024-11-30,154,Fees Collected for TERM_1 ON 30-11-2024
16951,TERM_2,6050,0,0,2025-09-02,154,Fees Collected for TERM_2 ON 02-09-2025
16951,TERM_3,6050,0,0,2024-08-24,154,Fees Collected for TERM_3 ON 24-08-2024
16951,TERM_4,6050,0,0,2025-06-07,154,Fees Collected for TERM_4 ON 07-06-2025
16994,TERM_1,6050,0,0,2025-09-06,150,Fees Collected for TERM_1 ON 06-09-2025
16994,TERM_2,6050,0,0,2025-09-13,150,Fees Collected for TERM_2 ON 13-09-2025
16994,TERM_3,6050,0,0,2025-02-08,150,Fees Collected for TERM_3 ON 08-02-2025
16994,TERM_4,6050,0,0,2025-02-17,150,Fees Collected for TERM_4 ON 17-02-2025
17049,TERM_1,6050,0,0,2025-02-16,74,Fees Collected for TERM_1 ON 16-02-2025
17049,TERM_2,6050,0,0,2025-05-16,74,Fees Collected for TERM_2 ON 16-05-2025
17049,TERM_3,6050,0,0,2024-07-01,74,Fees Collected for TERM_3 ON 01-07-2024
17049,TERM_4,6050,0,0,2025-06-21,74,Fees Collected for TERM_4 ON 21-06-2025
17106,TERM_1,6050,0,0,2025-11-14,97,Fees Collected for TERM_1 ON 14-11-2025
17106,TERM_2,6050,0,0,2025-03-05,97,Fees Collected for TERM_2 ON 05-03-2025
17106,TERM_3,6050,0,0,2025-10-13,97,Fees Collected for TERM_3 ON 13-10-2025
17106,TERM_4,6050,0,0,2025-02-02,97,Fees Collected for TERM_4 ON 02-02-2025
16985,TERM_1,6050,0,0,2024-06-14,156,Fees Collected for TERM_1 ON 14-06-2024
16985,TERM_2,6050,0,0,2025-08-25,156,Fees Collected for TERM_2 ON 25-08-2025
16985,TERM_3,6050,0,0,2024-07-24,156,Fees Collected for TERM_3 ON 24-07-2024
16985,TERM_4,5550,500,0,2025-04-30,156,Fees Collected for TERM_4 ON 30-04-2025
16977,TERM_1,6050,0,0,2025-11-20,59,Fees Collected for TERM_1 ON 20-11-2025
16977,TERM_2,6050,0,0,2024-11-14,59,Fees Collected for TERM_2 ON 14-11-2024
16977,TERM_3,6050,0,0,2024-12-08,59,Fees Collected for TERM_3 ON 08-12-2024
16977,TERM_4,6050,0,0,2024-07-03,59,Fees Collected for TERM_4 ON 03-07-2024
16958,TERM_1,6050,0,0,2025-01-09,155,Fees Collected for TERM_1 ON 09-01-2025
16958,TERM_2,6050,0,0,2024-12-17,155,Fees Collected for TERM_2 ON 17-12-2024
16958,TERM_3,6050,0,0,2025-12-27,155,Fees Collected for TERM_3 ON 27-12-2025
16958,TERM_4,6050,0,0,2025-01-10,155,Fees Collected for TERM_4 ON 10-01-2025
17004,TERM_1,6050,0,0,2025-01-06,55,Fees Collected for TERM_1 ON 06-01-2025
17004,TERM_2,6050,0,0,2025-10-08,55,Fees Collected for TERM_2 ON 08-10-2025
17004,TERM_3,6050,0,0,2024-11-22,55,Fees Collected for TERM_3 ON 22-11-2024
17004,TERM_4,6050,0,0,2025-11-23,55,Fees Collected for TERM_4 ON 23-11-2025
16940,TERM_1,6050,0,0,2025-07-06,152,Fees Collected for TERM_1 ON 06-07-2025
16940,TERM_2,6050,0,0,2024-09-24,152,Fees Collected for TERM_2 ON 24-09-2024
16940,TERM_3,6050,0,0,2024-12-08,152,Fees Collected for TERM_3 ON 08-12-2024
16940,TERM_4,6050,0,0,2025-07-27,152,Fees Collected for TERM_4 ON 27-07-2025
16943,TERM_1,6050,0,0,2025-06-04,153,Fees Collected for TERM_1 ON 04-06-2025
16943,TERM_2,6050,0,0,2025-10-13,153,Fees Collected for TERM_2 ON 13-10-2025
16943,TERM_3,6050,0,0,2025-11-08,153,Fees Collected for TERM_3 ON 08-11-2025
16943,TERM_4,6050,0,0,2025-03-16,153,Fees Collected for TERM_4 ON 16-03-2025
16996,TERM_1,6050,0,0,2025-08-04,104,Fees Collected for TERM_1 ON 04-08-2025
16996,TERM_2,6050,0,0,2025-05-31,104,Fees Collected for TERM_2 ON 31-05-2025
16996,TERM_3,6050,0,0,2025-02-02,104,Fees Collected for TERM_3 ON 02-02-2025
16996,TERM_4,6050,0,0,2025-03-24,104,Fees Collected for TERM_4 ON 24-03-2025
16663,TERM_1,6050,0,0,2024-08-24,159,Fees Collected for TERM_1 ON 24-08-2024
16663,TERM_2,6050,0,0,2025-04-04,159,Fees Collected for TERM_2 ON 04-04-2025
16663,TERM_3,6050,0,0,2025-06-19,159,Fees Collected for TERM_3 ON 19-06-2025
16663,TERM_4,6050,0,0,2024-06-22,159,Fees Collected for TERM_4 ON 22-06-2024
16775,TERM_1,6050,0,0,2024-08-25,160,Fees Collected for TERM_1 ON 25-08-2024
16775,TERM_2,6050,0,0,2025-09-08,160,Fees Collected for TERM_2 ON 08-09-2025
16775,TERM_3,6050,0,0,2025-09-20,160,Fees Collected for TERM_3 ON 20-09-2025
16775,TERM_4,6050,0,0,2024-10-13,160,Fees Collected for TERM_4 ON 13-10-2024
16637,TERM_1,6050,0,0,2025-08-06,161,Fees Collected for TERM_1 ON 06-08-2025
16637,TERM_2,6050,0,0,2025-06-07,161,Fees Collected for TERM_2 ON 07-06-2025
16637,TERM_3,6050,0,0,2024-08-20,161,Fees Collected for TERM_3 ON 20-08-2024
16637,TERM_4,0,6050,0,2024-10-25,161,Fees Collected for TERM_4 ON 25-10-2024
16721,TERM_1,6050,0,0,2025-11-07,162,Fees Collected for TERM_1 ON 07-11-2025
16721,TERM_2,6050,0,0,2025-06-01,162,Fees Collected for TERM_2 ON 01-06-2025
16721,TERM_3,6050,0,0,2025-02-11,162,Fees Collected for TERM_3 ON 11-02-2025
16721,TERM_4,6050,0,0,2025-06-09,162,Fees Collected for TERM_4 ON 09-06-2025
16982,TERM_1,6050,0,0,2024-06-22,190,Fees Collected for TERM_1 ON 22-06-2024
16982,TERM_2,6050,0,0,2025-04-21,190,Fees Collected for TERM_2 ON 21-04-2025
16982,TERM_3,6050,0,0,2025-07-06,190,Fees Collected for TERM_3 ON 06-07-2025
16982,TERM_4,6050,0,0,2025-04-01,190,Fees Collected for TERM_4 ON 01-04-2025
16646,TERM_1,6050,0,0,2024-09-17,163,Fees Collected for TERM_1 ON 17-09-2024
16646,TERM_2,6050,0,0,2025-07-24,163,Fees Collected for TERM_2 ON 24-07-2025
16646,TERM_3,6050,0,0,2025-07-20,163,Fees Collected for TERM_3 ON 20-07-2025
16646,TERM_4,6050,0,0,2025-01-16,163,Fees Collected for TERM_4 ON 16-01-2025
16750,TERM_1,6050,0,0,2025-05-13,164,Fees Collected for TERM_1 ON 13-05-2025
16750,TERM_2,6050,0,0,2025-09-24,164,Fees Collected for TERM_2 ON 24-09-2025
16750,TERM_3,6050,0,0,2024-12-27,164,Fees Collected for TERM_3 ON 27-12-2024
16750,TERM_4,6050,0,0,2025-08-08,164,Fees Collected for TERM_4 ON 08-08-2025
16678,TERM_1,6050,0,0,2024-12-17,165,Fees Collected for TERM_1 ON 17-12-2024
16678,TERM_2,6050,0,0,2024-12-02,165,Fees Collected for TERM_2 ON 02-12-2024
16678,TERM_3,6050,0,0,2024-10-03,165,Fees Collected for TERM_3 ON 03-10-2024
16678,TERM_4,6050,0,0,2024-12-26,165,Fees Collected for TERM_4 ON 26-12-2024
16959,TERM_1,6050,0,0,2025-09-12,189,Fees Collected for TERM_1 ON 12-09-2025
16959,TERM_2,6050,0,0,2025-05-23,189,Fees Collected for TERM_2 ON 23-05-2025
16959,TERM_3,6050,0,0,2024-06-18,189,Fees Collected for TERM_3 ON 18-06-2024
16959,TERM_4,6050,0,0,2025-11-01,189,Fees Collected for TERM_4 ON 01-11-2025
16669,TERM_1,6050,0,0,2024-07-16,166,Fees Collected for TERM_1 ON 16-07-2024
16669,TERM_2,6050,0,0,2024-08-29,166,Fees Collected for TERM_2 ON 29-08-2024
16669,TERM_3,6050,0,0,2025-08-27,166,Fees Collected for TERM_3 ON 27-08-2025
16669,TERM_4,6050,0,0,2024-10-10,166,Fees Collected for TERM_4 ON 10-10-2024
16662,TERM_1,6050,0,0,2025-04-02,167,Fees Collected for TERM_1 ON 02-04-2025
16662,TERM_2,6050,0,0,2025-12-13,167,Fees Collected for TERM_2 ON 13-12-2025
16662,TERM_3,6050,0,0,2025-12-03,167,Fees Collected for TERM_3 ON 03-12-2025
16662,TERM_4,6050,0,0,2025-05-13,167,Fees Collected for TERM_4 ON 13-05-2025
16655,TERM_1,6050,0,0,2024-07-17,168,Fees Collected for TERM_1 ON 17-07-2024
16655,TERM_2,6050,0,0,2025-10-23,168,Fees Collected for TERM_2 ON 23-10-2025
16655,TERM_3,6050,0,0,2025-05-14,168,Fees Collected for TERM_3 ON 14-05-2025
16655,TERM_4,6050,0,0,2025-03-04,168,Fees Collected for TERM_4 ON 04-03-2025
16670,TERM_1,6050,0,0,2025-03-17,169,Fees Collected for TERM_1 ON 17-03-2025
16670,TERM_2,6050,0,0,2025-07-29,169,Fees Collected for TERM_2 ON 29-07-2025
16670,TERM_3,6050,0,0,2025-02-02,169,Fees Collected for TERM_3 ON 02-02-2025
16670,TERM_4,6050,0,0,2024-10-30,169,Fees Collected for TERM_4 ON 30-10-2024
16689,TERM_1,6050,0,0,2024-10-28,170,Fees Collected for TERM_1 ON 28-10-2024
16689,TERM_2,6050,0,0,2025-04-16,170,Fees Collected for TERM_2 ON 16-04-2025
16689,TERM_3,6050,0,0,2025-04-12,170,Fees Collected for TERM_3 ON 12-04-2025
16689,TERM_4,6050,0,0,2025-06-02,170,Fees Collected for TERM_4 ON 02-06-2025
16930,TERM_1,6050,0,0,2025-12-18,188,Fees Collected for TERM_1 ON 18-12-2025
16930,TERM_2,6050,0,0,2025-03-07,188,Fees Collected for TERM_2 ON 07-03-2025
16930,TERM_3,6050,0,0,2025-01-08,188,Fees Collected for TERM_3 ON 08-01-2025
16930,TERM_4,6050,0,0,2025-05-08,188,Fees Collected for TERM_4 ON 08-05-2025
16910,TERM_1,6050,0,0,2025-11-16,171,Fees Collected for TERM_1 ON 16-11-2025
16910,TERM_2,6050,0,0,2025-10-12,171,Fees Collected for TERM_2 ON 12-10-2025
16910,TERM_3,6050,0,0,2025-07-11,171,Fees Collected for TERM_3 ON 11-07-2025
16910,TERM_4,6050,0,0,2025-05-03,171,Fees Collected for TERM_4 ON 03-05-2025
16639,TERM_1,6050,0,0,2024-12-17,172,Fees Collected for TERM_1 ON 17-12-2024
16639,TERM_2,6050,0,0,2025-09-24,172,Fees Collected for TERM_2 ON 24-09-2025
16639,TERM_3,6050,0,0,2025-12-16,172,Fees Collected for TERM_3 ON 16-12-2025
16639,TERM_4,6050,0,0,2025-05-29,172,Fees Collected for TERM_4 ON 29-05-2025
16751,TERM_1,6050,0,0,2024-08-04,173,Fees Collected for TERM_1 ON 04-08-2024
16751,TERM_2,6050,0,0,2025-08-06,173,Fees Collected for TERM_2 ON 06-08-2025
16751,TERM_3,6050,0,0,2024-10-23,173,Fees Collected for TERM_3 ON 23-10-2024
16751,TERM_4,6050,0,0,2024-10-29,173,Fees Collected for TERM_4 ON 29-10-2024
16649,TERM_1,6050,0,0,2025-07-15,54,Fees Collected for TERM_1 ON 15-07-2025
16649,TERM_2,6050,0,0,2024-09-30,54,Fees Collected for TERM_2 ON 30-09-2024
16649,TERM_3,6050,0,0,2024-12-28,54,Fees Collected for TERM_3 ON 28-12-2024
16649,TERM_4,6050,0,0,2025-02-01,54,Fees Collected for TERM_4 ON 01-02-2025
17109,TERM_1,6050,0,0,2025-11-18,4,Fees Collected for TERM_1 ON 18-11-2025
17109,TERM_2,6050,0,0,2024-09-21,4,Fees Collected for TERM_2 ON 21-09-2024
17109,TERM_3,6050,0,0,2025-03-23,4,Fees Collected for TERM_3 ON 23-03-2025
17109,TERM_4,6050,0,0,2024-08-02,4,Fees Collected for TERM_4 ON 02-08-2024
16711,TERM_1,6050,0,0,2024-11-09,176,Fees Collected for TERM_1 ON 09-11-2024
16711,TERM_2,6050,0,0,2025-02-25,176,Fees Collected for TERM_2 ON 25-02-2025
16711,TERM_3,6050,0,0,2025-04-06,176,Fees Collected for TERM_3 ON 06-04-2025
16711,TERM_4,6050,0,0,2024-09-02,176,Fees Collected for TERM_4 ON 02-09-2024
16903,TERM_1,6050,0,0,2024-07-20,177,Fees Collected for TERM_1 ON 20-07-2024
16903,TERM_2,6050,0,0,2024-10-11,177,Fees Collected for TERM_2 ON 11-10-2024
16903,TERM_3,6050,0,0,2025-02-04,177,Fees Collected for TERM_3 ON 04-02-2025
16903,TERM_4,0,0,0,2025-12-19,177,Fees Collected for TERM_4 ON 19-12-2025
16767,TERM_1,6050,0,0,2025-02-15,178,Fees Collected for TERM_1 ON 15-02-2025
16767,TERM_2,6050,0,0,2025-03-02,178,Fees Collected for TERM_2 ON 02-03-2025
16767,TERM_3,6050,0,0,2025-09-25,178,Fees Collected for TERM_3 ON 25-09-2025
16767,TERM_4,6050,0,0,2024-12-30,178,Fees Collected for TERM_4 ON 30-12-2024
17074,TERM_1,6050,0,0,2024-12-10,144,Fees Collected for TERM_1 ON 10-12-2024
17074,TERM_2,6050,0,0,2025-11-04,144,Fees Collected for TERM_2 ON 04-11-2025
17074,TERM_3,6050,0,0,2025-02-01,144,Fees Collected for TERM_3 ON 01-02-2025
17074,TERM_4,6050,0,0,2025-04-24,144,Fees Collected for TERM_4 ON 24-04-2025
16715,TERM_1,6050,0,0,2024-08-06,179,Fees Collected for TERM_1 ON 06-08-2024
16715,TERM_2,6050,0,0,2024-10-19,179,Fees Collected for TERM_2 ON 19-10-2024
16715,TERM_3,6050,0,0,2024-06-30,179,Fees Collected for TERM_3 ON 30-06-2024
16715,TERM_4,6050,0,0,2025-01-30,179,Fees Collected for TERM_4 ON 30-01-2025
16638,TERM_1,6050,0,0,2025-09-22,180,Fees Collected for TERM_1 ON 22-09-2025
16638,TERM_2,6050,0,0,2024-12-16,180,Fees Collected for TERM_2 ON 16-12-2024
16638,TERM_3,6050,0,0,2025-02-27,180,Fees Collected for TERM_3 ON 27-02-2025
16638,TERM_4,6050,0,0,2024-08-19,180,Fees Collected for TERM_4 ON 19-08-2024
16931,TERM_1,6050,0,0,2025-07-31,187,Fees Collected for TERM_1 ON 31-07-2025
16931,TERM_2,6050,0,0,2024-08-13,187,Fees Collected for TERM_2 ON 13-08-2024
16931,TERM_3,6050,0,0,2025-11-20,187,Fees Collected for TERM_3 ON 20-11-2025
16931,TERM_4,6050,0,0,2025-03-12,187,Fees Collected for TERM_4 ON 12-03-2025
16653,TERM_1,6050,0,0,2025-10-14,181,Fees Collected for TERM_1 ON 14-10-2025
16653,TERM_2,6050,0,0,2024-08-06,181,Fees Collected for TERM_2 ON 06-08-2024
16653,TERM_3,6050,0,0,2025-12-11,181,Fees Collected for TERM_3 ON 11-12-2025
16653,TERM_4,6050,0,0,2025-05-16,181,Fees Collected for TERM_4 ON 16-05-2025
16856,TERM_1,6050,0,0,2024-06-24,182,Fees Collected for TERM_1 ON 24-06-2024
16856,TERM_2,6050,0,0,2025-04-05,182,Fees Collected for TERM_2 ON 05-04-2025
16856,TERM_3,6050,0,0,2024-12-24,182,Fees Collected for TERM_3 ON 24-12-2024
16856,TERM_4,6050,0,0,2025-06-19,182,Fees Collected for TERM_4 ON 19-06-2025
16677,TERM_1,6050,0,0,2025-08-30,183,Fees Collected for TERM_1 ON 30-08-2025
16677,TERM_2,6050,0,0,2025-11-17,183,Fees Collected for TERM_2 ON 17-11-2025
16677,TERM_3,6050,0,0,2025-05-23,183,Fees Collected for TERM_3 ON 23-05-2025
16677,TERM_4,6050,0,0,2024-10-29,183,Fees Collected for TERM_4 ON 29-10-2024
16981,TERM_1,6050,0,0,2024-12-05,186,Fees Collected for TERM_1 ON 05-12-2024
16981,TERM_2,6050,0,0,2025-11-05,186,Fees Collected for TERM_2 ON 05-11-2025
16981,TERM_3,6050,0,0,2025-05-03,186,Fees Collected for TERM_3 ON 03-05-2025
16981,TERM_4,6050,0,0,2025-11-23,186,Fees Collected for TERM_4 ON 23-11-2025
16691,TERM_1,6050,0,0,2025-09-07,184,Fees Collected for TERM_1 ON 07-09-2025
16691,TERM_2,6050,0,0,2024-10-13,184,Fees Collected for TERM_2 ON 13-10-2024
16691,TERM_3,6050,0,0,2024-12-12,184,Fees Collected for TERM_3 ON 12-12-2024
16691,TERM_4,6050,0,0,2025-12-18,184,Fees Collected for TERM_4 ON 18-12-2025
16794,TERM_1,6050,0,0,2025-12-03,185,Fees Collected for TERM_1 ON 03-12-2025
16794,TERM_2,6050,0,0,2025-10-27,185,Fees Collected for TERM_2 ON 27-10-2025
16794,TERM_3,6050,0,0,2025-09-27,185,Fees Collected for TERM_3 ON 27-09-2025
16794,TERM_4,6050,0,0,2024-10-27,185,Fees Collected for TERM_4 ON 27-10-2024
17089,TERM_1,6050,0,0,2025-05-16,87,Fees Collected for TERM_1 ON 16-05-2025
17089,TERM_2,6050,0,0,2025-07-19,87,Fees Collected for TERM_2 ON 19-07-2025
17089,TERM_3,6050,0,0,2024-07-12,87,Fees Collected for TERM_3 ON 12-07-2024
17089,TERM_4,6050,0,0,2025-05-31,87,Fees Collected for TERM_4 ON 31-05-2025
16869,TERM_1,6050,0,0,2025-03-25,192,Fees Collected for TERM_1 ON 25-03-2025
16869,TERM_2,6050,0,0,2024-07-13,192,Fees Collected for TERM_2 ON 13-07-2024
16869,TERM_3,6050,0,0,2024-11-04,192,Fees Collected for TERM_3 ON 04-11-2024
16869,TERM_4,6050,0,0,2025-07-21,192,Fees Collected for TERM_4 ON 21-07-2025
16786,TERM_1,6050,0,0,2025-12-23,24,Fees Collected for TERM_1 ON 23-12-2025
16786,TERM_2,6050,0,0,2025-06-13,24,Fees Collected for TERM_2 ON 13-06-2025
16786,TERM_3,6050,0,0,2024-06-13,24,Fees Collected for TERM_3 ON 13-06-2024
16786,TERM_4,6050,0,0,2025-01-26,24,Fees Collected for TERM_4 ON 26-01-2025
16821,TERM_1,6050,0,0,2024-09-30,9,Fees Collected for TERM_1 ON 30-09-2024
16821,TERM_2,6050,0,0,2025-06-12,9,Fees Collected for TERM_2 ON 12-06-2025
16821,TERM_3,6050,0,0,2025-01-21,9,Fees Collected for TERM_3 ON 21-01-2025
16821,TERM_4,0,0,0,2025-10-22,9,Fees Collected for TERM_4 ON 22-10-2025
16675,TERM_1,6050,0,0,2024-08-08,19,Fees Collected for TERM_1 ON 08-08-2024
16675,TERM_2,6050,0,0,2024-06-23,19,Fees Collected for TERM_2 ON 23-06-2024
16675,TERM_3,6050,0,0,2025-02-21,19,Fees Collected for TERM_3 ON 21-02-2025
16675,TERM_4,6050,0,0,2025-03-10,19,Fees Collected for TERM_4 ON 10-03-2025
17016,TERM_1,6050,0,0,2024-10-28,64,Fees Collected for TERM_1 ON 28-10-2024
17016,TERM_2,6050,0,0,2024-08-02,64,Fees Collected for TERM_2 ON 02-08-2024
17016,TERM_3,6050,0,0,2025-01-31,64,Fees Collected for TERM_3 ON 31-01-2025
17016,TERM_4,6050,0,0,2025-03-25,64,Fees Collected for TERM_4 ON 25-03-2025
16703,TERM_1,6050,0,0,2025-08-17,195,Fees Collected for TERM_1 ON 17-08-2025
16703,TERM_2,6050,0,0,2025-09-19,195,Fees Collected for TERM_2 ON 19-09-2025
16703,TERM_3,6050,0,0,2025-01-15,195,Fees Collected for TERM_3 ON 15-01-2025
16703,TERM_4,6050,0,0,2025-01-22,195,Fees Collected for TERM_4 ON 22-01-2025
16699,TERM_1,6050,0,0,2025-10-20,542,Fees Collected for TERM_1 ON 20-10-2025
16699,TERM_2,6050,0,0,2024-11-06,542,Fees Collected for TERM_2 ON 06-11-2024
16699,TERM_3,6050,0,0,2024-12-10,542,Fees Collected for TERM_3 ON 10-12-2024
16699,TERM_4,6050,0,0,2024-09-30,542,Fees Collected for TERM_4 ON 30-09-2024
16687,TERM_1,6050,0,0,2024-09-20,197,Fees Collected for TERM_1 ON 20-09-2024
16687,TERM_2,6050,0,0,2025-02-06,197,Fees Collected for TERM_2 ON 06-02-2025
16687,TERM_3,6050,0,0,2025-03-30,197,Fees Collected for TERM_3 ON 30-03-2025
16687,TERM_4,6050,0,0,2025-06-22,197,Fees Collected for TERM_4 ON 22-06-2025
16790,TERM_1,6050,0,0,2024-08-21,198,Fees Collected for TERM_1 ON 21-08-2024
16790,TERM_2,6050,0,0,2025-08-30,198,Fees Collected for TERM_2 ON 30-08-2025
16790,TERM_3,6050,0,0,2025-11-30,198,Fees Collected for TERM_3 ON 30-11-2025
16790,TERM_4,6050,0,0,2024-07-15,198,Fees Collected for TERM_4 ON 15-07-2024
16804,TERM_1,6050,0,0,2025-11-30,199,Fees Collected for TERM_1 ON 30-11-2025
16804,TERM_2,6050,0,0,2025-02-12,199,Fees Collected for TERM_2 ON 12-02-2025
16804,TERM_3,6050,0,0,2025-02-25,199,Fees Collected for TERM_3 ON 25-02-2025
16804,TERM_4,6050,0,0,2025-11-05,199,Fees Collected for TERM_4 ON 05-11-2025
16949,TERM_1,6050,0,0,2025-08-20,119,Fees Collected for TERM_1 ON 20-08-2025
16949,TERM_2,6050,0,0,2025-10-31,119,Fees Collected for TERM_2 ON 31-10-2025
16949,TERM_3,6050,0,0,2025-05-07,119,Fees Collected for TERM_3 ON 07-05-2025
16949,TERM_4,6050,0,0,2024-06-24,119,Fees Collected for TERM_4 ON 24-06-2024
16831,TERM_1,6050,0,0,2024-08-01,200,Fees Collected for TERM_1 ON 01-08-2024
16831,TERM_2,6050,0,0,2025-07-07,200,Fees Collected for TERM_2 ON 07-07-2025
16831,TERM_3,6050,0,0,2024-07-22,200,Fees Collected for TERM_3 ON 22-07-2024
16831,TERM_4,6050,0,0,2024-11-11,200,Fees Collected for TERM_4 ON 11-11-2024
16947,TERM_1,6050,0,0,2024-07-03,118,Fees Collected for TERM_1 ON 03-07-2024
16947,TERM_2,6050,0,0,2025-04-04,118,Fees Collected for TERM_2 ON 04-04-2025
16947,TERM_3,6050,0,0,2025-01-09,118,Fees Collected for TERM_3 ON 09-01-2025
16947,TERM_4,6050,0,0,2025-05-02,118,Fees Collected for TERM_4 ON 02-05-2025
16701,TERM_1,6050,0,0,2025-05-18,101,Fees Collected for TERM_1 ON 18-05-2025
16701,TERM_2,6050,0,0,2024-11-07,101,Fees Collected for TERM_2 ON 07-11-2024
16701,TERM_3,6050,0,0,2024-12-09,101,Fees Collected for TERM_3 ON 09-12-2024
16701,TERM_4,6050,0,0,2024-07-03,101,Fees Collected for TERM_4 ON 03-07-2024
16656,TERM_1,6050,0,0,2025-10-13,102,Fees Collected for TERM_1 ON 13-10-2025
16656,TERM_2,6050,0,0,2025-07-27,102,Fees Collected for TERM_2 ON 27-07-2025
16656,TERM_3,6050,0,0,2025-12-15,102,Fees Collected for TERM_3 ON 15-12-2025
16656,TERM_4,6050,0,0,2024-07-01,102,Fees Collected for TERM_4 ON 01-07-2024
16866,TERM_1,6050,0,0,2025-07-22,25,Fees Collected for TERM_1 ON 22-07-2025
16866,TERM_2,6050,0,0,2025-05-05,25,Fees Collected for TERM_2 ON 05-05-2025
16866,TERM_3,6050,0,0,2024-08-11,25,Fees Collected for TERM_3 ON 11-08-2024
16866,TERM_4,6050,0,0,2025-06-01,25,Fees Collected for TERM_4 ON 01-06-2025
16967,TERM_1,6050,0,0,2025-10-13,120,Fees Collected for TERM_1 ON 13-10-2025
16967,TERM_2,6050,0,0,2025-06-03,120,Fees Collected for TERM_2 ON 03-06-2025
16967,TERM_3,6050,0,0,2024-07-21,120,Fees Collected for TERM_3 ON 21-07-2024
16967,TERM_4,5550,500,0,2025-06-16,120,Fees Collected for TERM_4 ON 16-06-2025
16771,TERM_1,6050,0,0,2025-11-12,77,Fees Collected for TERM_1 ON 12-11-2025
16771,TERM_2,6050,0,0,2024-07-27,77,Fees Collected for TERM_2 ON 27-07-2024
16771,TERM_3,6050,0,0,2025-11-20,77,Fees Collected for TERM_3 ON 20-11-2025
16771,TERM_4,6050,0,0,2025-02-16,77,Fees Collected for TERM_4 ON 16-02-2025
16673,TERM_1,6050,0,0,2024-12-02,105,Fees Collected for TERM_1 ON 02-12-2024
16673,TERM_2,6050,0,0,2025-02-11,105,Fees Collected for TERM_2 ON 11-02-2025
16673,TERM_3,6050,0,0,2025-06-03,105,Fees Collected for TERM_3 ON 03-06-2025
16673,TERM_4,6050,0,0,2024-08-19,105,Fees Collected for TERM_4 ON 19-08-2024
16681,TERM_1,6050,0,0,2024-11-17,61,Fees Collected for TERM_1 ON 17-11-2024
16681,TERM_2,6050,0,0,2025-12-26,61,Fees Collected for TERM_2 ON 26-12-2025
16681,TERM_3,6050,0,0,2025-01-04,61,Fees Collected for TERM_3 ON 04-01-2025
16681,TERM_4,6050,0,0,2024-10-15,61,Fees Collected for TERM_4 ON 15-10-2024
16779,TERM_1,6050,0,0,2025-08-06,107,Fees Collected for TERM_1 ON 06-08-2025
16779,TERM_2,6050,0,0,2024-09-30,107,Fees Collected for TERM_2 ON 30-09-2024
16779,TERM_3,6050,0,0,2024-09-30,107,Fees Collected for TERM_3 ON 30-09-2024
16779,TERM_4,5550,500,0,2024-11-09,107,Fees Collected for TERM_4 ON 09-11-2024
16667,TERM_1,6050,0,0,2025-09-29,99,Fees Collected for TERM_1 ON 29-09-2025
16667,TERM_2,6050,0,0,2024-09-13,99,Fees Collected for TERM_2 ON 13-09-2024
16667,TERM_3,6050,0,0,2025-06-08,99,Fees Collected for TERM_3 ON 08-06-2025
16667,TERM_4,6050,0,0,2025-10-24,99,Fees Collected for TERM_4 ON 24-10-2025
16705,TERM_1,6050,0,0,2024-08-15,148,Fees Collected for TERM_1 ON 15-08-2024
16705,TERM_2,6050,0,0,2025-02-21,148,Fees Collected for TERM_2 ON 21-02-2025
16705,TERM_3,6050,0,0,2025-02-05,148,Fees Collected for TERM_3 ON 05-02-2025
16705,TERM_4,6050,0,0,2024-07-21,148,Fees Collected for TERM_4 ON 21-07-2024
16899,TERM_1,6050,0,0,2025-12-01,81,Fees Collected for TERM_1 ON 01-12-2025
16899,TERM_2,6050,0,0,2025-12-19,81,Fees Collected for TERM_2 ON 19-12-2025
16899,TERM_3,6050,0,0,2025-11-07,81,Fees Collected for TERM_3 ON 07-11-2025
16899,TERM_4,6050,0,0,2024-06-23,81,Fees Collected for TERM_4 ON 23-06-2024
16648,TERM_1,6050,0,0,2025-01-24,111,Fees Collected for TERM_1 ON 24-01-2025
16648,TERM_2,6050,0,0,2025-10-10,111,Fees Collected for TERM_2 ON 10-10-2025
16648,TERM_3,6050,0,0,2025-07-22,111,Fees Collected for TERM_3 ON 22-07-2025
16648,TERM_4,6050,0,0,2024-10-31,111,Fees Collected for TERM_4 ON 31-10-2024
16769,TERM_1,6050,0,0,2025-10-11,112,Fees Collected for TERM_1 ON 11-10-2025
16769,TERM_2,6050,0,0,2025-11-05,112,Fees Collected for TERM_2 ON 05-11-2025
16769,TERM_3,6050,0,0,2025-11-15,112,Fees Collected for TERM_3 ON 15-11-2025
16769,TERM_4,6050,0,0,2025-03-02,112,Fees Collected for TERM_4 ON 02-03-2025
16679,TERM_1,6050,0,0,2024-10-26,136,Fees Collected for TERM_1 ON 26-10-2024
16679,TERM_2,6050,0,0,2025-02-13,136,Fees Collected for TERM_2 ON 13-02-2025
16679,TERM_3,6050,0,0,2025-08-09,136,Fees Collected for TERM_3 ON 09-08-2025
16679,TERM_4,6050,0,0,2024-06-27,136,Fees Collected for TERM_4 ON 27-06-2024
16652,TERM_1,6050,0,0,2025-12-11,114,Fees Collected for TERM_1 ON 11-12-2025
16652,TERM_2,6050,0,0,2024-07-25,114,Fees Collected for TERM_2 ON 25-07-2024
16652,TERM_3,6050,0,0,2024-10-02,114,Fees Collected for TERM_3 ON 02-10-2024
16652,TERM_4,6050,0,0,2025-07-16,114,Fees Collected for TERM_4 ON 16-07-2025
16647,TERM_1,6050,0,0,2024-07-02,88,Fees Collected for TERM_1 ON 02-07-2024
16647,TERM_2,6050,0,0,2024-07-26,88,Fees Collected for TERM_2 ON 26-07-2024
16647,TERM_3,6050,0,0,2024-07-19,88,Fees Collected for TERM_3 ON 19-07-2024
16647,TERM_4,6050,0,0,2025-10-10,88,Fees Collected for TERM_4 ON 10-10-2025
16812,TERM_1,6050,0,0,2025-03-30,116,Fees Collected for TERM_1 ON 30-03-2025
16812,TERM_2,6050,0,0,2024-06-24,116,Fees Collected for TERM_2 ON 24-06-2024
16812,TERM_3,6050,0,0,2025-11-16,116,Fees Collected for TERM_3 ON 16-11-2025
16812,TERM_4,6050,0,0,2025-12-20,116,Fees Collected for TERM_4 ON 20-12-2025
17008,TERM_1,6050,0,0,2025-02-12,65,Fees Collected for TERM_1 ON 12-02-2025
17008,TERM_2,6050,0,0,2025-02-15,65,Fees Collected for TERM_2 ON 15-02-2025
17008,TERM_3,6050,0,0,2024-10-02,65,Fees Collected for TERM_3 ON 02-10-2024
17008,TERM_4,6050,0,0,2024-10-27,65,Fees Collected for TERM_4 ON 27-10-2024
16657,TERM_1,0,0,0,2025-06-07,0,Fees Collected for TERM_1 ON 07-06-2025
16657,TERM_2,0,0,0,2025-03-14,0,Fees Collected for TERM_2 ON 14-03-2025
16657,TERM_4,0,0,0,2024-09-21,0,Fees Collected for TERM_4 ON 21-09-2024
16867,TERM_1,6050,0,0,2024-12-19,139,Fees Collected for TERM_1 ON 19-12-2024
16867,TERM_2,6050,0,0,2024-11-23,139,Fees Collected for TERM_2 ON 23-11-2024
16867,TERM_3,6050,0,0,2024-12-26,139,Fees Collected for TERM_3 ON 26-12-2024
16867,TERM_4,6050,0,0,2025-11-13,139,Fees Collected for TERM_4 ON 13-11-2025
16641,TERM_1,6050,0,0,2025-10-02,10,Fees Collected for TERM_1 ON 02-10-2025
16641,TERM_2,6050,0,0,2024-07-12,10,Fees Collected for TERM_2 ON 12-07-2024
16641,TERM_3,6050,0,0,2025-10-02,10,Fees Collected for TERM_3 ON 02-10-2025
16641,TERM_4,6050,0,0,2024-10-12,10,Fees Collected for TERM_4 ON 12-10-2024
16706,TERM_1,6050,0,0,2024-06-12,124,Fees Collected for TERM_1 ON 12-06-2024
16706,TERM_2,6050,0,0,2025-02-05,124,Fees Collected for TERM_2 ON 05-02-2025
16706,TERM_3,6050,0,0,2024-12-12,124,Fees Collected for TERM_3 ON 12-12-2024
16706,TERM_4,6050,0,0,2025-05-02,124,Fees Collected for TERM_4 ON 02-05-2025
16815,TERM_1,6050,0,0,2025-05-21,83,Fees Collected for TERM_1 ON 21-05-2025
16815,TERM_2,6050,0,0,2025-09-07,83,Fees Collected for TERM_2 ON 07-09-2025
16815,TERM_3,6050,0,0,2025-06-13,83,Fees Collected for TERM_3 ON 13-06-2025
16815,TERM_4,6050,0,0,2025-10-14,83,Fees Collected for TERM_4 ON 14-10-2025
16710,TERM_1,6050,0,0,2025-10-21,7,Fees Collected for TERM_1 ON 21-10-2025
16710,TERM_2,6050,0,0,2025-08-28,7,Fees Collected for TERM_2 ON 28-08-2025
16710,TERM_3,6050,0,0,2025-11-11,7,Fees Collected for TERM_3 ON 11-11-2025
16710,TERM_4,6050,0,0,2025-05-30,7,Fees Collected for TERM_4 ON 30-05-2025
16885,TERM_1,6050,0,0,2025-04-24,125,Fees Collected for TERM_1 ON 24-04-2025
16885,TERM_2,6050,0,0,2025-09-16,125,Fees Collected for TERM_2 ON 16-09-2025
16885,TERM_3,6050,0,0,2024-10-31,125,Fees Collected for TERM_3 ON 31-10-2024
16885,TERM_4,6050,0,0,2024-12-17,125,Fees Collected for TERM_4 ON 17-12-2024
16685,TERM_1,6050,0,0,2024-06-16,126,Fees Collected for TERM_1 ON 16-06-2024
16685,TERM_2,6050,0,0,2025-11-07,126,Fees Collected for TERM_2 ON 07-11-2025
16685,TERM_3,6050,0,0,2025-10-24,126,Fees Collected for TERM_3 ON 24-10-2025
16685,TERM_4,6050,0,0,2025-09-23,126,Fees Collected for TERM_4 ON 23-09-2025
16836,TERM_1,6050,0,0,2025-03-04,127,Fees Collected for TERM_1 ON 04-03-2025
16836,TERM_2,6050,0,0,2024-11-02,127,Fees Collected for TERM_2 ON 02-11-2024
16836,TERM_3,0,6050,0,2025-05-18,127,Fees Collected for TERM_3 ON 18-05-2025
16836,TERM_4,0,6050,0,2025-11-20,127,Fees Collected for TERM_4 ON 20-11-2025
17009,TERM_1,6050,0,0,2024-09-29,66,Fees Collected for TERM_1 ON 29-09-2024
17009,TERM_2,6050,0,0,2025-07-10,66,Fees Collected for TERM_2 ON 10-07-2025
17009,TERM_3,6050,0,0,2025-02-25,66,Fees Collected for TERM_3 ON 25-02-2025
17009,TERM_4,6050,0,0,2025-07-31,66,Fees Collected for TERM_4 ON 31-07-2025
16743,TERM_1,6050,0,0,2025-05-22,16,Fees Collected for TERM_1 ON 22-05-2025
16743,TERM_2,6050,0,0,2025-09-15,16,Fees Collected for TERM_2 ON 15-09-2025
16743,TERM_3,6050,0,0,2025-05-30,16,Fees Collected for TERM_3 ON 30-05-2025
16743,TERM_4,6050,0,0,2025-04-14,16,Fees Collected for TERM_4 ON 14-04-2025
16907,TERM_1,6050,0,0,2024-12-05,128,Fees Collected for TERM_1 ON 05-12-2024
16907,TERM_2,6050,0,0,2025-11-02,128,Fees Collected for TERM_2 ON 02-11-2025
16907,TERM_3,6050,0,0,2024-10-05,128,Fees Collected for TERM_3 ON 05-10-2024
16907,TERM_4,6050,0,0,2024-12-25,128,Fees Collected for TERM_4 ON 25-12-2024
16640,TERM_1,6050,0,0,2024-10-21,98,Fees Collected for TERM_1 ON 21-10-2024
16640,TERM_2,6050,0,0,2025-05-03,98,Fees Collected for TERM_2 ON 03-05-2025
16640,TERM_3,6050,0,0,2025-08-02,98,Fees Collected for TERM_3 ON 02-08-2025
16640,TERM_4,6050,0,0,2025-09-11,98,Fees Collected for TERM_4 ON 11-09-2025
17082,TERM_1,6050,0,0,2025-11-05,85,Fees Collected for TERM_1 ON 05-11-2025
17082,TERM_2,6050,0,0,2025-11-22,85,Fees Collected for TERM_2 ON 22-11-2025
17082,TERM_3,6050,0,0,2024-10-18,85,Fees Collected for TERM_3 ON 18-10-2024
17082,TERM_4,6050,0,0,2024-09-28,85,Fees Collected for TERM_4 ON 28-09-2024
16654,TERM_1,6050,0,0,2025-04-11,18,Fees Collected for TERM_1 ON 11-04-2025
16654,TERM_2,6050,0,0,2025-12-09,18,Fees Collected for TERM_2 ON 09-12-2025
16654,TERM_3,6050,0,0,2025-03-15,18,Fees Collected for TERM_3 ON 15-03-2025
16654,TERM_4,0,6050,0,2025-01-17,18,Fees Collected for TERM_4 ON 17-01-2025
17046,TERM_1,6050,0,0,2024-07-11,71,Fees Collected for TERM_1 ON 11-07-2024
17046,TERM_2,6050,0,0,2025-09-17,71,Fees Collected for TERM_2 ON 17-09-2025
17046,TERM_3,6050,0,0,2025-07-29,71,Fees Collected for TERM_3 ON 29-07-2025
17046,TERM_4,6050,0,0,2024-08-24,71,Fees Collected for TERM_4 ON 24-08-2024
16976,TERM_1,6050,0,0,2024-10-28,138,Fees Collected for TERM_1 ON 28-10-2024
16976,TERM_2,6050,0,0,2025-11-25,138,Fees Collected for TERM_2 ON 25-11-2025
16976,TERM_3,6050,0,0,2025-01-04,138,Fees Collected for TERM_3 ON 04-01-2025
16976,TERM_4,6050,0,0,2025-08-24,138,Fees Collected for TERM_4 ON 24-08-2025
17068,TERM_1,6050,0,0,2025-07-08,80,Fees Collected for TERM_1 ON 08-07-2025
17068,TERM_2,6050,0,0,2025-01-04,80,Fees Collected for TERM_2 ON 04-01-2025
17068,TERM_3,6050,0,0,2024-09-21,80,Fees Collected for TERM_3 ON 21-09-2024
17068,TERM_4,6050,0,0,2025-05-30,80,Fees Collected for TERM_4 ON 30-05-2025
16729,TERM_1,6050,0,0,2024-07-02,3,Fees Collected for TERM_1 ON 02-07-2024
16729,TERM_2,6050,0,0,2025-04-17,3,Fees Collected for TERM_2 ON 17-04-2025
16729,TERM_3,6050,0,0,2024-09-20,3,Fees Collected for TERM_3 ON 20-09-2024
16729,TERM_4,6050,0,0,2025-03-06,3,Fees Collected for TERM_4 ON 06-03-2025
16644,TERM_1,6050,0,0,2025-10-10,82,Fees Collected for TERM_1 ON 10-10-2025
16644,TERM_2,6050,0,0,2025-12-12,82,Fees Collected for TERM_2 ON 12-12-2025
16644,TERM_3,6050,0,0,2025-04-30,82,Fees Collected for TERM_3 ON 30-04-2025
16644,TERM_4,6050,0,0,2024-12-22,82,Fees Collected for TERM_4 ON 22-12-2024
16722,TERM_1,6050,0,0,2025-03-07,129,Fees Collected for TERM_1 ON 07-03-2025
16722,TERM_2,6050,0,0,2024-12-16,129,Fees Collected for TERM_2 ON 16-12-2024
16722,TERM_3,6050,0,0,2025-06-19,129,Fees Collected for TERM_3 ON 19-06-2025
16722,TERM_4,6050,0,0,2025-05-01,129,Fees Collected for TERM_4 ON 01-05-2025
16820,TERM_1,6050,0,0,2025-03-11,52,Fees Collected for TERM_1 ON 11-03-2025
16820,TERM_2,6050,0,0,2025-05-16,52,Fees Collected for TERM_2 ON 16-05-2025
16820,TERM_3,6050,0,0,2025-04-30,52,Fees Collected for TERM_3 ON 30-04-2025
16820,TERM_4,6050,0,0,2024-11-14,52,Fees Collected for TERM_4 ON 14-11-2024
16991,TERM_1,6050,0,0,2024-10-06,146,Fees Collected for TERM_1 ON 06-10-2024
16991,TERM_2,6050,0,0,2024-12-24,146,Fees Collected for TERM_2 ON 24-12-2024
16991,TERM_3,6050,0,0,2024-08-30,146,Fees Collected for TERM_3 ON 30-08-2024
16991,TERM_4,6050,0,0,2024-06-13,146,Fees Collected for TERM_4 ON 13-06-2024
16671,TERM_1,6050,0,0,2025-07-26,131,Fees Collected for TERM_1 ON 26-07-2025
16671,TERM_2,6050,0,0,2025-09-04,131,Fees Collected for TERM_2 ON 04-09-2025
16671,TERM_3,6050,0,0,2025-03-29,131,Fees Collected for TERM_3 ON 29-03-2025
16671,TERM_4,6050,0,0,2025-08-13,131,Fees Collected for TERM_4 ON 13-08-2025
16698,TERM_1,6050,0,0,2025-03-06,2,Fees Collected for TERM_1 ON 06-03-2025
16698,TERM_2,6050,0,0,2025-07-20,2,Fees Collected for TERM_2 ON 20-07-2025
16698,TERM_3,6050,0,0,2025-02-12,2,Fees Collected for TERM_3 ON 12-02-2025
16698,TERM_4,6050,0,0,2025-12-27,2,Fees Collected for TERM_4 ON 27-12-2025
16770,TERM_1,6050,0,0,2024-07-15,132,Fees Collected for TERM_1 ON 15-07-2024
16770,TERM_2,6050,0,0,2025-10-09,132,Fees Collected for TERM_2 ON 09-10-2025
16770,TERM_3,6050,0,0,2025-04-04,132,Fees Collected for TERM_3 ON 04-04-2025
16770,TERM_4,6050,0,0,2024-07-23,132,Fees Collected for TERM_4 ON 23-07-2024
16776,TERM_1,6050,0,0,2024-12-21,133,Fees Collected for TERM_1 ON 21-12-2024
16776,TERM_2,6050,0,0,2025-12-13,133,Fees Collected for TERM_2 ON 13-12-2025
16776,TERM_3,6050,0,0,2024-12-13,133,Fees Collected for TERM_3 ON 13-12-2024
16776,TERM_4,6050,0,0,2025-05-02,133,Fees Collected for TERM_4 ON 02-05-2025
16728,TERM_1,6050,0,0,2025-03-08,93,Fees Collected for TERM_1 ON 08-03-2025
16728,TERM_2,6050,0,0,2025-02-27,93,Fees Collected for TERM_2 ON 27-02-2025
16728,TERM_3,6050,0,0,2024-11-11,93,Fees Collected for TERM_3 ON 11-11-2024
16728,TERM_4,6050,0,0,2025-04-19,93,Fees Collected for TERM_4 ON 19-04-2025
17006,TERM_1,6050,0,0,2024-08-08,1,Fees Collected for TERM_1 ON 08-08-2024
17006,TERM_2,6050,0,0,2025-06-19,1,Fees Collected for TERM_2 ON 19-06-2025
17006,TERM_3,6050,0,0,2024-11-09,1,Fees Collected for TERM_3 ON 09-11-2024
17006,TERM_4,6050,0,0,2024-06-26,1,Fees Collected for TERM_4 ON 26-06-2024
16740,TERM_1,6050,0,0,2025-05-06,135,Fees Collected for TERM_1 ON 06-05-2025
16740,TERM_2,6050,0,0,2025-01-24,135,Fees Collected for TERM_2 ON 24-01-2025
16740,TERM_3,6050,0,0,2024-07-23,135,Fees Collected for TERM_3 ON 23-07-2024
16740,TERM_4,6050,0,0,2024-12-01,135,Fees Collected for TERM_4 ON 01-12-2024
16768,TERM_1,6050,0,0,2025-08-11,134,Fees Collected for TERM_1 ON 11-08-2025
16768,TERM_2,6050,0,0,2025-10-30,134,Fees Collected for TERM_2 ON 30-10-2025
16768,TERM_3,6050,0,0,2024-09-18,134,Fees Collected for TERM_3 ON 18-09-2024
16768,TERM_4,6050,0,0,2025-08-05,134,Fees Collected for TERM_4 ON 05-08-2025
17026,TERM_1,6050,0,0,2025-02-22,68,Fees Collected for TERM_1 ON 22-02-2025
17026,TERM_2,6050,0,0,2024-10-29,68,Fees Collected for TERM_2 ON 29-10-2024
17026,TERM_3,6050,0,0,2025-02-13,68,Fees Collected for TERM_3 ON 13-02-2025
17026,TERM_4,6050,0,0,2024-06-21,68,Fees Collected for TERM_4 ON 21-06-2024
17155,TERM_1,6050,0,0,2025-05-03,51,Fees Collected for TERM_1 ON 03-05-2025
17155,TERM_2,6050,0,0,2025-10-27,51,Fees Collected for TERM_2 ON 27-10-2025
17155,TERM_3,6050,0,0,2025-03-03,51,Fees Collected for TERM_3 ON 03-03-2025
17155,TERM_4,6050,0,0,2025-11-06,51,Fees Collected for TERM_4 ON 06-11-2025
17037,TERM_1,7150,0,0,2025-03-27,486,Fees Collected for TERM_1 ON 27-03-2025
17037,TERM_2,7550,0,0,2024-06-24,486,Fees Collected for TERM_2 ON 24-06-2024
17037,TERM_3,7150,0,0,2024-09-16,486,Fees Collected for TERM_3 ON 16-09-2024
17037,TERM_4,7150,0,0,2025-02-23,486,Fees Collected for TERM_4 ON 23-02-2025
16547,TERM_1,7150,0,0,2024-08-27,232,Fees Collected for TERM_1 ON 27-08-2024
16547,TERM_2,7550,0,0,2025-06-12,232,Fees Collected for TERM_2 ON 12-06-2025
16547,TERM_3,7150,0,0,2025-07-11,232,Fees Collected for TERM_3 ON 11-07-2025
16547,TERM_4,7150,0,0,2025-09-08,232,Fees Collected for TERM_4 ON 08-09-2025
16834,TERM_1,7150,0,0,2025-09-13,233,Fees Collected for TERM_1 ON 13-09-2025
16834,TERM_2,7550,0,0,2024-11-11,233,Fees Collected for TERM_2 ON 11-11-2024
16834,TERM_3,7150,0,0,2025-07-06,233,Fees Collected for TERM_3 ON 06-07-2025
16834,TERM_4,7150,0,0,2025-05-23,233,Fees Collected for TERM_4 ON 23-05-2025
16877,TERM_1,7150,0,0,2024-11-14,235,Fees Collected for TERM_1 ON 14-11-2024
16877,TERM_2,7550,0,0,2024-11-18,235,Fees Collected for TERM_2 ON 18-11-2024
16877,TERM_3,7150,0,0,2025-02-02,235,Fees Collected for TERM_3 ON 02-02-2025
16877,TERM_4,7150,0,0,2025-09-11,235,Fees Collected for TERM_4 ON 11-09-2025
16331,TERM_1,0,0,0,2025-02-20,0,Fees Collected for TERM_1 ON 20-02-2025
16331,TERM_2,0,0,0,2024-08-05,0,Fees Collected for TERM_2 ON 05-08-2024
16331,TERM_4,0,0,0,2024-09-24,0,Fees Collected for TERM_4 ON 24-09-2024
17125,TERM_1,7150,0,0,2025-06-03,493,Fees Collected for TERM_1 ON 03-06-2025
17125,TERM_2,7550,0,0,2025-11-22,493,Fees Collected for TERM_2 ON 22-11-2025
17125,TERM_3,7150,0,0,2025-07-30,493,Fees Collected for TERM_3 ON 30-07-2025
17125,TERM_4,0,7150,0,2024-09-16,493,Fees Collected for TERM_4 ON 16-09-2024
16532,TERM_1,7150,0,0,2025-01-03,238,Fees Collected for TERM_1 ON 03-01-2025
16532,TERM_2,7550,0,0,2024-06-27,238,Fees Collected for TERM_2 ON 27-06-2024
16532,TERM_3,7150,0,0,2024-06-18,238,Fees Collected for TERM_3 ON 18-06-2024
16532,TERM_4,7150,0,0,2025-07-09,238,Fees Collected for TERM_4 ON 09-07-2025
16498,TERM_1,7150,0,0,2025-11-15,1909,Fees Collected for TERM_1 ON 15-11-2025
16498,TERM_2,7550,0,0,2025-09-24,1909,Fees Collected for TERM_2 ON 24-09-2025
16498,TERM_3,7150,0,0,2025-09-03,1909,Fees Collected for TERM_3 ON 03-09-2025
16498,TERM_4,7150,0,0,2025-07-23,1909,Fees Collected for TERM_4 ON 23-07-2025
16762,TERM_1,7150,0,0,2025-02-01,1903,Fees Collected for TERM_1 ON 01-02-2025
16762,TERM_2,7550,0,0,2025-01-16,1903,Fees Collected for TERM_2 ON 16-01-2025
16762,TERM_3,0,7150,0,2025-07-24,1903,Fees Collected for TERM_3 ON 24-07-2025
16762,TERM_4,0,7150,0,2024-12-25,1903,Fees Collected for TERM_4 ON 25-12-2024
16421,TERM_1,7150,0,0,2024-09-07,242,Fees Collected for TERM_1 ON 07-09-2024
16421,TERM_2,7550,0,0,2024-12-08,242,Fees Collected for TERM_2 ON 08-12-2024
16421,TERM_3,7150,0,0,2025-07-25,242,Fees Collected for TERM_3 ON 25-07-2025
16421,TERM_4,7150,0,0,2025-11-03,242,Fees Collected for TERM_4 ON 03-11-2025
16545,TERM_1,7150,0,0,2024-09-06,499,Fees Collected for TERM_1 ON 06-09-2024
16545,TERM_2,7550,0,0,2024-06-21,499,Fees Collected for TERM_2 ON 21-06-2024
16545,TERM_3,7150,0,0,2024-09-11,499,Fees Collected for TERM_3 ON 11-09-2024
16545,TERM_4,7150,0,0,2024-10-20,499,Fees Collected for TERM_4 ON 20-10-2024
17119,TERM_1,0,0,0,2025-12-21,0,Fees Collected for TERM_1 ON 21-12-2025
17119,TERM_2,0,0,0,2024-06-30,0,Fees Collected for TERM_2 ON 30-06-2024
17119,TERM_4,0,0,0,2025-10-11,0,Fees Collected for TERM_4 ON 11-10-2025
16561,TERM_1,7150,0,0,2025-07-28,243,Fees Collected for TERM_1 ON 28-07-2025
16561,TERM_2,7550,0,0,2024-07-18,243,Fees Collected for TERM_2 ON 18-07-2024
16561,TERM_3,7150,0,0,2025-10-09,243,Fees Collected for TERM_3 ON 09-10-2025
16561,TERM_4,7150,0,0,2025-01-27,243,Fees Collected for TERM_4 ON 27-01-2025
16335,TERM_1,7150,0,0,2025-07-10,244,Fees Collected for TERM_1 ON 10-07-2025
16335,TERM_2,7550,0,0,2025-08-15,244,Fees Collected for TERM_2 ON 15-08-2025
16335,TERM_3,7150,0,0,2024-08-05,244,Fees Collected for TERM_3 ON 05-08-2024
16335,TERM_4,7150,0,0,2024-07-07,244,Fees Collected for TERM_4 ON 07-07-2024
16583,TERM_1,0,0,0,2025-05-29,0,Fees Collected for TERM_1 ON 29-05-2025
16583,TERM_2,0,0,0,2025-05-06,0,Fees Collected for TERM_2 ON 06-05-2025
16583,TERM_4,0,0,0,2025-02-16,0,Fees Collected for TERM_4 ON 16-02-2025
16365,TERM_1,7150,0,0,2024-11-20,246,Fees Collected for TERM_1 ON 20-11-2024
16365,TERM_2,7550,0,0,2024-07-16,246,Fees Collected for TERM_2 ON 16-07-2024
16365,TERM_3,7150,0,0,2025-03-20,246,Fees Collected for TERM_3 ON 20-03-2025
16365,TERM_4,7150,0,0,2025-12-09,246,Fees Collected for TERM_4 ON 09-12-2025
16944,TERM_1,7150,0,0,2025-07-14,365,Fees Collected for TERM_1 ON 14-07-2025
16944,TERM_2,7550,0,0,2025-11-07,365,Fees Collected for TERM_2 ON 07-11-2025
16944,TERM_3,7150,0,0,2025-10-18,365,Fees Collected for TERM_3 ON 18-10-2025
16944,TERM_4,7150,0,0,2025-04-01,365,Fees Collected for TERM_4 ON 01-04-2025
16955,TERM_1,7150,0,0,2025-09-18,480,Fees Collected for TERM_1 ON 18-09-2025
16955,TERM_2,7550,0,0,2025-12-16,480,Fees Collected for TERM_2 ON 16-12-2025
16955,TERM_3,7150,0,0,2025-11-19,480,Fees Collected for TERM_3 ON 19-11-2025
16955,TERM_4,7150,0,0,2024-10-29,480,Fees Collected for TERM_4 ON 29-10-2024
16390,TERM_1,7150,0,0,2025-12-03,247,Fees Collected for TERM_1 ON 03-12-2025
16390,TERM_2,7550,0,0,2025-12-01,247,Fees Collected for TERM_2 ON 01-12-2025
16390,TERM_3,7150,0,0,2025-04-26,247,Fees Collected for TERM_3 ON 26-04-2025
16390,TERM_4,1150,6000,0,2025-07-02,247,Fees Collected for TERM_4 ON 02-07-2025
17112,TERM_1,7150,0,0,2025-09-08,487,Fees Collected for TERM_1 ON 08-09-2025
17112,TERM_2,7550,0,0,2025-12-26,487,Fees Collected for TERM_2 ON 26-12-2025
17112,TERM_3,7150,0,0,2025-01-23,487,Fees Collected for TERM_3 ON 23-01-2025
17112,TERM_4,7150,0,0,2024-06-13,487,Fees Collected for TERM_4 ON 13-06-2024
16748,TERM_1,7150,0,0,2024-08-02,1905,Fees Collected for TERM_1 ON 02-08-2024
16748,TERM_2,7550,0,0,2025-04-18,1905,Fees Collected for TERM_2 ON 18-04-2025
16748,TERM_3,7150,0,0,2025-01-13,1905,Fees Collected for TERM_3 ON 13-01-2025
16748,TERM_4,7150,0,0,2025-05-24,1905,Fees Collected for TERM_4 ON 24-05-2025
16948,TERM_1,7150,0,0,2024-08-27,501,Fees Collected for TERM_1 ON 27-08-2024
16948,TERM_2,7550,0,0,2024-06-23,501,Fees Collected for TERM_2 ON 23-06-2024
16948,TERM_3,7150,0,0,2025-10-09,501,Fees Collected for TERM_3 ON 09-10-2025
16948,TERM_4,7150,0,0,2025-02-18,501,Fees Collected for TERM_4 ON 18-02-2025
16672,TERM_1,7150,0,0,2024-10-14,250,Fees Collected for TERM_1 ON 14-10-2024
16672,TERM_2,7550,0,0,2025-03-10,250,Fees Collected for TERM_2 ON 10-03-2025
16672,TERM_3,7150,0,0,2024-08-02,250,Fees Collected for TERM_3 ON 02-08-2024
16672,TERM_4,7150,0,0,2025-11-25,250,Fees Collected for TERM_4 ON 25-11-2025
16601,TERM_1,7150,0,0,2025-08-26,252,Fees Collected for TERM_1 ON 26-08-2025
16601,TERM_2,7550,0,0,2025-07-18,252,Fees Collected for TERM_2 ON 18-07-2025
16601,TERM_3,7150,0,0,2024-12-18,252,Fees Collected for TERM_3 ON 18-12-2024
16601,TERM_4,7150,0,0,2024-06-15,252,Fees Collected for TERM_4 ON 15-06-2024
16954,TERM_1,7150,0,0,2024-07-08,504,Fees Collected for TERM_1 ON 08-07-2024
16954,TERM_2,7550,0,0,2024-12-12,504,Fees Collected for TERM_2 ON 12-12-2024
16954,TERM_3,7150,0,0,2024-09-15,504,Fees Collected for TERM_3 ON 15-09-2024
16954,TERM_4,7150,0,0,2025-10-15,504,Fees Collected for TERM_4 ON 15-10-2025
16516,TERM_1,7150,0,0,2025-01-24,254,Fees Collected for TERM_1 ON 24-01-2025
16516,TERM_2,7550,0,0,2024-07-28,254,Fees Collected for TERM_2 ON 28-07-2024
16516,TERM_3,7150,0,0,2025-04-11,254,Fees Collected for TERM_3 ON 11-04-2025
16516,TERM_4,7150,0,0,2024-08-25,254,Fees Collected for TERM_4 ON 25-08-2024
16534,TERM_1,7150,0,0,2025-12-08,256,Fees Collected for TERM_1 ON 08-12-2025
16534,TERM_2,7550,0,0,2025-11-22,256,Fees Collected for TERM_2 ON 22-11-2025
16534,TERM_3,7150,0,0,2024-07-16,256,Fees Collected for TERM_3 ON 16-07-2024
16534,TERM_4,7150,0,0,2024-07-03,256,Fees Collected for TERM_4 ON 03-07-2024
17110,TERM_1,7150,0,0,2024-07-11,444,Fees Collected for TERM_1 ON 11-07-2024
17110,TERM_2,7550,0,0,2025-08-12,444,Fees Collected for TERM_2 ON 12-08-2025
17110,TERM_3,7150,0,0,2025-03-26,444,Fees Collected for TERM_3 ON 26-03-2025
17110,TERM_4,7150,0,0,2025-01-12,444,Fees Collected for TERM_4 ON 12-01-2025
16978,TERM_1,7150,0,0,2025-12-25,326,Fees Collected for TERM_1 ON 25-12-2025
16978,TERM_2,7550,0,0,2024-10-02,326,Fees Collected for TERM_2 ON 02-10-2024
16978,TERM_3,7150,0,0,2024-06-22,326,Fees Collected for TERM_3 ON 22-06-2024
16978,TERM_4,7150,0,0,2024-11-26,326,Fees Collected for TERM_4 ON 26-11-2024
16539,TERM_1,7150,0,0,2025-03-30,257,Fees Collected for TERM_1 ON 30-03-2025
16539,TERM_2,7550,0,0,2025-07-03,257,Fees Collected for TERM_2 ON 03-07-2025
16539,TERM_3,7150,0,0,2025-03-14,257,Fees Collected for TERM_3 ON 14-03-2025
16539,TERM_4,7150,0,0,2025-05-23,257,Fees Collected for TERM_4 ON 23-05-2025
17086,TERM_1,7150,0,0,2024-10-22,305,Fees Collected for TERM_1 ON 22-10-2024
17086,TERM_2,7550,0,0,2025-12-01,305,Fees Collected for TERM_2 ON 01-12-2025
17086,TERM_3,7150,0,0,2025-10-04,305,Fees Collected for TERM_3 ON 04-10-2025
17086,TERM_4,7150,0,0,2024-12-21,305,Fees Collected for TERM_4 ON 21-12-2024
16396,TERM_1,7150,0,0,2024-08-29,258,Fees Collected for TERM_1 ON 29-08-2024
16396,TERM_2,7550,0,0,2024-12-02,258,Fees Collected for TERM_2 ON 02-12-2024
16396,TERM_3,7150,0,0,2025-01-20,258,Fees Collected for TERM_3 ON 20-01-2025
16396,TERM_4,7150,0,0,2025-01-04,258,Fees Collected for TERM_4 ON 04-01-2025
17079,TERM_1,7150,0,0,2025-09-30,306,Fees Collected for TERM_1 ON 30-09-2025
17079,TERM_2,7550,0,0,2024-09-26,306,Fees Collected for TERM_2 ON 26-09-2024
17079,TERM_3,7150,0,0,2024-07-09,306,Fees Collected for TERM_3 ON 09-07-2024
17079,TERM_4,7150,0,0,2025-01-19,306,Fees Collected for TERM_4 ON 19-01-2025
16807,TERM_1,7150,0,0,2024-10-28,239,Fees Collected for TERM_1 ON 28-10-2024
16807,TERM_2,7550,0,0,2025-01-23,239,Fees Collected for TERM_2 ON 23-01-2025
16807,TERM_3,7150,0,0,2025-05-13,239,Fees Collected for TERM_3 ON 13-05-2025
16807,TERM_4,7150,0,0,2025-07-14,239,Fees Collected for TERM_4 ON 14-07-2025
16664,TERM_1,7150,0,0,2025-08-02,261,Fees Collected for TERM_1 ON 02-08-2025
16664,TERM_2,7550,0,0,2025-11-24,261,Fees Collected for TERM_2 ON 24-11-2025
16664,TERM_3,7150,0,0,2024-09-09,261,Fees Collected for TERM_3 ON 09-09-2024
16664,TERM_4,7150,0,0,2025-01-09,261,Fees Collected for TERM_4 ON 09-01-2025
16350,TERM_1,7150,0,0,2025-03-22,262,Fees Collected for TERM_1 ON 22-03-2025
16350,TERM_2,7550,0,0,2024-08-29,262,Fees Collected for TERM_2 ON 29-08-2024
16350,TERM_3,7150,0,0,2025-10-01,262,Fees Collected for TERM_3 ON 01-10-2025
16350,TERM_4,7150,0,0,2024-08-29,262,Fees Collected for TERM_4 ON 29-08-2024
17038,TERM_1,7150,0,0,2025-03-28,485,Fees Collected for TERM_1 ON 28-03-2025
17038,TERM_2,7550,0,0,2025-02-23,485,Fees Collected for TERM_2 ON 23-02-2025
17038,TERM_3,7150,0,0,2025-01-02,485,Fees Collected for TERM_3 ON 02-01-2025
17038,TERM_4,7150,0,0,2024-11-09,485,Fees Collected for TERM_4 ON 09-11-2024
17007,TERM_1,7150,0,0,2025-09-13,241,Fees Collected for TERM_1 ON 13-09-2025
17007,TERM_2,7550,0,0,2024-08-17,241,Fees Collected for TERM_2 ON 17-08-2024
17007,TERM_3,7150,0,0,2025-05-15,241,Fees Collected for TERM_3 ON 15-05-2025
17007,TERM_4,7150,0,0,2025-01-27,241,Fees Collected for TERM_4 ON 27-01-2025
16576,TERM_1,7150,0,0,2024-11-16,270,Fees Collected for TERM_1 ON 16-11-2024
16576,TERM_2,7550,0,0,2025-04-17,270,Fees Collected for TERM_2 ON 17-04-2025
16576,TERM_3,7150,0,0,2025-05-12,270,Fees Collected for TERM_3 ON 12-05-2025
16576,TERM_4,0,7150,0,2025-05-06,270,Fees Collected for TERM_4 ON 06-05-2025
16936,TERM_1,7150,0,0,2025-05-16,318,Fees Collected for TERM_1 ON 16-05-2025
16936,TERM_2,7550,0,0,2024-12-07,318,Fees Collected for TERM_2 ON 07-12-2024
16936,TERM_3,7150,0,0,2024-07-19,318,Fees Collected for TERM_3 ON 19-07-2024
16936,TERM_4,7150,0,0,2024-09-29,318,Fees Collected for TERM_4 ON 29-09-2024
16451,TERM_1,7150,0,0,2025-01-27,311,Fees Collected for TERM_1 ON 27-01-2025
16451,TERM_2,7550,0,0,2024-11-08,311,Fees Collected for TERM_2 ON 08-11-2024
16451,TERM_3,7150,0,0,2025-07-17,311,Fees Collected for TERM_3 ON 17-07-2025
16451,TERM_4,7150,0,0,2024-09-13,311,Fees Collected for TERM_4 ON 13-09-2024
16473,TERM_1,7150,0,0,2025-04-25,313,Fees Collected for TERM_1 ON 25-04-2025
16473,TERM_2,7550,0,0,2024-11-25,313,Fees Collected for TERM_2 ON 25-11-2024
16473,TERM_3,7150,0,0,2025-07-10,313,Fees Collected for TERM_3 ON 10-07-2025
16473,TERM_4,7150,0,0,2024-08-15,313,Fees Collected for TERM_4 ON 15-08-2024
16529,TERM_1,7150,0,0,2025-01-19,502,Fees Collected for TERM_1 ON 19-01-2025
16529,TERM_2,7550,0,0,2024-10-17,502,Fees Collected for TERM_2 ON 17-10-2024
16529,TERM_3,7150,0,0,2025-03-27,502,Fees Collected for TERM_3 ON 27-03-2025
16529,TERM_4,7150,0,0,2025-08-05,502,Fees Collected for TERM_4 ON 05-08-2025
16791,TERM_1,7150,0,0,2024-11-10,357,Fees Collected for TERM_1 ON 10-11-2024
16791,TERM_2,7550,0,0,2024-08-09,357,Fees Collected for TERM_2 ON 09-08-2024
16791,TERM_3,7150,0,0,2025-12-19,357,Fees Collected for TERM_3 ON 19-12-2025
16791,TERM_4,7150,0,0,2025-03-23,357,Fees Collected for TERM_4 ON 23-03-2025
16470,TERM_1,7150,0,0,2024-12-09,255,Fees Collected for TERM_1 ON 09-12-2024
16470,TERM_2,7550,0,0,2024-11-19,255,Fees Collected for TERM_2 ON 19-11-2024
16470,TERM_3,7150,0,0,2025-06-05,255,Fees Collected for TERM_3 ON 05-06-2025
16470,TERM_4,7150,0,0,2025-11-11,255,Fees Collected for TERM_4 ON 11-11-2025
16334,TERM_1,7150,0,0,2024-09-19,329,Fees Collected for TERM_1 ON 19-09-2024
16334,TERM_2,7550,0,0,2025-06-18,329,Fees Collected for TERM_2 ON 18-06-2025
16334,TERM_3,7150,0,0,2025-08-25,329,Fees Collected for TERM_3 ON 25-08-2025
16334,TERM_4,7150,0,0,2025-10-09,329,Fees Collected for TERM_4 ON 09-10-2025
17113,TERM_1,7150,0,0,2025-06-13,488,Fees Collected for TERM_1 ON 13-06-2025
17113,TERM_2,7550,0,0,2025-01-13,488,Fees Collected for TERM_2 ON 13-01-2025
17113,TERM_3,7150,0,0,2025-05-26,488,Fees Collected for TERM_3 ON 26-05-2025
17113,TERM_4,7150,0,0,2025-04-22,488,Fees Collected for TERM_4 ON 22-04-2025
17052,TERM_1,7150,0,0,2025-11-10,464,Fees Collected for TERM_1 ON 10-11-2025
17052,TERM_2,7550,0,0,2025-05-18,464,Fees Collected for TERM_2 ON 18-05-2025
17052,TERM_3,7150,0,0,2025-03-08,464,Fees Collected for TERM_3 ON 08-03-2025
17052,TERM_4,0,7150,0,2025-12-13,464,Fees Collected for TERM_4 ON 13-12-2025
16713,TERM_1,7150,0,0,2024-11-22,364,Fees Collected for TERM_1 ON 22-11-2024
16713,TERM_2,7550,0,0,2025-07-24,364,Fees Collected for TERM_2 ON 24-07-2025
16713,TERM_3,7150,0,0,2025-06-11,364,Fees Collected for TERM_3 ON 11-06-2025
16713,TERM_4,7150,0,0,2025-08-21,364,Fees Collected for TERM_4 ON 21-08-2025
16946,TERM_1,7150,0,0,2025-12-09,353,Fees Collected for TERM_1 ON 09-12-2025
16946,TERM_2,7550,0,0,2025-10-30,353,Fees Collected for TERM_2 ON 30-10-2025
16946,TERM_3,7150,0,0,2025-09-02,353,Fees Collected for TERM_3 ON 02-09-2025
16946,TERM_4,7150,0,0,2024-08-04,353,Fees Collected for TERM_4 ON 04-08-2024
16329,TERM_1,7150,0,0,2024-09-23,331,Fees Collected for TERM_1 ON 23-09-2024
16329,TERM_2,7550,0,0,2025-06-11,331,Fees Collected for TERM_2 ON 11-06-2025
16329,TERM_3,7150,0,0,2025-09-12,331,Fees Collected for TERM_3 ON 12-09-2025
16329,TERM_4,7150,0,0,2025-10-27,331,Fees Collected for TERM_4 ON 27-10-2025
16342,TERM_1,7150,0,0,2024-06-29,332,Fees Collected for TERM_1 ON 29-06-2024
16342,TERM_2,7550,0,0,2025-05-30,332,Fees Collected for TERM_2 ON 30-05-2025
16342,TERM_3,7150,0,0,2025-12-22,332,Fees Collected for TERM_3 ON 22-12-2025
16342,TERM_4,7150,0,0,2025-06-26,332,Fees Collected for TERM_4 ON 26-06-2025
16409,TERM_1,7150,0,0,2025-10-27,351,Fees Collected for TERM_1 ON 27-10-2025
16409,TERM_2,7550,0,0,2025-09-24,351,Fees Collected for TERM_2 ON 24-09-2025
16409,TERM_3,7150,0,0,2025-10-14,351,Fees Collected for TERM_3 ON 14-10-2025
16409,TERM_4,7150,0,0,2024-09-17,351,Fees Collected for TERM_4 ON 17-09-2024
16754,TERM_1,7150,0,0,2025-08-03,1901,Fees Collected for TERM_1 ON 03-08-2025
16754,TERM_2,7550,0,0,2025-09-16,1901,Fees Collected for TERM_2 ON 16-09-2025
16754,TERM_3,7150,0,0,2025-08-04,1901,Fees Collected for TERM_3 ON 04-08-2025
16754,TERM_4,7150,0,0,2025-03-24,1901,Fees Collected for TERM_4 ON 24-03-2025
16366,TERM_1,7150,0,0,2025-10-19,363,Fees Collected for TERM_1 ON 19-10-2025
16366,TERM_2,7550,0,0,2025-07-21,363,Fees Collected for TERM_2 ON 21-07-2025
16366,TERM_3,7150,0,0,2025-09-04,363,Fees Collected for TERM_3 ON 04-09-2025
16366,TERM_4,7150,0,0,2024-09-15,363,Fees Collected for TERM_4 ON 15-09-2024
17015,TERM_1,7150,0,0,2025-03-30,467,Fees Collected for TERM_1 ON 30-03-2025
17015,TERM_2,7550,0,0,2024-11-01,467,Fees Collected for TERM_2 ON 01-11-2024
17015,TERM_3,7150,0,0,2024-07-03,467,Fees Collected for TERM_3 ON 03-07-2024
17015,TERM_4,7150,0,0,2025-01-01,467,Fees Collected for TERM_4 ON 01-01-2025
16688,TERM_1,7150,0,0,2025-03-06,361,Fees Collected for TERM_1 ON 06-03-2025
16688,TERM_2,7550,0,0,2024-10-26,361,Fees Collected for TERM_2 ON 26-10-2024
16688,TERM_3,7150,0,0,2025-07-24,361,Fees Collected for TERM_3 ON 24-07-2025
16688,TERM_4,7150,0,0,2025-11-11,361,Fees Collected for TERM_4 ON 11-11-2025
16974,TERM_1,7150,0,0,2025-07-15,355,Fees Collected for TERM_1 ON 15-07-2025
16974,TERM_2,7550,0,0,2025-03-12,355,Fees Collected for TERM_2 ON 12-03-2025
16974,TERM_3,7150,0,0,2025-09-05,355,Fees Collected for TERM_3 ON 05-09-2025
16974,TERM_4,7150,0,0,2025-01-05,355,Fees Collected for TERM_4 ON 05-01-2025
16349,TERM_1,0,0,0,2025-08-17,0,Fees Collected for TERM_1 ON 17-08-2025
16349,TERM_2,0,0,0,2024-12-10,0,Fees Collected for TERM_2 ON 10-12-2024
16349,TERM_4,0,0,0,2025-11-22,0,Fees Collected for TERM_4 ON 22-11-2025
16612,TERM_1,7150,0,0,2025-02-19,268,Fees Collected for TERM_1 ON 19-02-2025
16612,TERM_2,7550,0,0,2024-12-11,268,Fees Collected for TERM_2 ON 11-12-2024
16612,TERM_3,7150,0,0,2025-06-20,268,Fees Collected for TERM_3 ON 20-06-2025
16612,TERM_4,7150,0,0,2024-07-26,268,Fees Collected for TERM_4 ON 26-07-2024
16803,TERM_1,7150,0,0,2025-08-28,309,Fees Collected for TERM_1 ON 28-08-2025
16803,TERM_2,7550,0,0,2025-09-24,309,Fees Collected for TERM_2 ON 24-09-2025
16803,TERM_3,7150,0,0,2025-06-16,309,Fees Collected for TERM_3 ON 16-06-2025
16803,TERM_4,7150,0,0,2024-08-06,309,Fees Collected for TERM_4 ON 06-08-2024
16567,TERM_1,7150,0,0,2024-10-26,503,Fees Collected for TERM_1 ON 26-10-2024
16567,TERM_2,7550,0,0,2025-12-18,503,Fees Collected for TERM_2 ON 18-12-2025
16567,TERM_3,7150,0,0,2025-09-11,503,Fees Collected for TERM_3 ON 11-09-2025
16567,TERM_4,7150,0,0,2024-07-20,503,Fees Collected for TERM_4 ON 20-07-2024
16928,TERM_1,7150,0,0,2025-11-12,308,Fees Collected for TERM_1 ON 12-11-2025
16928,TERM_2,7550,0,0,2024-08-14,308,Fees Collected for TERM_2 ON 14-08-2024
16928,TERM_3,7150,0,0,2025-08-16,308,Fees Collected for TERM_3 ON 16-08-2025
16928,TERM_4,7150,0,0,2025-10-12,308,Fees Collected for TERM_4 ON 12-10-2025
16518,TERM_1,7150,0,0,2025-06-05,1915,Fees Collected for TERM_1 ON 05-06-2025
16518,TERM_2,7550,0,0,2025-11-12,1915,Fees Collected for TERM_2 ON 12-11-2025
16518,TERM_3,7150,0,0,2025-06-09,1915,Fees Collected for TERM_3 ON 09-06-2025
16518,TERM_4,7150,0,0,2024-11-06,1915,Fees Collected for TERM_4 ON 06-11-2024
17050,TERM_1,7150,0,0,2024-11-16,482,Fees Collected for TERM_1 ON 16-11-2024
17050,TERM_2,7550,0,0,2025-09-21,482,Fees Collected for TERM_2 ON 21-09-2025
17050,TERM_3,7150,0,0,2025-01-12,482,Fees Collected for TERM_3 ON 12-01-2025
17050,TERM_4,3150,4000,0,2025-04-01,482,Fees Collected for TERM_4 ON 01-04-2025
16876,TERM_1,7150,0,0,2024-12-04,315,Fees Collected for TERM_1 ON 04-12-2024
16876,TERM_2,7550,0,0,2024-08-28,315,Fees Collected for TERM_2 ON 28-08-2024
16876,TERM_3,7150,0,0,2024-08-28,315,Fees Collected for TERM_3 ON 28-08-2024
16876,TERM_4,7150,0,0,2025-02-28,315,Fees Collected for TERM_4 ON 28-02-2025
16471,TERM_1,7150,0,0,2024-11-25,359,Fees Collected for TERM_1 ON 25-11-2024
16471,TERM_2,7550,0,0,2025-07-09,359,Fees Collected for TERM_2 ON 09-07-2025
16471,TERM_3,7150,0,0,2025-04-28,359,Fees Collected for TERM_3 ON 28-04-2025
16471,TERM_4,7150,0,0,2024-12-28,359,Fees Collected for TERM_4 ON 28-12-2024
16459,TERM_1,7150,0,0,2025-01-06,362,Fees Collected for TERM_1 ON 06-01-2025
16459,TERM_2,7550,0,0,2024-07-19,362,Fees Collected for TERM_2 ON 19-07-2024
16459,TERM_3,7150,0,0,2024-12-28,362,Fees Collected for TERM_3 ON 28-12-2024
16459,TERM_4,7150,0,0,2025-04-25,362,Fees Collected for TERM_4 ON 25-04-2025
16661,TERM_1,7150,0,0,2024-08-28,427,Fees Collected for TERM_1 ON 28-08-2024
16661,TERM_2,7550,0,0,2025-02-16,427,Fees Collected for TERM_2 ON 16-02-2025
16661,TERM_3,7150,0,0,2024-10-09,427,Fees Collected for TERM_3 ON 09-10-2024
16661,TERM_4,7150,0,0,2025-09-30,427,Fees Collected for TERM_4 ON 30-09-2025
16530,TERM_1,7150,0,0,2025-05-26,323,Fees Collected for TERM_1 ON 26-05-2025
16530,TERM_2,7550,0,0,2024-12-11,323,Fees Collected for TERM_2 ON 11-12-2024
16530,TERM_3,7150,0,0,2024-11-26,323,Fees Collected for TERM_3 ON 26-11-2024
16530,TERM_4,7150,0,0,2024-10-07,323,Fees Collected for TERM_4 ON 07-10-2024
17072,TERM_1,7150,0,0,2025-03-11,366,Fees Collected for TERM_1 ON 11-03-2025
17072,TERM_2,7550,0,0,2025-08-17,366,Fees Collected for TERM_2 ON 17-08-2025
17072,TERM_3,7150,0,0,2025-07-28,366,Fees Collected for TERM_3 ON 28-07-2025
17072,TERM_4,7150,0,0,2025-11-19,366,Fees Collected for TERM_4 ON 19-11-2025
16643,TERM_1,0,0,0,2024-07-19,0,Fees Collected for TERM_1 ON 19-07-2024
16643,TERM_2,0,0,0,2025-01-27,0,Fees Collected for TERM_2 ON 27-01-2025
16643,TERM_4,0,0,0,2025-08-30,0,Fees Collected for TERM_4 ON 30-08-2025
16937,TERM_1,7150,0,0,2025-09-08,356,Fees Collected for TERM_1 ON 08-09-2025
16937,TERM_2,7550,0,0,2024-11-12,356,Fees Collected for TERM_2 ON 12-11-2024
16937,TERM_3,7150,0,0,2025-08-30,356,Fees Collected for TERM_3 ON 30-08-2025
16937,TERM_4,7150,0,0,2024-09-17,356,Fees Collected for TERM_4 ON 17-09-2024
16551,TERM_1,7150,0,0,2025-11-13,266,Fees Collected for TERM_1 ON 13-11-2025
16551,TERM_2,7550,0,0,2025-09-01,266,Fees Collected for TERM_2 ON 01-09-2025
16551,TERM_3,7150,0,0,2025-02-23,266,Fees Collected for TERM_3 ON 23-02-2025
16551,TERM_4,7150,0,0,2025-05-27,266,Fees Collected for TERM_4 ON 27-05-2025
16517,TERM_1,7150,0,0,2025-03-15,360,Fees Collected for TERM_1 ON 15-03-2025
16517,TERM_2,7550,0,0,2025-09-06,360,Fees Collected for TERM_2 ON 06-09-2025
16517,TERM_3,7150,0,0,2024-10-03,360,Fees Collected for TERM_3 ON 03-10-2024
16517,TERM_4,7150,0,0,2024-07-15,360,Fees Collected for TERM_4 ON 15-07-2024
16753,TERM_1,7150,0,0,2025-08-15,271,Fees Collected for TERM_1 ON 15-08-2025
16753,TERM_2,7550,0,0,2025-05-27,271,Fees Collected for TERM_2 ON 27-05-2025
16753,TERM_3,7150,0,0,2025-01-09,271,Fees Collected for TERM_3 ON 09-01-2025
16753,TERM_4,7150,0,0,2025-03-09,271,Fees Collected for TERM_4 ON 09-03-2025
16864,TERM_1,7150,0,0,2024-06-27,307,Fees Collected for TERM_1 ON 27-06-2024
16864,TERM_2,7550,0,0,2025-06-21,307,Fees Collected for TERM_2 ON 21-06-2025
16864,TERM_3,0,7150,0,2025-04-13,307,Fees Collected for TERM_3 ON 13-04-2025
16864,TERM_4,0,7150,0,2025-05-09,307,Fees Collected for TERM_4 ON 09-05-2025
16414,TERM_1,7150,0,0,2025-09-09,381,Fees Collected for TERM_1 ON 09-09-2025
16414,TERM_2,7550,0,0,2024-12-12,381,Fees Collected for TERM_2 ON 12-12-2024
16414,TERM_3,7150,0,0,2025-12-13,381,Fees Collected for TERM_3 ON 13-12-2025
16414,TERM_4,4150,3000,0,2025-02-09,381,Fees Collected for TERM_4 ON 09-02-2025
16324,TERM_1,7150,0,0,2025-07-20,272,Fees Collected for TERM_1 ON 20-07-2025
16324,TERM_2,7550,0,0,2025-02-12,272,Fees Collected for TERM_2 ON 12-02-2025
16324,TERM_3,7150,0,0,2025-01-09,272,Fees Collected for TERM_3 ON 09-01-2025
16324,TERM_4,6650,500,0,2024-08-16,272,Fees Collected for TERM_4 ON 16-08-2024
16636,TERM_1,7150,0,0,2024-11-08,273,Fees Collected for TERM_1 ON 08-11-2024
16636,TERM_2,7550,0,0,2024-11-10,273,Fees Collected for TERM_2 ON 10-11-2024
16636,TERM_3,7150,0,0,2025-11-16,273,Fees Collected for TERM_3 ON 16-11-2025
16636,TERM_4,7150,0,0,2025-11-06,273,Fees Collected for TERM_4 ON 06-11-2025
16321,TERM_1,7150,0,0,2025-08-27,276,Fees Collected for TERM_1 ON 27-08-2025
16321,TERM_2,7550,0,0,2024-07-31,276,Fees Collected for TERM_2 ON 31-07-2024
16321,TERM_3,7150,0,0,2024-12-11,276,Fees Collected for TERM_3 ON 11-12-2024
16321,TERM_4,7150,0,0,2024-06-16,276,Fees Collected for TERM_4 ON 16-06-2024
16446,TERM_1,7150,0,0,2025-11-23,277,Fees Collected for TERM_1 ON 23-11-2025
16446,TERM_2,7550,0,0,2025-07-11,277,Fees Collected for TERM_2 ON 11-07-2025
16446,TERM_3,7150,0,0,2025-06-22,277,Fees Collected for TERM_3 ON 22-06-2025
16446,TERM_4,7150,0,0,2025-04-02,277,Fees Collected for TERM_4 ON 02-04-2025
17097,TERM_1,7150,0,0,2025-11-05,442,Fees Collected for TERM_1 ON 05-11-2025
17097,TERM_2,7550,0,0,2025-03-23,442,Fees Collected for TERM_2 ON 23-03-2025
17097,TERM_3,7150,0,0,2024-09-19,442,Fees Collected for TERM_3 ON 19-09-2024
17097,TERM_4,7150,0,0,2024-11-03,442,Fees Collected for TERM_4 ON 03-11-2024
16606,TERM_1,7150,0,0,2025-12-27,278,Fees Collected for TERM_1 ON 27-12-2025
16606,TERM_2,7550,0,0,2024-08-16,278,Fees Collected for TERM_2 ON 16-08-2024
16606,TERM_3,7150,0,0,2025-05-03,278,Fees Collected for TERM_3 ON 03-05-2025
16606,TERM_4,7150,0,0,2024-09-07,278,Fees Collected for TERM_4 ON 07-09-2024
16896,TERM_1,7150,0,0,2025-08-13,279,Fees Collected for TERM_1 ON 13-08-2025
16896,TERM_2,7550,0,0,2025-06-08,279,Fees Collected for TERM_2 ON 08-06-2025
16896,TERM_3,7150,0,0,2025-04-10,279,Fees Collected for TERM_3 ON 10-04-2025
16896,TERM_4,7150,0,0,2025-03-15,279,Fees Collected for TERM_4 ON 15-03-2025
16989,TERM_1,7150,0,0,2025-09-29,495,Fees Collected for TERM_1 ON 29-09-2025
16989,TERM_2,7550,0,0,2025-02-07,495,Fees Collected for TERM_2 ON 07-02-2025
16989,TERM_3,7150,0,0,2024-07-09,495,Fees Collected for TERM_3 ON 09-07-2024
16989,TERM_4,7150,0,0,2024-08-05,495,Fees Collected for TERM_4 ON 05-08-2024
16565,TERM_1,7150,0,0,2025-08-02,281,Fees Collected for TERM_1 ON 02-08-2025
16565,TERM_2,7550,0,0,2024-09-02,281,Fees Collected for TERM_2 ON 02-09-2024
16565,TERM_3,7150,0,0,2025-08-13,281,Fees Collected for TERM_3 ON 13-08-2025
16565,TERM_4,7150,0,0,2024-11-06,281,Fees Collected for TERM_4 ON 06-11-2024
16338,TERM_1,7150,0,0,2024-12-01,282,Fees Collected for TERM_1 ON 01-12-2024
16338,TERM_2,7550,0,0,2025-09-13,282,Fees Collected for TERM_2 ON 13-09-2025
16338,TERM_3,7150,0,0,2024-11-08,282,Fees Collected for TERM_3 ON 08-11-2024
16338,TERM_4,7150,0,0,2024-11-03,282,Fees Collected for TERM_4 ON 03-11-2024
17029,TERM_1,7150,0,0,2024-12-11,472,Fees Collected for TERM_1 ON 11-12-2024
17029,TERM_2,7550,0,0,2025-04-06,472,Fees Collected for TERM_2 ON 06-04-2025
17029,TERM_3,7150,0,0,2024-08-17,472,Fees Collected for TERM_3 ON 17-08-2024
17029,TERM_4,7150,0,0,2025-07-23,472,Fees Collected for TERM_4 ON 23-07-2025
16960,TERM_1,7150,0,0,2025-09-16,302,Fees Collected for TERM_1 ON 16-09-2025
16960,TERM_2,7550,0,0,2025-03-23,302,Fees Collected for TERM_2 ON 23-03-2025
16960,TERM_3,7150,0,0,2025-09-19,302,Fees Collected for TERM_3 ON 19-09-2025
16960,TERM_4,7150,0,0,2025-06-21,302,Fees Collected for TERM_4 ON 21-06-2025
16645,TERM_1,7150,0,0,2025-06-29,285,Fees Collected for TERM_1 ON 29-06-2025
16645,TERM_2,7550,0,0,2024-09-07,285,Fees Collected for TERM_2 ON 07-09-2024
16645,TERM_3,7150,0,0,2025-02-22,285,Fees Collected for TERM_3 ON 22-02-2025
16645,TERM_4,7150,0,0,2024-07-27,285,Fees Collected for TERM_4 ON 27-07-2024
16393,TERM_1,7150,0,0,2024-09-26,286,Fees Collected for TERM_1 ON 26-09-2024
16393,TERM_2,7550,0,0,2025-11-06,286,Fees Collected for TERM_2 ON 06-11-2025
16393,TERM_3,7150,0,0,2025-04-01,286,Fees Collected for TERM_3 ON 01-04-2025
16393,TERM_4,6650,500,0,2025-09-02,286,Fees Collected for TERM_4 ON 02-09-2025
16538,TERM_1,7150,0,0,2025-02-07,1912,Fees Collected for TERM_1 ON 07-02-2025
16538,TERM_2,7550,0,0,2025-06-24,1912,Fees Collected for TERM_2 ON 24-06-2025
16538,TERM_3,7150,0,0,2025-08-08,1912,Fees Collected for TERM_3 ON 08-08-2025
16538,TERM_4,7150,0,0,2025-03-10,1912,Fees Collected for TERM_4 ON 10-03-2025
16362,TERM_1,7150,0,0,2024-09-11,287,Fees Collected for TERM_1 ON 11-09-2024
16362,TERM_2,7550,0,0,2025-08-22,287,Fees Collected for TERM_2 ON 22-08-2025
16362,TERM_3,7150,0,0,2025-11-04,287,Fees Collected for TERM_3 ON 04-11-2025
16362,TERM_4,7150,0,0,2025-02-17,287,Fees Collected for TERM_4 ON 17-02-2025
17090,TERM_1,0,0,0,2025-08-23,0,Fees Collected for TERM_1 ON 23-08-2025
17090,TERM_2,0,0,0,2025-06-13,0,Fees Collected for TERM_2 ON 13-06-2025
17090,TERM_4,0,0,0,2025-01-16,0,Fees Collected for TERM_4 ON 16-01-2025
16988,TERM_1,7150,0,0,2024-09-04,496,Fees Collected for TERM_1 ON 04-09-2024
16988,TERM_2,7550,0,0,2025-12-03,496,Fees Collected for TERM_2 ON 03-12-2025
16988,TERM_3,7150,0,0,2024-12-24,496,Fees Collected for TERM_3 ON 24-12-2024
16988,TERM_4,7150,0,0,2025-02-27,496,Fees Collected for TERM_4 ON 27-02-2025
17012,TERM_1,7150,0,0,2024-10-04,520,Fees Collected for TERM_1 ON 04-10-2024
17012,TERM_2,7150,0,0,2025-01-10,520,Fees Collected for TERM_2 ON 10-01-2025
17012,TERM_3,7550,0,0,2025-04-18,520,Fees Collected for TERM_3 ON 18-04-2025
17012,TERM_4,7150,0,0,2024-06-21,520,Fees Collected for TERM_4 ON 21-06-2024
16325,TERM_1,7150,0,0,2025-12-10,290,Fees Collected for TERM_1 ON 10-12-2025
16325,TERM_2,7550,0,0,2024-12-31,290,Fees Collected for TERM_2 ON 31-12-2024
16325,TERM_3,7150,0,0,2025-07-05,290,Fees Collected for TERM_3 ON 05-07-2025
16325,TERM_4,7150,0,0,2025-03-20,290,Fees Collected for TERM_4 ON 20-03-2025
16631,TERM_1,7150,0,0,2025-07-21,0,Fees Collected for TERM_1 ON 21-07-2025
16631,TERM_2,7550,0,0,2025-05-03,0,Fees Collected for TERM_2 ON 03-05-2025
16631,TERM_3,0,7150,0,2024-11-11,0,Fees Collected for TERM_3 ON 11-11-2024
16631,TERM_4,0,7150,0,2024-11-27,0,Fees Collected for TERM_4 ON 27-11-2024
16756,TERM_1,7150,0,0,2025-09-25,260,Fees Collected for TERM_1 ON 25-09-2025
16756,TERM_2,7550,0,0,2024-08-26,260,Fees Collected for TERM_2 ON 26-08-2024
16756,TERM_3,7150,0,0,2025-06-02,260,Fees Collected for TERM_3 ON 02-06-2025
16756,TERM_4,7150,0,0,2024-08-09,260,Fees Collected for TERM_4 ON 09-08-2024
16323,TERM_1,7150,0,0,2024-12-02,293,Fees Collected for TERM_1 ON 02-12-2024
16323,TERM_2,7550,0,0,2024-06-20,293,Fees Collected for TERM_2 ON 20-06-2024
16323,TERM_3,7150,0,0,2025-10-27,293,Fees Collected for TERM_3 ON 27-10-2025
16323,TERM_4,7150,0,0,2025-12-17,293,Fees Collected for TERM_4 ON 17-12-2025
17023,TERM_1,7150,0,0,2025-02-26,469,Fees Collected for TERM_1 ON 26-02-2025
17023,TERM_2,7550,0,0,2025-09-09,469,Fees Collected for TERM_2 ON 09-09-2025
17023,TERM_3,7150,0,0,2024-06-14,469,Fees Collected for TERM_3 ON 14-06-2024
17023,TERM_4,7150,0,0,2025-08-15,469,Fees Collected for TERM_4 ON 15-08-2025
16434,TERM_1,7150,0,0,2025-06-15,294,Fees Collected for TERM_1 ON 15-06-2025
16434,TERM_2,7550,0,0,2025-06-19,294,Fees Collected for TERM_2 ON 19-06-2025
16434,TERM_3,7150,0,0,2025-02-04,294,Fees Collected for TERM_3 ON 04-02-2025
16434,TERM_4,7150,0,0,2024-06-24,294,Fees Collected for TERM_4 ON 24-06-2024
16619,TERM_1,7150,0,0,2025-02-19,295,Fees Collected for TERM_1 ON 19-02-2025
16619,TERM_2,7550,0,0,2024-08-03,295,Fees Collected for TERM_2 ON 03-08-2024
16619,TERM_3,7150,0,0,2024-09-05,295,Fees Collected for TERM_3 ON 05-09-2024
16619,TERM_4,7150,0,0,2025-03-07,295,Fees Collected for TERM_4 ON 07-03-2025
16000,TERM_1,7150,0,0,2025-04-28,296,Fees Collected for TERM_1 ON 28-04-2025
16000,TERM_2,7550,0,0,2025-08-12,296,Fees Collected for TERM_2 ON 12-08-2025
16000,TERM_3,7150,0,0,2025-05-12,296,Fees Collected for TERM_3 ON 12-05-2025
16000,TERM_4,7150,0,0,2025-07-29,296,Fees Collected for TERM_4 ON 29-07-2025
16347,TERM_1,7150,0,0,2025-09-21,297,Fees Collected for TERM_1 ON 21-09-2025
16347,TERM_2,7550,0,0,2025-03-29,297,Fees Collected for TERM_2 ON 29-03-2025
16347,TERM_3,7150,0,0,2025-10-10,297,Fees Collected for TERM_3 ON 10-10-2025
16347,TERM_4,0,7150,0,2025-03-27,297,Fees Collected for TERM_4 ON 27-03-2025
16346,TERM_1,7150,0,0,2024-08-15,298,Fees Collected for TERM_1 ON 15-08-2024
16346,TERM_2,7550,0,0,2024-12-01,298,Fees Collected for TERM_2 ON 01-12-2024
16346,TERM_3,7150,0,0,2024-07-07,298,Fees Collected for TERM_3 ON 07-07-2024
16346,TERM_4,7150,0,0,2024-09-24,298,Fees Collected for TERM_4 ON 24-09-2024
16594,TERM_1,7150,0,0,2025-01-10,325,Fees Collected for TERM_1 ON 10-01-2025
16594,TERM_2,7550,0,0,2025-12-13,325,Fees Collected for TERM_2 ON 13-12-2025
16594,TERM_3,7150,0,0,2024-09-18,325,Fees Collected for TERM_3 ON 18-09-2024
16594,TERM_4,7150,0,0,2024-07-21,325,Fees Collected for TERM_4 ON 21-07-2024
16554,TERM_1,7150,0,0,2025-04-25,299,Fees Collected for TERM_1 ON 25-04-2025
16554,TERM_2,7550,0,0,2024-06-15,299,Fees Collected for TERM_2 ON 15-06-2024
16554,TERM_3,7150,0,0,2025-02-23,299,Fees Collected for TERM_3 ON 23-02-2025
16554,TERM_4,7150,0,0,2024-12-20,299,Fees Collected for TERM_4 ON 20-12-2024
16533,TERM_1,7150,0,0,2025-01-23,300,Fees Collected for TERM_1 ON 23-01-2025
16533,TERM_2,7550,0,0,2024-12-23,300,Fees Collected for TERM_2 ON 23-12-2024
16533,TERM_3,7150,0,0,2025-09-02,300,Fees Collected for TERM_3 ON 02-09-2025
16533,TERM_4,7150,0,0,2025-04-08,300,Fees Collected for TERM_4 ON 08-04-2025
16980,TERM_1,7150,0,0,2025-11-23,303,Fees Collected for TERM_1 ON 23-11-2025
16980,TERM_2,7550,0,0,2025-09-06,303,Fees Collected for TERM_2 ON 06-09-2025
16980,TERM_3,7150,0,0,2025-02-05,303,Fees Collected for TERM_3 ON 05-02-2025
16980,TERM_4,7150,0,0,2025-05-12,303,Fees Collected for TERM_4 ON 12-05-2025
16759,TERM_1,7150,0,0,2025-09-10,500,Fees Collected for TERM_1 ON 10-09-2025
16759,TERM_2,7550,0,0,2024-12-20,500,Fees Collected for TERM_2 ON 20-12-2024
16759,TERM_3,7150,0,0,2025-12-12,500,Fees Collected for TERM_3 ON 12-12-2025
16759,TERM_4,7150,0,0,2024-08-04,500,Fees Collected for TERM_4 ON 04-08-2024
16403,TERM_1,7150,0,0,2024-09-26,497,Fees Collected for TERM_1 ON 26-09-2024
16403,TERM_2,7550,0,0,2025-02-28,497,Fees Collected for TERM_2 ON 28-02-2025
16403,TERM_3,7150,0,0,2024-09-29,497,Fees Collected for TERM_3 ON 29-09-2024
16403,TERM_4,7150,0,0,2025-08-27,497,Fees Collected for TERM_4 ON 27-08-2025
16598,TERM_1,7150,0,0,2025-06-22,280,Fees Collected for TERM_1 ON 22-06-2025
16598,TERM_2,7550,0,0,2024-10-12,280,Fees Collected for TERM_2 ON 12-10-2024
16598,TERM_3,7150,0,0,2024-08-28,280,Fees Collected for TERM_3 ON 28-08-2024
16598,TERM_4,7150,0,0,2025-11-05,280,Fees Collected for TERM_4 ON 05-11-2025
17129,TERM_1,0,0,0,2024-09-22,0,Fees Collected for TERM_1 ON 22-09-2024
17129,TERM_2,0,0,0,2025-10-09,0,Fees Collected for TERM_2 ON 09-10-2025
17129,TERM_4,0,0,0,2025-04-01,0,Fees Collected for TERM_4 ON 01-04-2025
16633,TERM_1,7150,0,0,2025-09-02,1921,Fees Collected for TERM_1 ON 02-09-2025
16633,TERM_2,7550,0,0,2025-04-13,1921,Fees Collected for TERM_2 ON 13-04-2025
16633,TERM_3,7150,0,0,2024-07-29,1921,Fees Collected for TERM_3 ON 29-07-2024
16633,TERM_4,7150,0,0,2025-06-08,1921,Fees Collected for TERM_4 ON 08-06-2025
16838,TERM_1,7150,0,0,2024-07-08,231,Fees Collected for TERM_1 ON 08-07-2024
16838,TERM_2,7550,0,0,2024-07-27,231,Fees Collected for TERM_2 ON 27-07-2024
16838,TERM_3,7150,0,0,2025-09-08,231,Fees Collected for TERM_3 ON 08-09-2025
16838,TERM_4,7150,0,0,2024-10-24,231,Fees Collected for TERM_4 ON 24-10-2024
17088,TERM_1,0,0,0,2024-11-29,0,Fees Collected for TERM_1 ON 29-11-2024
17088,TERM_2,0,0,0,2024-12-17,0,Fees Collected for TERM_2 ON 17-12-2024
17088,TERM_4,0,0,0,2025-10-03,0,Fees Collected for TERM_4 ON 03-10-2025
16327,TERM_1,7150,0,0,2024-12-30,234,Fees Collected for TERM_1 ON 30-12-2024
16327,TERM_2,7550,0,0,2025-11-28,234,Fees Collected for TERM_2 ON 28-11-2025
16327,TERM_3,7150,0,0,2025-09-25,234,Fees Collected for TERM_3 ON 25-09-2025
16327,TERM_4,7150,0,0,2025-07-01,234,Fees Collected for TERM_4 ON 01-07-2025
16410,TERM_1,7150,0,0,2025-01-06,478,Fees Collected for TERM_1 ON 06-01-2025
16410,TERM_2,7550,0,0,2024-12-22,478,Fees Collected for TERM_2 ON 22-12-2024
16410,TERM_3,7150,0,0,2025-02-01,478,Fees Collected for TERM_3 ON 01-02-2025
16410,TERM_4,7150,0,0,2024-08-09,478,Fees Collected for TERM_4 ON 09-08-2024
16927,TERM_1,7150,0,0,2024-07-16,489,Fees Collected for TERM_1 ON 16-07-2024
16927,TERM_2,7550,0,0,2024-08-09,489,Fees Collected for TERM_2 ON 09-08-2024
16927,TERM_3,7150,0,0,2025-08-15,489,Fees Collected for TERM_3 ON 15-08-2025
16927,TERM_4,7150,0,0,2024-10-19,489,Fees Collected for TERM_4 ON 19-10-2024
16511,TERM_1,0,0,0,2025-09-16,0,Fees Collected for TERM_1 ON 16-09-2025
16511,TERM_2,0,0,0,2025-07-07,0,Fees Collected for TERM_2 ON 07-07-2025
16511,TERM_4,0,0,0,2024-10-26,0,Fees Collected for TERM_4 ON 26-10-2024
16340,TERM_1,7150,0,0,2025-03-07,237,Fees Collected for TERM_1 ON 07-03-2025
16340,TERM_2,7550,0,0,2025-08-21,237,Fees Collected for TERM_2 ON 21-08-2025
16340,TERM_3,7150,0,0,2024-09-20,237,Fees Collected for TERM_3 ON 20-09-2024
16340,TERM_4,6650,500,0,2025-04-06,237,Fees Collected for TERM_4 ON 06-04-2025
16953,TERM_1,7150,0,0,2024-08-31,301,Fees Collected for TERM_1 ON 31-08-2024
16953,TERM_2,7550,0,0,2025-12-15,301,Fees Collected for TERM_2 ON 15-12-2025
16953,TERM_3,7150,0,0,2024-11-09,301,Fees Collected for TERM_3 ON 09-11-2024
16953,TERM_4,7150,0,0,2025-09-14,301,Fees Collected for TERM_4 ON 14-09-2025
17120,TERM_1,0,0,0,2024-10-13,0,Fees Collected for TERM_1 ON 13-10-2024
17120,TERM_2,0,0,0,2025-04-02,0,Fees Collected for TERM_2 ON 02-04-2025
17120,TERM_4,0,0,0,2025-09-24,0,Fees Collected for TERM_4 ON 24-09-2025
16586,TERM_1,7150,0,0,2025-12-27,240,Fees Collected for TERM_1 ON 27-12-2025
16586,TERM_2,7550,0,0,2025-02-03,240,Fees Collected for TERM_2 ON 03-02-2025
16586,TERM_3,7150,0,0,2025-09-18,240,Fees Collected for TERM_3 ON 18-09-2025
16586,TERM_4,7150,0,0,2024-07-08,240,Fees Collected for TERM_4 ON 08-07-2024
16585,TERM_1,7150,0,0,2025-05-14,330,Fees Collected for TERM_1 ON 14-05-2025
16585,TERM_2,7550,0,0,2024-08-05,330,Fees Collected for TERM_2 ON 05-08-2024
16585,TERM_3,7150,0,0,2024-10-05,330,Fees Collected for TERM_3 ON 05-10-2024
16585,TERM_4,7150,0,0,2025-10-27,330,Fees Collected for TERM_4 ON 27-10-2025
16392,TERM_1,7150,0,0,2025-07-08,1913,Fees Collected for TERM_1 ON 08-07-2025
16392,TERM_2,7550,0,0,2025-05-17,1913,Fees Collected for TERM_2 ON 17-05-2025
16392,TERM_3,7150,0,0,2024-11-14,1913,Fees Collected for TERM_3 ON 14-11-2024
16392,TERM_4,7150,0,0,2024-10-03,1913,Fees Collected for TERM_4 ON 03-10-2024
16744,TERM_1,7150,0,0,2025-08-30,283,Fees Collected for TERM_1 ON 30-08-2025
16744,TERM_2,7550,0,0,2025-09-29,283,Fees Collected for TERM_2 ON 29-09-2025
16744,TERM_3,7150,0,0,2025-03-24,283,Fees Collected for TERM_3 ON 24-03-2025
16744,TERM_4,7150,0,0,2025-07-13,283,Fees Collected for TERM_4 ON 13-07-2025
16519,TERM_1,0,0,0,2025-11-06,0,Fees Collected for TERM_1 ON 06-11-2025
16519,TERM_2,0,0,0,2024-12-14,0,Fees Collected for TERM_2 ON 14-12-2024
16519,TERM_4,0,0,0,2025-12-05,0,Fees Collected for TERM_4 ON 05-12-2025
16406,TERM_1,7150,0,0,2025-02-11,284,Fees Collected for TERM_1 ON 11-02-2025
16406,TERM_2,7550,0,0,2024-07-25,284,Fees Collected for TERM_2 ON 25-07-2024
16406,TERM_3,7150,0,0,2025-07-15,284,Fees Collected for TERM_3 ON 15-07-2025
16406,TERM_4,7150,0,0,2024-06-28,284,Fees Collected for TERM_4 ON 28-06-2024
16507,TERM_1,7150,0,0,2025-08-12,248,Fees Collected for TERM_1 ON 12-08-2025
16507,TERM_2,7550,0,0,2025-07-11,248,Fees Collected for TERM_2 ON 11-07-2025
16507,TERM_3,7150,0,0,2025-10-02,248,Fees Collected for TERM_3 ON 02-10-2025
16507,TERM_4,0,7150,0,2025-05-17,248,Fees Collected for TERM_4 ON 17-05-2025
16333,TERM_1,7150,0,0,2025-07-29,251,Fees Collected for TERM_1 ON 29-07-2025
16333,TERM_2,7550,0,0,2024-11-02,251,Fees Collected for TERM_2 ON 02-11-2024
16333,TERM_3,7150,0,0,2025-11-09,251,Fees Collected for TERM_3 ON 09-11-2025
16333,TERM_4,7150,0,0,2024-08-28,251,Fees Collected for TERM_4 ON 28-08-2024
17121,TERM_1,0,0,0,2025-11-23,0,Fees Collected for TERM_1 ON 23-11-2025
17121,TERM_2,0,0,0,2024-11-07,0,Fees Collected for TERM_2 ON 07-11-2024
17121,TERM_4,0,0,0,2025-01-23,0,Fees Collected for TERM_4 ON 23-01-2025
16758,TERM_1,7150,0,0,2025-07-11,253,Fees Collected for TERM_1 ON 11-07-2025
16758,TERM_2,7550,0,0,2024-06-22,253,Fees Collected for TERM_2 ON 22-06-2024
16758,TERM_3,7150,0,0,2024-11-23,253,Fees Collected for TERM_3 ON 23-11-2024
16758,TERM_4,7150,0,0,2024-07-03,253,Fees Collected for TERM_4 ON 03-07-2024
16497,TERM_1,7150,0,0,2024-08-27,288,Fees Collected for TERM_1 ON 27-08-2024
16497,TERM_2,7550,0,0,2024-06-20,288,Fees Collected for TERM_2 ON 20-06-2024
16497,TERM_3,7150,0,0,2025-03-02,288,Fees Collected for TERM_3 ON 02-03-2025
16497,TERM_4,7150,0,0,2025-06-23,288,Fees Collected for TERM_4 ON 23-06-2025
16793,TERM_1,7150,0,0,2024-10-17,358,Fees Collected for TERM_1 ON 17-10-2024
16793,TERM_2,7550,0,0,2025-02-04,358,Fees Collected for TERM_2 ON 04-02-2025
16793,TERM_3,7150,0,0,2025-09-15,358,Fees Collected for TERM_3 ON 15-09-2025
16793,TERM_4,7150,0,0,2025-05-06,358,Fees Collected for TERM_4 ON 06-05-2025
16693,TERM_1,7150,0,0,2025-08-28,1908,Fees Collected for TERM_1 ON 28-08-2025
16693,TERM_2,7550,0,0,2024-09-14,1908,Fees Collected for TERM_2 ON 14-09-2024
16693,TERM_3,7150,0,0,2025-04-02,1908,Fees Collected for TERM_3 ON 02-04-2025
16693,TERM_4,7150,0,0,2025-06-01,1908,Fees Collected for TERM_4 ON 01-06-2025
16385,TERM_1,7150,0,0,2025-03-12,289,Fees Collected for TERM_1 ON 12-03-2025
16385,TERM_2,7550,0,0,2024-08-22,289,Fees Collected for TERM_2 ON 22-08-2024
16385,TERM_3,7150,0,0,2024-07-14,289,Fees Collected for TERM_3 ON 14-07-2024
16385,TERM_4,7150,0,0,2024-12-07,289,Fees Collected for TERM_4 ON 07-12-2024
16992,TERM_1,7150,0,0,2024-12-01,494,Fees Collected for TERM_1 ON 01-12-2024
16992,TERM_2,7550,0,0,2025-07-25,494,Fees Collected for TERM_2 ON 25-07-2025
16992,TERM_3,7150,0,0,2024-07-13,494,Fees Collected for TERM_3 ON 13-07-2024
16992,TERM_4,7150,0,0,2025-04-21,494,Fees Collected for TERM_4 ON 21-04-2025
16827,TERM_1,7150,0,0,2025-01-18,505,Fees Collected for TERM_1 ON 18-01-2025
16827,TERM_2,7550,0,0,2024-07-04,505,Fees Collected for TERM_2 ON 04-07-2024
16827,TERM_3,7150,0,0,2025-06-22,505,Fees Collected for TERM_3 ON 22-06-2025
16827,TERM_4,7150,0,0,2024-08-29,505,Fees Collected for TERM_4 ON 29-08-2024
16494,TERM_1,7150,0,0,2024-12-14,498,Fees Collected for TERM_1 ON 14-12-2024
16494,TERM_2,7550,0,0,2025-01-16,498,Fees Collected for TERM_2 ON 16-01-2025
16494,TERM_3,7150,0,0,2024-08-05,498,Fees Collected for TERM_3 ON 05-08-2024
16494,TERM_4,7150,0,0,2024-06-20,498,Fees Collected for TERM_4 ON 20-06-2024
16605,TERM_1,7150,0,0,2025-08-11,259,Fees Collected for TERM_1 ON 11-08-2025
16605,TERM_2,7550,0,0,2025-08-07,259,Fees Collected for TERM_2 ON 07-08-2025
16605,TERM_3,7150,0,0,2024-07-09,259,Fees Collected for TERM_3 ON 09-07-2024
16605,TERM_4,7150,0,0,2025-03-23,259,Fees Collected for TERM_4 ON 23-03-2025
16411,TERM_1,7150,0,0,2025-03-16,269,Fees Collected for TERM_1 ON 16-03-2025
16411,TERM_2,7550,0,0,2025-05-05,269,Fees Collected for TERM_2 ON 05-05-2025
16411,TERM_3,7150,0,0,2025-07-19,269,Fees Collected for TERM_3 ON 19-07-2025
16411,TERM_4,7150,0,0,2024-07-03,269,Fees Collected for TERM_4 ON 03-07-2024
16361,TERM_1,7150,0,0,2025-01-31,352,Fees Collected for TERM_1 ON 31-01-2025
16361,TERM_2,7550,0,0,2025-03-02,352,Fees Collected for TERM_2 ON 02-03-2025
16361,TERM_3,7150,0,0,2024-07-25,352,Fees Collected for TERM_3 ON 25-07-2024
16361,TERM_4,7150,0,0,2025-07-16,352,Fees Collected for TERM_4 ON 16-07-2025
16483,TERM_1,7150,0,0,2025-05-09,263,Fees Collected for TERM_1 ON 09-05-2025
16483,TERM_2,7550,0,0,2025-08-17,263,Fees Collected for TERM_2 ON 17-08-2025
16483,TERM_3,0,7150,0,2024-12-13,263,Fees Collected for TERM_3 ON 13-12-2024
16483,TERM_4,0,7150,0,2025-11-01,263,Fees Collected for TERM_4 ON 01-11-2025
16364,TERM_1,0,0,0,2024-10-18,0,Fees Collected for TERM_1 ON 18-10-2024
16364,TERM_2,0,0,0,2025-12-19,0,Fees Collected for TERM_2 ON 19-12-2025
16364,TERM_4,0,0,0,2024-11-23,0,Fees Collected for TERM_4 ON 23-11-2024
16351,TERM_1,7150,0,0,2025-04-20,264,Fees Collected for TERM_1 ON 20-04-2025
16351,TERM_2,7550,0,0,2025-03-27,264,Fees Collected for TERM_2 ON 27-03-2025
16351,TERM_3,7150,0,0,2025-09-07,264,Fees Collected for TERM_3 ON 07-09-2025
16351,TERM_4,7150,0,0,2025-11-12,264,Fees Collected for TERM_4 ON 12-11-2025
16487,TERM_1,7150,0,0,2024-08-23,1904,Fees Collected for TERM_1 ON 23-08-2024
16487,TERM_2,7550,0,0,2024-11-30,1904,Fees Collected for TERM_2 ON 30-11-2024
16487,TERM_3,7150,0,0,2025-09-05,1904,Fees Collected for TERM_3 ON 05-09-2025
16487,TERM_4,7150,0,0,2024-06-23,1904,Fees Collected for TERM_4 ON 23-06-2024
16371,TERM_1,7150,0,0,2024-09-29,0,Fees Collected for TERM_1 ON 29-09-2024
16371,TERM_2,0,0,0,2025-01-22,0,Fees Collected for TERM_2 ON 22-01-2025
16371,TERM_4,0,0,0,2025-08-01,0,Fees Collected for TERM_4 ON 01-08-2025
16322,TERM_1,7150,0,0,2025-07-05,267,Fees Collected for TERM_1 ON 05-07-2025
16322,TERM_2,7550,0,0,2025-06-28,267,Fees Collected for TERM_2 ON 28-06-2025
16322,TERM_3,7150,0,0,2025-12-18,267,Fees Collected for TERM_3 ON 18-12-2025
16322,TERM_4,7150,0,0,2025-11-18,267,Fees Collected for TERM_4 ON 18-11-2025
17138,TERM_1,7150,0,0,2025-12-24,317,Fees Collected for TERM_1 ON 24-12-2025
17138,TERM_2,7550,0,0,2024-09-17,317,Fees Collected for TERM_2 ON 17-09-2024
17138,TERM_3,7150,0,0,2025-06-17,317,Fees Collected for TERM_3 ON 17-06-2025
17138,TERM_4,7150,0,0,2025-05-02,317,Fees Collected for TERM_4 ON 02-05-2025
17145,TERM_1,7150,0,0,2025-10-15,321,Fees Collected for TERM_1 ON 15-10-2025
17145,TERM_2,7550,0,0,2025-02-03,321,Fees Collected for TERM_2 ON 03-02-2025
17145,TERM_3,7150,0,0,2025-02-05,321,Fees Collected for TERM_3 ON 05-02-2025
17145,TERM_4,7150,0,0,2024-08-31,321,Fees Collected for TERM_4 ON 31-08-2024
16424,TERM_1,7150,0,0,2024-12-31,490,Fees Collected for TERM_1 ON 31-12-2024
16424,TERM_2,7550,0,0,2025-12-13,490,Fees Collected for TERM_2 ON 13-12-2025
16424,TERM_3,7150,0,0,2025-10-15,490,Fees Collected for TERM_3 ON 15-10-2025
16424,TERM_4,7150,0,0,2025-11-15,490,Fees Collected for TERM_4 ON 15-11-2025
16552,TERM_1,7150,0,0,2025-07-23,461,Fees Collected for TERM_1 ON 23-07-2025
16552,TERM_2,7550,0,0,2025-01-08,461,Fees Collected for TERM_2 ON 08-01-2025
16552,TERM_3,7150,0,0,2025-09-24,461,Fees Collected for TERM_3 ON 24-09-2025
16552,TERM_4,7150,0,0,2025-03-26,461,Fees Collected for TERM_4 ON 26-03-2025
16405,TERM_1,7150,0,0,2024-10-21,460,Fees Collected for TERM_1 ON 21-10-2024
16405,TERM_2,7550,0,0,2025-05-04,460,Fees Collected for TERM_2 ON 04-05-2025
16405,TERM_3,0,7150,0,2025-07-10,460,Fees Collected for TERM_3 ON 10-07-2025
16405,TERM_4,0,7150,0,2025-05-01,460,Fees Collected for TERM_4 ON 01-05-2025
16659,TERM_1,7150,0,0,2025-12-09,438,Fees Collected for TERM_1 ON 09-12-2025
16659,TERM_2,7550,0,0,2024-11-28,438,Fees Collected for TERM_2 ON 28-11-2024
16659,TERM_3,7150,0,0,2025-07-01,438,Fees Collected for TERM_3 ON 01-07-2025
16659,TERM_4,7150,0,0,2025-05-20,438,Fees Collected for TERM_4 ON 20-05-2025
16128,TERM_1,7150,0,0,2024-08-29,451,Fees Collected for TERM_1 ON 29-08-2024
16128,TERM_2,7550,0,0,2025-10-07,451,Fees Collected for TERM_2 ON 07-10-2025
16128,TERM_3,7150,0,0,2024-11-20,451,Fees Collected for TERM_3 ON 20-11-2024
16128,TERM_4,7150,0,0,2025-01-12,451,Fees Collected for TERM_4 ON 12-01-2025
17064,TERM_1,7150,0,0,2024-09-13,484,Fees Collected for TERM_1 ON 13-09-2024
17064,TERM_2,7550,0,0,2025-06-01,484,Fees Collected for TERM_2 ON 01-06-2025
17064,TERM_3,7150,0,0,2025-02-24,484,Fees Collected for TERM_3 ON 24-02-2025
17064,TERM_4,7150,0,0,2025-08-03,484,Fees Collected for TERM_4 ON 03-08-2025
16205,TERM_1,7150,0,0,2025-12-22,492,Fees Collected for TERM_1 ON 22-12-2025
16205,TERM_2,7550,0,0,2025-08-23,492,Fees Collected for TERM_2 ON 23-08-2025
16205,TERM_3,7150,0,0,2025-09-14,492,Fees Collected for TERM_3 ON 14-09-2025
16205,TERM_4,7150,0,0,2024-07-08,492,Fees Collected for TERM_4 ON 08-07-2024
16905,TERM_1,0,0,0,2025-08-15,0,Fees Collected for TERM_1 ON 15-08-2025
16905,TERM_2,0,0,0,2025-09-07,0,Fees Collected for TERM_2 ON 07-09-2025
16905,TERM_4,0,0,0,2025-08-15,0,Fees Collected for TERM_4 ON 15-08-2025
16316,TERM_1,7150,0,0,2025-12-15,458,Fees Collected for TERM_1 ON 15-12-2025
16316,TERM_2,7550,0,0,2025-03-12,458,Fees Collected for TERM_2 ON 12-03-2025
16316,TERM_3,7150,0,0,2025-08-26,458,Fees Collected for TERM_3 ON 26-08-2025
16316,TERM_4,7150,0,0,2024-09-17,458,Fees Collected for TERM_4 ON 17-09-2024
16374,TERM_1,7150,0,0,2025-06-08,450,Fees Collected for TERM_1 ON 08-06-2025
16374,TERM_2,7550,0,0,2025-10-04,450,Fees Collected for TERM_2 ON 04-10-2025
16374,TERM_3,7150,0,0,2025-04-10,450,Fees Collected for TERM_3 ON 10-04-2025
16374,TERM_4,2150,5000,0,2025-10-04,450,Fees Collected for TERM_4 ON 04-10-2025
16482,TERM_1,7150,0,0,2025-11-26,439,Fees Collected for TERM_1 ON 26-11-2025
16482,TERM_2,7550,0,0,2024-06-28,439,Fees Collected for TERM_2 ON 28-06-2024
16482,TERM_3,7150,0,0,2025-09-13,439,Fees Collected for TERM_3 ON 13-09-2025
16482,TERM_4,7150,0,0,2025-11-15,439,Fees Collected for TERM_4 ON 15-11-2025
16107,TERM_1,7150,0,0,2025-12-06,445,Fees Collected for TERM_1 ON 06-12-2025
16107,TERM_2,7550,0,0,2025-10-16,445,Fees Collected for TERM_2 ON 16-10-2025
16107,TERM_3,7150,0,0,2025-04-28,445,Fees Collected for TERM_3 ON 28-04-2025
16107,TERM_4,7150,0,0,2025-10-27,445,Fees Collected for TERM_4 ON 27-10-2025
16259,TERM_1,7150,0,0,2025-05-07,382,Fees Collected for TERM_1 ON 07-05-2025
16259,TERM_2,7550,0,0,2025-05-14,382,Fees Collected for TERM_2 ON 14-05-2025
16259,TERM_3,7150,0,0,2025-08-29,382,Fees Collected for TERM_3 ON 29-08-2025
16259,TERM_4,7150,0,0,2024-06-24,382,Fees Collected for TERM_4 ON 24-06-2024
16306,TERM_1,7150,0,0,2024-08-01,455,Fees Collected for TERM_1 ON 01-08-2024
16306,TERM_2,7550,0,0,2025-08-23,455,Fees Collected for TERM_2 ON 23-08-2025
16306,TERM_3,7150,0,0,2025-10-17,455,Fees Collected for TERM_3 ON 17-10-2025
16306,TERM_4,7150,0,0,2025-04-12,455,Fees Collected for TERM_4 ON 12-04-2025
16560,TERM_1,7150,0,0,2025-01-25,324,Fees Collected for TERM_1 ON 25-01-2025
16560,TERM_2,7550,0,0,2024-08-20,324,Fees Collected for TERM_2 ON 20-08-2024
16560,TERM_4,0,0,0,2025-04-27,324,Fees Collected for TERM_4 ON 27-04-2025
16824,TERM_1,7150,0,0,2025-11-23,448,Fees Collected for TERM_1 ON 23-11-2025
16824,TERM_2,7550,0,0,2025-07-24,448,Fees Collected for TERM_2 ON 24-07-2025
16824,TERM_3,7150,0,0,2025-01-11,448,Fees Collected for TERM_3 ON 11-01-2025
16824,TERM_4,7150,0,0,2025-02-27,448,Fees Collected for TERM_4 ON 27-02-2025
16760,TERM_1,7150,0,0,2025-06-05,463,Fees Collected for TERM_1 ON 05-06-2025
16760,TERM_2,7550,0,0,2025-10-12,463,Fees Collected for TERM_2 ON 12-10-2025
16760,TERM_3,7150,0,0,2024-12-19,463,Fees Collected for TERM_3 ON 19-12-2024
16760,TERM_4,7150,0,0,2025-07-17,463,Fees Collected for TERM_4 ON 17-07-2025
17058,TERM_1,7150,0,0,2024-09-24,465,Fees Collected for TERM_1 ON 24-09-2024
17058,TERM_2,7550,0,0,2024-09-05,465,Fees Collected for TERM_2 ON 05-09-2024
17058,TERM_3,7150,0,0,2025-11-23,465,Fees Collected for TERM_3 ON 23-11-2025
17058,TERM_4,7150,0,0,2024-10-03,465,Fees Collected for TERM_4 ON 03-10-2024
16634,TERM_1,7150,0,0,2024-07-29,452,Fees Collected for TERM_1 ON 29-07-2024
16634,TERM_2,7550,0,0,2025-12-01,452,Fees Collected for TERM_2 ON 01-12-2025
16634,TERM_3,7150,0,0,2024-08-27,452,Fees Collected for TERM_3 ON 27-08-2024
16634,TERM_4,7150,0,0,2025-03-30,452,Fees Collected for TERM_4 ON 30-03-2025
16686,TERM_1,7150,0,0,2025-01-22,456,Fees Collected for TERM_1 ON 22-01-2025
16686,TERM_2,7550,0,0,2025-12-03,456,Fees Collected for TERM_2 ON 03-12-2025
16686,TERM_3,7150,0,0,2024-09-27,456,Fees Collected for TERM_3 ON 27-09-2024
16686,TERM_4,7150,0,0,2024-11-25,456,Fees Collected for TERM_4 ON 25-11-2024
16283,TERM_1,7150,0,0,2024-10-25,398,Fees Collected for TERM_1 ON 25-10-2024
16283,TERM_2,7550,0,0,2024-08-14,398,Fees Collected for TERM_2 ON 14-08-2024
16283,TERM_3,7150,0,0,2025-11-09,398,Fees Collected for TERM_3 ON 09-11-2025
16283,TERM_4,7150,0,0,2024-09-16,398,Fees Collected for TERM_4 ON 16-09-2024
16509,TERM_1,7150,0,0,2025-01-30,446,Fees Collected for TERM_1 ON 30-01-2025
16509,TERM_2,7550,0,0,2025-09-02,446,Fees Collected for TERM_2 ON 02-09-2025
16509,TERM_3,7150,0,0,2025-01-01,446,Fees Collected for TERM_3 ON 01-01-2025
16509,TERM_4,7150,0,0,2024-12-28,446,Fees Collected for TERM_4 ON 28-12-2024
16504,TERM_1,7150,0,0,2025-01-06,454,Fees Collected for TERM_1 ON 06-01-2025
16504,TERM_2,7550,0,0,2024-06-23,454,Fees Collected for TERM_2 ON 23-06-2024
16504,TERM_3,7150,0,0,2025-02-13,454,Fees Collected for TERM_3 ON 13-02-2025
16504,TERM_4,7150,0,0,2024-06-26,454,Fees Collected for TERM_4 ON 26-06-2024
16179,TERM_1,7150,0,0,2024-07-12,457,Fees Collected for TERM_1 ON 12-07-2024
16179,TERM_2,7550,0,0,2025-10-06,457,Fees Collected for TERM_2 ON 06-10-2025
16179,TERM_3,7150,0,0,2025-10-24,457,Fees Collected for TERM_3 ON 24-10-2025
16179,TERM_4,2150,5000,0,2024-09-29,457,Fees Collected for TERM_4 ON 29-09-2024
17091,TERM_1,7150,0,0,2025-12-24,506,Fees Collected for TERM_1 ON 24-12-2025
17091,TERM_2,7550,0,0,2025-11-20,506,Fees Collected for TERM_2 ON 20-11-2025
17091,TERM_3,7150,0,0,2024-09-17,506,Fees Collected for TERM_3 ON 17-09-2024
17091,TERM_4,6650,500,0,2024-11-18,506,Fees Collected for TERM_4 ON 18-11-2024
16341,TERM_1,7150,0,0,2025-04-24,316,Fees Collected for TERM_1 ON 24-04-2025
16341,TERM_2,7550,0,0,2025-10-01,316,Fees Collected for TERM_2 ON 01-10-2025
16341,TERM_3,7150,0,0,2025-10-13,316,Fees Collected for TERM_3 ON 13-10-2025
16341,TERM_4,7150,0,0,2025-09-06,316,Fees Collected for TERM_4 ON 06-09-2025
16144,TERM_1,7150,0,0,2024-09-23,453,Fees Collected for TERM_1 ON 23-09-2024
16144,TERM_2,7550,0,0,2025-05-10,453,Fees Collected for TERM_2 ON 10-05-2025
16144,TERM_3,7150,0,0,2024-09-21,453,Fees Collected for TERM_3 ON 21-09-2024
16144,TERM_4,7150,0,0,2025-06-03,453,Fees Collected for TERM_4 ON 03-06-2025
16204,TERM_1,7150,0,0,2025-09-25,441,Fees Collected for TERM_1 ON 25-09-2025
16204,TERM_2,7550,0,0,2025-05-13,441,Fees Collected for TERM_2 ON 13-05-2025
16204,TERM_3,7150,0,0,2025-03-28,441,Fees Collected for TERM_3 ON 28-03-2025
16204,TERM_4,7150,0,0,2024-07-30,441,Fees Collected for TERM_4 ON 30-07-2024
16674,TERM_1,7150,0,0,2024-08-26,432,Fees Collected for TERM_1 ON 26-08-2024
16674,TERM_2,7550,0,0,2025-10-09,432,Fees Collected for TERM_2 ON 09-10-2025
16674,TERM_3,7150,0,0,2025-12-10,432,Fees Collected for TERM_3 ON 10-12-2025
16674,TERM_4,7150,0,0,2025-06-01,432,Fees Collected for TERM_4 ON 01-06-2025
16422,TERM_1,7150,0,0,2025-12-09,383,Fees Collected for TERM_1 ON 09-12-2025
16422,TERM_2,7550,0,0,2025-06-02,383,Fees Collected for TERM_2 ON 02-06-2025
16422,TERM_3,7150,0,0,2024-07-11,383,Fees Collected for TERM_3 ON 11-07-2024
16422,TERM_4,7150,0,0,2025-01-14,383,Fees Collected for TERM_4 ON 14-01-2025
17020,TERM_1,7150,0,0,2025-04-29,468,Fees Collected for TERM_1 ON 29-04-2025
17020,TERM_2,7550,0,0,2025-06-06,468,Fees Collected for TERM_2 ON 06-06-2025
17020,TERM_3,7150,0,0,2025-11-11,468,Fees Collected for TERM_3 ON 11-11-2025
17020,TERM_4,0,7150,0,2025-09-22,468,Fees Collected for TERM_4 ON 22-09-2025
16717,TERM_1,7150,0,0,2025-07-28,449,Fees Collected for TERM_1 ON 28-07-2025
16717,TERM_2,7550,0,0,2024-12-09,449,Fees Collected for TERM_2 ON 09-12-2024
16717,TERM_3,7150,0,0,2025-10-25,449,Fees Collected for TERM_3 ON 25-10-2025
16717,TERM_4,7150,0,0,2025-09-15,449,Fees Collected for TERM_4 ON 15-09-2025
16386,TERM_1,7150,0,0,2025-09-04,511,Fees Collected for TERM_1 ON 04-09-2025
16386,TERM_2,7550,0,0,2025-07-09,511,Fees Collected for TERM_2 ON 09-07-2025
16386,TERM_3,7150,0,0,2024-09-10,511,Fees Collected for TERM_3 ON 10-09-2024
16386,TERM_4,7150,0,0,2025-12-24,511,Fees Collected for TERM_4 ON 24-12-2025
16025,TERM_1,7150,0,0,2025-12-11,462,Fees Collected for TERM_1 ON 11-12-2025
16025,TERM_2,7550,0,0,2025-02-08,462,Fees Collected for TERM_2 ON 08-02-2025
16025,TERM_3,7150,0,0,2024-06-13,462,Fees Collected for TERM_3 ON 13-06-2024
16025,TERM_4,7150,0,0,2025-11-28,462,Fees Collected for TERM_4 ON 28-11-2025
17135,TERM_1,7150,0,0,2025-03-12,314,Fees Collected for TERM_1 ON 12-03-2025
17135,TERM_2,7550,0,0,2025-03-07,314,Fees Collected for TERM_2 ON 07-03-2025
17135,TERM_3,7150,0,0,2024-07-19,314,Fees Collected for TERM_3 ON 19-07-2024
17135,TERM_4,7150,0,0,2025-10-15,314,Fees Collected for TERM_4 ON 15-10-2025
17147,TERM_1,7150,0,0,2024-08-03,322,Fees Collected for TERM_1 ON 03-08-2024
17147,TERM_2,7550,0,0,2024-09-25,322,Fees Collected for TERM_2 ON 25-09-2024
17147,TERM_3,7150,0,0,2025-09-30,322,Fees Collected for TERM_3 ON 30-09-2025
17147,TERM_4,7150,0,0,2025-01-25,322,Fees Collected for TERM_4 ON 25-01-2025
16012,TERM_1,7150,0,0,2025-03-10,334,Fees Collected for TERM_1 ON 10-03-2025
16012,TERM_2,7550,0,0,2024-06-26,334,Fees Collected for TERM_2 ON 26-06-2024
16012,TERM_3,7150,0,0,2025-06-26,334,Fees Collected for TERM_3 ON 26-06-2025
16012,TERM_4,7150,0,0,2024-12-27,334,Fees Collected for TERM_4 ON 27-12-2024
16015,TERM_1,7150,0,0,2024-08-07,335,Fees Collected for TERM_1 ON 07-08-2024
16015,TERM_2,7550,0,0,2024-10-20,335,Fees Collected for TERM_2 ON 20-10-2024
16015,TERM_3,7150,0,0,2024-10-13,335,Fees Collected for TERM_3 ON 13-10-2024
16015,TERM_4,7150,0,0,2024-12-15,335,Fees Collected for TERM_4 ON 15-12-2024
16162,TERM_1,7150,0,0,2024-10-13,336,Fees Collected for TERM_1 ON 13-10-2024
16162,TERM_2,7550,0,0,2025-04-27,336,Fees Collected for TERM_2 ON 27-04-2025
16162,TERM_3,7150,0,0,2025-07-26,336,Fees Collected for TERM_3 ON 26-07-2025
16162,TERM_4,7150,0,0,2024-07-13,336,Fees Collected for TERM_4 ON 13-07-2024
16300,TERM_1,7150,0,0,2025-09-27,337,Fees Collected for TERM_1 ON 27-09-2025
16300,TERM_2,7550,0,0,2025-12-16,337,Fees Collected for TERM_2 ON 16-12-2025
16300,TERM_3,7150,0,0,2025-12-01,337,Fees Collected for TERM_3 ON 01-12-2025
16300,TERM_4,7150,0,0,2025-11-04,337,Fees Collected for TERM_4 ON 04-11-2025
16666,TERM_1,7150,0,0,2025-04-25,338,Fees Collected for TERM_1 ON 25-04-2025
16666,TERM_2,7550,0,0,2025-02-05,338,Fees Collected for TERM_2 ON 05-02-2025
16666,TERM_3,7150,0,0,2024-09-24,338,Fees Collected for TERM_3 ON 24-09-2024
16666,TERM_4,7150,0,0,2025-05-10,338,Fees Collected for TERM_4 ON 10-05-2025
16716,TERM_1,7150,0,0,2025-02-08,348,Fees Collected for TERM_1 ON 08-02-2025
16716,TERM_2,7550,0,0,2024-12-19,348,Fees Collected for TERM_2 ON 19-12-2024
16716,TERM_3,7150,0,0,2024-11-14,348,Fees Collected for TERM_3 ON 14-11-2024
16716,TERM_4,7150,0,0,2024-10-28,348,Fees Collected for TERM_4 ON 28-10-2024
16600,TERM_1,7150,0,0,2024-08-16,1902,Fees Collected for TERM_1 ON 16-08-2024
16600,TERM_2,7550,0,0,2024-11-03,1902,Fees Collected for TERM_2 ON 03-11-2024
16600,TERM_3,0,7150,0,2024-12-19,1902,Fees Collected for TERM_3 ON 19-12-2024
16600,TERM_4,0,7150,0,2024-07-06,1902,Fees Collected for TERM_4 ON 06-07-2024
16248,TERM_1,7150,0,0,2024-07-13,340,Fees Collected for TERM_1 ON 13-07-2024
16248,TERM_2,7550,0,0,2025-09-01,340,Fees Collected for TERM_2 ON 01-09-2025
16248,TERM_3,7150,0,0,2024-10-29,340,Fees Collected for TERM_3 ON 29-10-2024
16248,TERM_4,7150,0,0,2025-02-12,340,Fees Collected for TERM_4 ON 12-02-2025
16312,TERM_1,7150,0,0,2024-12-24,341,Fees Collected for TERM_1 ON 24-12-2024
16312,TERM_2,7550,0,0,2025-10-09,341,Fees Collected for TERM_2 ON 09-10-2025
16312,TERM_3,7150,0,0,2025-10-28,341,Fees Collected for TERM_3 ON 28-10-2025
16312,TERM_4,7150,0,0,2025-03-27,341,Fees Collected for TERM_4 ON 27-03-2025
16281,TERM_1,7150,0,0,2025-04-27,242,Fees Collected for TERM_1 ON 27-04-2025
16281,TERM_2,7550,0,0,2024-11-03,242,Fees Collected for TERM_2 ON 03-11-2024
16281,TERM_3,7150,0,0,2025-07-05,242,Fees Collected for TERM_3 ON 05-07-2025
16281,TERM_4,7150,0,0,2025-04-12,242,Fees Collected for TERM_4 ON 12-04-2025
16442,TERM_1,7150,0,0,2024-07-24,343,Fees Collected for TERM_1 ON 24-07-2024
16442,TERM_2,7550,0,0,2025-12-05,343,Fees Collected for TERM_2 ON 05-12-2025
16442,TERM_3,7150,0,0,2025-07-06,343,Fees Collected for TERM_3 ON 06-07-2025
16442,TERM_4,7150,0,0,2025-06-13,343,Fees Collected for TERM_4 ON 13-06-2025
16400,TERM_1,7150,0,0,2025-04-16,344,Fees Collected for TERM_1 ON 16-04-2025
16400,TERM_2,7550,0,0,2024-11-14,344,Fees Collected for TERM_2 ON 14-11-2024
16400,TERM_3,7150,0,0,2025-01-09,344,Fees Collected for TERM_3 ON 09-01-2025
16400,TERM_4,7150,0,0,2025-08-31,344,Fees Collected for TERM_4 ON 31-08-2025
16344,TERM_1,7150,0,0,2024-08-29,345,Fees Collected for TERM_1 ON 29-08-2024
16344,TERM_2,7550,0,0,2025-08-26,345,Fees Collected for TERM_2 ON 26-08-2025
16344,TERM_3,7150,0,0,2025-10-27,345,Fees Collected for TERM_3 ON 27-10-2025
16344,TERM_4,7150,0,0,2025-05-04,345,Fees Collected for TERM_4 ON 04-05-2025
16665,TERM_1,0,0,0,2025-10-03,0,Fees Collected for TERM_1 ON 03-10-2025
16665,TERM_2,0,0,0,2025-01-31,0,Fees Collected for TERM_2 ON 31-01-2025
16665,TERM_4,0,0,0,2025-03-29,0,Fees Collected for TERM_4 ON 29-03-2025
16381,TERM_1,7150,0,0,2024-12-16,347,Fees Collected for TERM_1 ON 16-12-2024
16381,TERM_2,7550,0,0,2024-12-15,347,Fees Collected for TERM_2 ON 15-12-2024
16381,TERM_3,7150,0,0,2024-11-23,347,Fees Collected for TERM_3 ON 23-11-2024
16381,TERM_4,7150,0,0,2025-08-30,347,Fees Collected for TERM_4 ON 30-08-2025
16658,TERM_1,7150,0,0,2025-06-17,349,Fees Collected for TERM_1 ON 17-06-2025
16658,TERM_2,7550,0,0,2025-08-06,349,Fees Collected for TERM_2 ON 06-08-2025
16658,TERM_3,7150,0,0,2025-11-29,349,Fees Collected for TERM_3 ON 29-11-2025
16658,TERM_4,7150,0,0,2025-08-09,349,Fees Collected for TERM_4 ON 09-08-2025
16900,TERM_1,7150,0,0,2024-10-12,350,Fees Collected for TERM_1 ON 12-10-2024
16900,TERM_2,7550,0,0,2025-10-15,350,Fees Collected for TERM_2 ON 15-10-2025
16900,TERM_3,7150,0,0,2025-01-30,350,Fees Collected for TERM_3 ON 30-01-2025
16900,TERM_4,7150,0,0,2025-05-31,350,Fees Collected for TERM_4 ON 31-05-2025
16156,TERM_1,7150,0,0,2025-11-05,368,Fees Collected for TERM_1 ON 05-11-2025
16156,TERM_2,7550,0,0,2024-09-01,368,Fees Collected for TERM_2 ON 01-09-2024
16156,TERM_3,7150,0,0,2024-10-01,368,Fees Collected for TERM_3 ON 01-10-2024
16156,TERM_4,7150,0,0,2024-09-22,368,Fees Collected for TERM_4 ON 22-09-2024
16142,TERM_1,7150,0,0,2025-04-03,369,Fees Collected for TERM_1 ON 03-04-2025
16142,TERM_2,7550,0,0,2024-07-02,369,Fees Collected for TERM_2 ON 02-07-2024
16142,TERM_3,7150,0,0,2025-05-31,369,Fees Collected for TERM_3 ON 31-05-2025
16142,TERM_4,7150,0,0,2024-07-03,369,Fees Collected for TERM_4 ON 03-07-2024
16822,TERM_1,7150,0,0,2024-08-26,370,Fees Collected for TERM_1 ON 26-08-2024
16822,TERM_2,7550,0,0,2025-05-02,370,Fees Collected for TERM_2 ON 02-05-2025
16822,TERM_3,7150,0,0,2024-07-29,370,Fees Collected for TERM_3 ON 29-07-2024
16822,TERM_4,7150,0,0,2024-09-24,370,Fees Collected for TERM_4 ON 24-09-2024
16808,TERM_1,7150,0,0,2025-09-06,371,Fees Collected for TERM_1 ON 06-09-2025
16808,TERM_2,7550,0,0,2025-08-03,371,Fees Collected for TERM_2 ON 03-08-2025
16808,TERM_3,7150,0,0,2025-07-20,371,Fees Collected for TERM_3 ON 20-07-2025
16808,TERM_4,7150,0,0,2025-12-17,371,Fees Collected for TERM_4 ON 17-12-2025
17055,TERM_1,7150,0,0,2024-06-24,473,Fees Collected for TERM_1 ON 24-06-2024
17055,TERM_2,7550,0,0,2025-10-10,473,Fees Collected for TERM_2 ON 10-10-2025
17055,TERM_3,7150,0,0,2025-09-07,473,Fees Collected for TERM_3 ON 07-09-2025
17055,TERM_4,7150,0,0,2024-06-22,473,Fees Collected for TERM_4 ON 22-06-2024
17077,TERM_1,7150,0,0,2024-10-01,367,Fees Collected for TERM_1 ON 01-10-2024
17077,TERM_2,7550,0,0,2024-08-12,367,Fees Collected for TERM_2 ON 12-08-2024
17077,TERM_3,7150,0,0,2025-05-21,367,Fees Collected for TERM_3 ON 21-05-2025
17077,TERM_4,7150,0,0,2024-12-09,367,Fees Collected for TERM_4 ON 09-12-2024
16190,TERM_1,7150,0,0,2025-08-05,372,Fees Collected for TERM_1 ON 05-08-2025
16190,TERM_2,7550,0,0,2025-07-12,372,Fees Collected for TERM_2 ON 12-07-2025
16190,TERM_3,7150,0,0,2025-06-13,372,Fees Collected for TERM_3 ON 13-06-2025
16190,TERM_4,7150,0,0,2025-03-02,372,Fees Collected for TERM_4 ON 02-03-2025
16875,TERM_1,7150,0,0,2025-12-23,373,Fees Collected for TERM_1 ON 23-12-2025
16875,TERM_2,7550,0,0,2025-01-29,373,Fees Collected for TERM_2 ON 29-01-2025
16875,TERM_3,7150,0,0,2025-04-22,373,Fees Collected for TERM_3 ON 22-04-2025
16875,TERM_4,7150,0,0,2025-02-04,373,Fees Collected for TERM_4 ON 04-02-2025
17123,TERM_1,7150,0,0,2025-10-11,491,Fees Collected for TERM_1 ON 11-10-2025
17123,TERM_2,7550,0,0,2025-05-04,491,Fees Collected for TERM_2 ON 04-05-2025
17123,TERM_3,7150,0,0,2025-01-25,491,Fees Collected for TERM_3 ON 25-01-2025
17123,TERM_4,7150,0,0,2024-06-29,491,Fees Collected for TERM_4 ON 29-06-2024
16904,TERM_1,7150,0,0,2025-01-16,374,Fees Collected for TERM_1 ON 16-01-2025
16904,TERM_2,7550,0,0,2025-10-17,374,Fees Collected for TERM_2 ON 17-10-2025
16904,TERM_3,7150,0,0,2024-08-09,374,Fees Collected for TERM_3 ON 09-08-2024
16904,TERM_4,0,0,0,2025-01-10,374,Fees Collected for TERM_4 ON 10-01-2025
17028,TERM_1,7150,0,0,2025-04-30,471,Fees Collected for TERM_1 ON 30-04-2025
17028,TERM_2,7550,0,0,2025-07-08,471,Fees Collected for TERM_2 ON 08-07-2025
17028,TERM_3,7150,0,0,2025-09-19,471,Fees Collected for TERM_3 ON 19-09-2025
17028,TERM_4,7150,0,0,2025-02-09,471,Fees Collected for TERM_4 ON 09-02-2025
16835,TERM_1,0,0,0,2025-08-10,0,Fees Collected for TERM_1 ON 10-08-2025
16835,TERM_2,0,0,0,2024-10-16,0,Fees Collected for TERM_2 ON 16-10-2024
16835,TERM_4,0,0,0,2025-05-04,0,Fees Collected for TERM_4 ON 04-05-2025
16282,TERM_1,7150,0,0,2025-08-18,375,Fees Collected for TERM_1 ON 18-08-2025
16282,TERM_2,7550,0,0,2025-04-15,375,Fees Collected for TERM_2 ON 15-04-2025
16282,TERM_3,7150,0,0,2025-10-16,375,Fees Collected for TERM_3 ON 16-10-2025
16282,TERM_4,7150,0,0,2024-08-26,375,Fees Collected for TERM_4 ON 26-08-2024
16702,TERM_1,7150,0,0,2025-01-16,376,Fees Collected for TERM_1 ON 16-01-2025
16702,TERM_2,7550,0,0,2025-07-29,376,Fees Collected for TERM_2 ON 29-07-2025
16702,TERM_3,7150,0,0,2025-12-26,376,Fees Collected for TERM_3 ON 26-12-2025
16702,TERM_4,7150,0,0,2024-08-01,376,Fees Collected for TERM_4 ON 01-08-2024
16308,TERM_1,7150,0,0,2024-07-16,377,Fees Collected for TERM_1 ON 16-07-2024
16308,TERM_2,7550,0,0,2025-11-29,377,Fees Collected for TERM_2 ON 29-11-2025
16308,TERM_3,7150,0,0,2025-05-23,377,Fees Collected for TERM_3 ON 23-05-2025
16308,TERM_4,7150,0,0,2025-05-01,377,Fees Collected for TERM_4 ON 01-05-2025
16262,TERM_1,7150,0,0,2025-12-26,378,Fees Collected for TERM_1 ON 26-12-2025
16262,TERM_2,7550,0,0,2025-09-27,378,Fees Collected for TERM_2 ON 27-09-2025
16262,TERM_3,7150,0,0,2025-12-06,378,Fees Collected for TERM_3 ON 06-12-2025
16262,TERM_4,7150,0,0,2024-10-20,378,Fees Collected for TERM_4 ON 20-10-2024
16140,TERM_1,0,0,0,2024-07-10,0,Fees Collected for TERM_1 ON 10-07-2024
16140,TERM_2,0,0,0,2025-01-10,0,Fees Collected for TERM_2 ON 10-01-2025
16140,TERM_4,0,0,0,2025-08-18,0,Fees Collected for TERM_4 ON 18-08-2025
17141,TERM_1,7150,0,0,2025-01-14,320,Fees Collected for TERM_1 ON 14-01-2025
17141,TERM_2,0,0,0,2024-08-24,320,Fees Collected for TERM_2 ON 24-08-2024
17141,TERM_4,0,0,0,2025-03-24,320,Fees Collected for TERM_4 ON 24-03-2025
17142,TERM_1,7150,0,0,2024-09-27,319,Fees Collected for TERM_1 ON 27-09-2024
17142,TERM_2,0,0,0,2025-12-19,319,Fees Collected for TERM_2 ON 19-12-2025
17142,TERM_4,0,0,0,2025-11-22,319,Fees Collected for TERM_4 ON 22-11-2025
16363,TERM_1,7150,0,0,2025-08-25,416,Fees Collected for TERM_1 ON 25-08-2025
16363,TERM_2,7550,0,0,2025-03-09,416,Fees Collected for TERM_2 ON 09-03-2025
16363,TERM_3,7150,0,0,2025-09-06,416,Fees Collected for TERM_3 ON 06-09-2025
16363,TERM_4,7150,0,0,2025-06-30,416,Fees Collected for TERM_4 ON 30-06-2025
17059,TERM_1,7150,0,0,2025-07-12,475,Fees Collected for TERM_1 ON 12-07-2025
17059,TERM_2,7550,0,0,2025-06-03,475,Fees Collected for TERM_2 ON 03-06-2025
17059,TERM_3,7150,0,0,2025-04-04,475,Fees Collected for TERM_3 ON 04-04-2025
17059,TERM_4,7150,0,0,2025-12-08,475,Fees Collected for TERM_4 ON 08-12-2025
16387,TERM_1,7150,0,0,2025-05-29,417,Fees Collected for TERM_1 ON 29-05-2025
16387,TERM_2,7550,0,0,2025-01-12,417,Fees Collected for TERM_2 ON 12-01-2025
16387,TERM_3,7150,0,0,2025-11-15,417,Fees Collected for TERM_3 ON 15-11-2025
16387,TERM_4,7150,0,0,2025-05-20,417,Fees Collected for TERM_4 ON 20-05-2025
16682,TERM_1,7150,0,0,2025-04-08,470,Fees Collected for TERM_1 ON 08-04-2025
16682,TERM_2,7550,0,0,2024-10-09,470,Fees Collected for TERM_2 ON 09-10-2024
16682,TERM_3,7150,0,0,2025-11-16,470,Fees Collected for TERM_3 ON 16-11-2025
16682,TERM_4,7150,0,0,2025-07-20,470,Fees Collected for TERM_4 ON 20-07-2025
16690,TERM_1,7150,0,0,2025-10-16,419,Fees Collected for TERM_1 ON 16-10-2025
16690,TERM_2,7550,0,0,2024-09-26,419,Fees Collected for TERM_2 ON 26-09-2024
16690,TERM_3,7150,0,0,2025-04-20,419,Fees Collected for TERM_3 ON 20-04-2025
16690,TERM_4,7150,0,0,2024-07-22,419,Fees Collected for TERM_4 ON 22-07-2024
16622,TERM_1,7150,0,0,2025-04-06,420,Fees Collected for TERM_1 ON 06-04-2025
16622,TERM_2,7550,0,0,2025-09-09,420,Fees Collected for TERM_2 ON 09-09-2025
16622,TERM_3,7150,0,0,2025-12-05,420,Fees Collected for TERM_3 ON 05-12-2025
16622,TERM_4,7150,0,0,2025-02-11,420,Fees Collected for TERM_4 ON 11-02-2025
16265,TERM_1,7150,0,0,2025-04-04,421,Fees Collected for TERM_1 ON 04-04-2025
16265,TERM_2,7550,0,0,2024-10-03,421,Fees Collected for TERM_2 ON 03-10-2024
16265,TERM_3,7150,0,0,2024-12-17,421,Fees Collected for TERM_3 ON 17-12-2024
16265,TERM_4,7150,0,0,2024-08-26,421,Fees Collected for TERM_4 ON 26-08-2024
16354,TERM_1,7150,0,0,2025-03-01,422,Fees Collected for TERM_1 ON 01-03-2025
16354,TERM_2,7550,0,0,2025-06-11,422,Fees Collected for TERM_2 ON 11-06-2025
16354,TERM_3,7150,0,0,2025-03-12,422,Fees Collected for TERM_3 ON 12-03-2025
16354,TERM_4,7150,0,0,2024-07-10,422,Fees Collected for TERM_4 ON 10-07-2024
16513,TERM_1,7150,0,0,2025-08-27,423,Fees Collected for TERM_1 ON 27-08-2025
16513,TERM_2,7550,0,0,2024-12-02,423,Fees Collected for TERM_2 ON 02-12-2024
16513,TERM_3,7150,0,0,2025-09-13,423,Fees Collected for TERM_3 ON 13-09-2025
16513,TERM_4,7150,0,0,2025-09-03,423,Fees Collected for TERM_4 ON 03-09-2025
16694,TERM_1,7150,0,0,2025-11-12,424,Fees Collected for TERM_1 ON 12-11-2025
16694,TERM_2,7550,0,0,2025-12-09,424,Fees Collected for TERM_2 ON 09-12-2025
16694,TERM_3,7150,0,0,2024-08-30,424,Fees Collected for TERM_3 ON 30-08-2024
16694,TERM_4,7150,0,0,2025-08-05,424,Fees Collected for TERM_4 ON 05-08-2025
16146,TERM_1,7150,0,0,2024-08-02,425,Fees Collected for TERM_1 ON 02-08-2024
16146,TERM_2,7550,0,0,2025-04-13,425,Fees Collected for TERM_2 ON 13-04-2025
16146,TERM_3,7150,0,0,2024-11-02,425,Fees Collected for TERM_3 ON 02-11-2024
16146,TERM_4,7150,0,0,2025-01-06,425,Fees Collected for TERM_4 ON 06-01-2025
16380,TERM_1,7150,0,0,2025-12-08,426,Fees Collected for TERM_1 ON 08-12-2025
16380,TERM_2,7550,0,0,2025-12-12,426,Fees Collected for TERM_2 ON 12-12-2025
16380,TERM_3,7150,0,0,2024-12-05,426,Fees Collected for TERM_3 ON 05-12-2024
16380,TERM_4,7150,0,0,2024-09-20,426,Fees Collected for TERM_4 ON 20-09-2024
16336,TERM_1,7150,0,0,2025-06-13,1911,Fees Collected for TERM_1 ON 13-06-2025
16336,TERM_2,7550,0,0,2024-11-22,1911,Fees Collected for TERM_2 ON 22-11-2024
16336,TERM_3,7150,0,0,2024-12-09,1911,Fees Collected for TERM_3 ON 09-12-2024
16336,TERM_4,7150,0,0,2025-02-14,1911,Fees Collected for TERM_4 ON 14-02-2025
16258,TERM_1,7150,0,0,2025-06-18,428,Fees Collected for TERM_1 ON 18-06-2025
16258,TERM_2,7550,0,0,2025-02-05,428,Fees Collected for TERM_2 ON 05-02-2025
16258,TERM_3,7150,0,0,2025-05-18,428,Fees Collected for TERM_3 ON 18-05-2025
16258,TERM_4,7150,0,0,2025-09-12,428,Fees Collected for TERM_4 ON 12-09-2025
16502,TERM_1,7150,0,0,2024-08-11,476,Fees Collected for TERM_1 ON 11-08-2024
16502,TERM_2,7550,0,0,2025-06-14,476,Fees Collected for TERM_2 ON 14-06-2025
16502,TERM_3,7150,0,0,2025-11-25,476,Fees Collected for TERM_3 ON 25-11-2025
16502,TERM_4,7150,0,0,2025-11-12,476,Fees Collected for TERM_4 ON 12-11-2025
16441,TERM_1,7150,0,0,2024-10-22,430,Fees Collected for TERM_1 ON 22-10-2024
16441,TERM_2,7550,0,0,2025-02-05,430,Fees Collected for TERM_2 ON 05-02-2025
16441,TERM_3,7150,0,0,2024-11-05,430,Fees Collected for TERM_3 ON 05-11-2024
16441,TERM_4,6650,500,0,2025-10-29,430,Fees Collected for TERM_4 ON 29-10-2025
16200,TERM_1,7150,0,0,2025-04-11,431,Fees Collected for TERM_1 ON 11-04-2025
16200,TERM_2,7550,0,0,2025-05-22,431,Fees Collected for TERM_2 ON 22-05-2025
16200,TERM_3,7150,0,0,2024-06-15,431,Fees Collected for TERM_3 ON 15-06-2024
16200,TERM_4,0,7150,0,2025-11-29,431,Fees Collected for TERM_4 ON 29-11-2025
16370,TERM_1,7150,0,0,2024-09-09,1917,Fees Collected for TERM_1 ON 09-09-2024
16370,TERM_2,7550,0,0,2024-10-17,1917,Fees Collected for TERM_2 ON 17-10-2024
16370,TERM_3,7150,0,0,2024-12-07,1917,Fees Collected for TERM_3 ON 07-12-2024
16370,TERM_4,7150,0,0,2024-06-23,1917,Fees Collected for TERM_4 ON 23-06-2024
15835,TERM_1,7150,0,0,2025-11-21,433,Fees Collected for TERM_1 ON 21-11-2025
15835,TERM_2,7550,0,0,2025-12-17,433,Fees Collected for TERM_2 ON 17-12-2025
15835,TERM_3,7150,0,0,2025-06-26,433,Fees Collected for TERM_3 ON 26-06-2025
15835,TERM_4,7150,0,0,2025-06-18,433,Fees Collected for TERM_4 ON 18-06-2025
16479,TERM_1,7150,0,0,2025-02-26,434,Fees Collected for TERM_1 ON 26-02-2025
16479,TERM_2,7550,0,0,2024-08-12,434,Fees Collected for TERM_2 ON 12-08-2024
16479,TERM_3,7150,0,0,2025-01-18,434,Fees Collected for TERM_3 ON 18-01-2025
16479,TERM_4,7150,0,0,2025-01-22,434,Fees Collected for TERM_4 ON 22-01-2025
16557,TERM_1,7150,0,0,2025-09-02,435,Fees Collected for TERM_1 ON 02-09-2025
16557,TERM_2,7550,0,0,2024-11-26,435,Fees Collected for TERM_2 ON 26-11-2024
16557,TERM_3,7150,0,0,2025-02-26,435,Fees Collected for TERM_3 ON 26-02-2025
16557,TERM_4,7150,0,0,2024-06-18,435,Fees Collected for TERM_4 ON 18-06-2024
16358,TERM_1,7150,0,0,2024-06-13,436,Fees Collected for TERM_1 ON 13-06-2024
16358,TERM_2,7550,0,0,2025-06-12,436,Fees Collected for TERM_2 ON 12-06-2025
16358,TERM_3,7150,0,0,2025-01-09,436,Fees Collected for TERM_3 ON 09-01-2025
16358,TERM_4,7150,0,0,2024-09-16,436,Fees Collected for TERM_4 ON 16-09-2024
16271,TERM_1,7150,0,0,2025-04-14,507,Fees Collected for TERM_1 ON 14-04-2025
16271,TERM_2,7550,0,0,2024-08-14,507,Fees Collected for TERM_2 ON 14-08-2024
16271,TERM_3,7150,0,0,2025-02-02,507,Fees Collected for TERM_3 ON 02-02-2025
16271,TERM_4,7150,0,0,2024-11-18,507,Fees Collected for TERM_4 ON 18-11-2024
16353,TERM_1,7150,0,0,2025-05-15,508,Fees Collected for TERM_1 ON 15-05-2025
16353,TERM_2,7550,0,0,2025-11-30,508,Fees Collected for TERM_2 ON 30-11-2025
16353,TERM_3,7150,0,0,2025-03-12,508,Fees Collected for TERM_3 ON 12-03-2025
16353,TERM_4,7150,0,0,2025-03-01,508,Fees Collected for TERM_4 ON 01-03-2025
17127,TERM_1,7150,0,0,2025-10-25,518,Fees Collected for TERM_1 ON 25-10-2025
17127,TERM_2,7550,0,0,2025-01-10,518,Fees Collected for TERM_2 ON 10-01-2025
17127,TERM_3,7150,0,0,2025-12-14,518,Fees Collected for TERM_3 ON 14-12-2025
17127,TERM_4,7150,0,0,2025-10-26,518,Fees Collected for TERM_4 ON 26-10-2025
17084,TERM_1,7150,0,0,2024-08-23,310,Fees Collected for TERM_1 ON 23-08-2024
17084,TERM_2,7550,0,0,2025-06-30,310,Fees Collected for TERM_2 ON 30-06-2025
17084,TERM_3,7150,0,0,2025-01-21,310,Fees Collected for TERM_3 ON 21-01-2025
17084,TERM_4,7150,0,0,2024-06-20,310,Fees Collected for TERM_4 ON 20-06-2024
16379,TERM_1,7150,0,0,2024-11-30,516,Fees Collected for TERM_1 ON 30-11-2024
16379,TERM_2,7550,0,0,2025-10-05,516,Fees Collected for TERM_2 ON 05-10-2025
16379,TERM_3,7150,0,0,2025-01-06,516,Fees Collected for TERM_3 ON 06-01-2025
16379,TERM_4,7150,0,0,2025-05-03,516,Fees Collected for TERM_4 ON 03-05-2025
16855,TERM_1,7150,0,0,2024-07-25,515,Fees Collected for TERM_1 ON 25-07-2024
16855,TERM_2,7550,0,0,2025-10-28,515,Fees Collected for TERM_2 ON 28-10-2025
16855,TERM_3,7150,0,0,2025-02-18,515,Fees Collected for TERM_3 ON 18-02-2025
16855,TERM_4,7150,0,0,2025-03-12,515,Fees Collected for TERM_4 ON 12-03-2025
16911,TERM_1,7150,0,0,2024-11-16,1907,Fees Collected for TERM_1 ON 16-11-2024
16911,TERM_2,7550,0,0,2025-08-03,1907,Fees Collected for TERM_2 ON 03-08-2025
16911,TERM_3,7150,0,0,2025-06-20,1907,Fees Collected for TERM_3 ON 20-06-2025
16911,TERM_4,7150,0,0,2024-10-30,1907,Fees Collected for TERM_4 ON 30-10-2024
17128,TERM_1,7150,0,0,2024-08-30,517,Fees Collected for TERM_1 ON 30-08-2024
17128,TERM_2,7550,0,0,2024-07-23,517,Fees Collected for TERM_2 ON 23-07-2024
17128,TERM_3,7150,0,0,2024-08-05,517,Fees Collected for TERM_3 ON 05-08-2024
17128,TERM_4,7150,0,0,2025-11-06,517,Fees Collected for TERM_4 ON 06-11-2025
16355,TERM_1,0,0,0,2024-06-29,0,Fees Collected for TERM_1 ON 29-06-2024
16355,TERM_2,0,0,0,2025-12-16,0,Fees Collected for TERM_2 ON 16-12-2025
16355,TERM_4,0,0,0,2025-08-24,0,Fees Collected for TERM_4 ON 24-08-2025
16395,TERM_1,7150,0,0,2025-11-03,514,Fees Collected for TERM_1 ON 03-11-2025
16395,TERM_2,7550,0,0,2025-09-28,514,Fees Collected for TERM_2 ON 28-09-2025
16395,TERM_3,7150,0,0,2025-10-19,514,Fees Collected for TERM_3 ON 19-10-2025
16395,TERM_4,7150,0,0,2024-09-16,514,Fees Collected for TERM_4 ON 16-09-2024
16683,TERM_1,7150,0,0,2025-09-20,512,Fees Collected for TERM_1 ON 20-09-2025
16683,TERM_2,7550,0,0,2025-08-21,512,Fees Collected for TERM_2 ON 21-08-2025
16683,TERM_3,7150,0,0,2025-11-01,512,Fees Collected for TERM_3 ON 01-11-2025
16683,TERM_4,7150,0,0,2024-08-16,512,Fees Collected for TERM_4 ON 16-08-2024
16540,TERM_1,7150,0,0,2025-02-21,459,Fees Collected for TERM_1 ON 21-02-2025
16540,TERM_2,7550,0,0,2024-10-29,459,Fees Collected for TERM_2 ON 29-10-2024
16540,TERM_3,0,7150,0,2025-01-29,459,Fees Collected for TERM_3 ON 29-01-2025
16540,TERM_4,0,7150,0,2025-04-22,459,Fees Collected for TERM_4 ON 22-04-2025
16818,TERM_1,0,0,0,2024-07-03,0,Fees Collected for TERM_1 ON 03-07-2024
16818,TERM_2,0,0,0,2025-08-30,0,Fees Collected for TERM_2 ON 30-08-2025
16818,TERM_4,0,0,0,2024-09-09,0,Fees Collected for TERM_4 ON 09-09-2024
16542,TERM_1,7150,0,0,2025-05-08,1910,Fees Collected for TERM_1 ON 08-05-2025
16542,TERM_2,7550,0,0,2025-02-06,1910,Fees Collected for TERM_2 ON 06-02-2025
16542,TERM_3,7150,0,0,2024-11-29,1910,Fees Collected for TERM_3 ON 29-11-2024
16542,TERM_4,7150,0,0,2024-08-30,1910,Fees Collected for TERM_4 ON 30-08-2024
17071,TERM_1,7150,0,0,2024-12-29,440,Fees Collected for TERM_1 ON 29-12-2024
17071,TERM_2,7550,0,0,2024-07-22,440,Fees Collected for TERM_2 ON 22-07-2024
17071,TERM_3,7150,0,0,2025-10-21,440,Fees Collected for TERM_3 ON 21-10-2025
17071,TERM_4,7150,0,0,2024-09-19,440,Fees Collected for TERM_4 ON 19-09-2024
17132,TERM_1,7150,0,0,2024-09-20,312,Fees Collected for TERM_1 ON 20-09-2024
17132,TERM_2,7550,0,0,2025-09-12,312,Fees Collected for TERM_2 ON 12-09-2025
17132,TERM_3,7150,0,0,2024-12-13,312,Fees Collected for TERM_3 ON 13-12-2024
17132,TERM_4,7150,0,0,2025-07-20,312,Fees Collected for TERM_4 ON 20-07-2025
16719,TERM_1,7150,0,0,2025-07-12,384,Fees Collected for TERM_1 ON 12-07-2025
16719,TERM_2,7550,0,0,2025-08-16,384,Fees Collected for TERM_2 ON 16-08-2025
16719,TERM_3,7150,0,0,2025-11-23,384,Fees Collected for TERM_3 ON 23-11-2025
16719,TERM_4,7150,0,0,2025-03-21,384,Fees Collected for TERM_4 ON 21-03-2025
16360,TERM_1,7150,0,0,2025-01-25,385,Fees Collected for TERM_1 ON 25-01-2025
16360,TERM_2,7550,0,0,2025-04-10,385,Fees Collected for TERM_2 ON 10-04-2025
16360,TERM_3,0,7150,0,2025-06-22,385,Fees Collected for TERM_3 ON 22-06-2025
16360,TERM_4,0,7150,0,2024-11-13,385,Fees Collected for TERM_4 ON 13-11-2024
16276,TERM_1,7150,0,0,2025-08-01,386,Fees Collected for TERM_1 ON 01-08-2025
16276,TERM_2,7550,0,0,2025-05-06,386,Fees Collected for TERM_2 ON 06-05-2025
16276,TERM_3,7150,0,0,2025-07-09,386,Fees Collected for TERM_3 ON 09-07-2025
16276,TERM_4,7150,0,0,2025-08-26,386,Fees Collected for TERM_4 ON 26-08-2025
16570,TERM_1,7150,0,0,2024-10-16,387,Fees Collected for TERM_1 ON 16-10-2024
16570,TERM_2,7550,0,0,2024-12-18,387,Fees Collected for TERM_2 ON 18-12-2024
16570,TERM_3,7150,0,0,2025-06-02,387,Fees Collected for TERM_3 ON 02-06-2025
16570,TERM_4,7150,0,0,2024-08-02,387,Fees Collected for TERM_4 ON 02-08-2024
16356,TERM_1,7150,0,0,2025-02-13,388,Fees Collected for TERM_1 ON 13-02-2025
16356,TERM_2,7550,0,0,2025-04-17,388,Fees Collected for TERM_2 ON 17-04-2025
16356,TERM_3,7150,0,0,2025-11-28,388,Fees Collected for TERM_3 ON 28-11-2025
16356,TERM_4,7150,0,0,2024-12-03,388,Fees Collected for TERM_4 ON 03-12-2024
16102,TERM_1,7150,0,0,2024-11-18,389,Fees Collected for TERM_1 ON 18-11-2024
16102,TERM_2,7550,0,0,2024-06-28,389,Fees Collected for TERM_2 ON 28-06-2024
16102,TERM_3,7150,0,0,2024-08-16,389,Fees Collected for TERM_3 ON 16-08-2024
16102,TERM_4,7150,0,0,2025-04-25,389,Fees Collected for TERM_4 ON 25-04-2025
16868,TERM_1,7150,0,0,2024-11-20,509,Fees Collected for TERM_1 ON 20-11-2024
16868,TERM_2,7550,0,0,2025-11-13,509,Fees Collected for TERM_2 ON 13-11-2025
16868,TERM_3,7150,0,0,2025-08-13,509,Fees Collected for TERM_3 ON 13-08-2025
16868,TERM_4,7150,0,0,2024-12-07,509,Fees Collected for TERM_4 ON 07-12-2024
16620,TERM_1,7150,0,0,2025-04-25,390,Fees Collected for TERM_1 ON 25-04-2025
16620,TERM_2,7550,0,0,2025-02-14,390,Fees Collected for TERM_2 ON 14-02-2025
16620,TERM_3,7150,0,0,2025-05-16,390,Fees Collected for TERM_3 ON 16-05-2025
16620,TERM_4,7150,0,0,2025-11-06,390,Fees Collected for TERM_4 ON 06-11-2025
16668,TERM_1,7150,0,0,2024-06-15,391,Fees Collected for TERM_1 ON 15-06-2024
16668,TERM_2,7550,0,0,2025-12-21,391,Fees Collected for TERM_2 ON 21-12-2025
16668,TERM_3,7150,0,0,2025-02-23,391,Fees Collected for TERM_3 ON 23-02-2025
16668,TERM_4,7150,0,0,2025-02-24,391,Fees Collected for TERM_4 ON 24-02-2025
16500,TERM_1,7150,0,0,2025-09-15,392,Fees Collected for TERM_1 ON 15-09-2025
16500,TERM_2,7550,0,0,2025-03-06,392,Fees Collected for TERM_2 ON 06-03-2025
16500,TERM_3,7150,0,0,2025-01-22,392,Fees Collected for TERM_3 ON 22-01-2025
16500,TERM_4,6650,500,0,2024-08-22,392,Fees Collected for TERM_4 ON 22-08-2024
16435,TERM_1,7150,0,0,2025-09-23,393,Fees Collected for TERM_1 ON 23-09-2025
16435,TERM_2,7550,0,0,2025-05-28,393,Fees Collected for TERM_2 ON 28-05-2025
16435,TERM_3,7150,0,0,2025-02-11,393,Fees Collected for TERM_3 ON 11-02-2025
16435,TERM_4,7150,0,0,2024-09-22,393,Fees Collected for TERM_4 ON 22-09-2024
16833,TERM_1,7150,0,0,2024-12-29,394,Fees Collected for TERM_1 ON 29-12-2024
16833,TERM_2,7550,0,0,2024-08-16,394,Fees Collected for TERM_2 ON 16-08-2024
16833,TERM_3,7150,0,0,2024-12-17,394,Fees Collected for TERM_3 ON 17-12-2024
16833,TERM_4,7150,0,0,2024-06-20,394,Fees Collected for TERM_4 ON 20-06-2024
16704,TERM_1,7150,0,0,2024-06-25,395,Fees Collected for TERM_1 ON 25-06-2024
16704,TERM_2,7550,0,0,2025-02-18,395,Fees Collected for TERM_2 ON 18-02-2025
16704,TERM_3,7150,0,0,2024-07-25,395,Fees Collected for TERM_3 ON 25-07-2024
16704,TERM_4,7150,0,0,2025-11-24,395,Fees Collected for TERM_4 ON 24-11-2025
16449,TERM_1,7150,0,0,2024-07-10,396,Fees Collected for TERM_1 ON 10-07-2024
16449,TERM_2,7550,0,0,2024-12-12,396,Fees Collected for TERM_2 ON 12-12-2024
16449,TERM_3,7150,0,0,2024-11-17,396,Fees Collected for TERM_3 ON 17-11-2024
16449,TERM_4,7150,0,0,2024-12-22,396,Fees Collected for TERM_4 ON 22-12-2024
16376,TERM_1,7150,0,0,2025-06-05,397,Fees Collected for TERM_1 ON 05-06-2025
16376,TERM_2,7550,0,0,2025-09-02,397,Fees Collected for TERM_2 ON 02-09-2025
16376,TERM_3,7150,0,0,2024-11-25,397,Fees Collected for TERM_3 ON 25-11-2024
16376,TERM_4,7150,0,0,2025-01-20,397,Fees Collected for TERM_4 ON 20-01-2025
17039,TERM_1,7150,0,0,2025-06-10,483,Fees Collected for TERM_1 ON 10-06-2025
17039,TERM_2,7550,0,0,2024-08-10,483,Fees Collected for TERM_2 ON 10-08-2024
17039,TERM_3,7150,0,0,2024-09-11,483,Fees Collected for TERM_3 ON 11-09-2024
17039,TERM_4,7150,0,0,2025-03-09,483,Fees Collected for TERM_4 ON 09-03-2025
16217,TERM_1,7150,0,0,2025-07-15,519,Fees Collected for TERM_1 ON 15-07-2025
16217,TERM_2,7550,0,0,2025-08-19,519,Fees Collected for TERM_2 ON 19-08-2025
16217,TERM_3,7150,0,0,2025-03-16,519,Fees Collected for TERM_3 ON 16-03-2025
16217,TERM_4,7150,0,0,2024-08-05,519,Fees Collected for TERM_4 ON 05-08-2024
16343,TERM_1,7150,0,0,2025-07-22,400,Fees Collected for TERM_1 ON 22-07-2025
16343,TERM_2,7550,0,0,2024-10-30,400,Fees Collected for TERM_2 ON 30-10-2024
16343,TERM_3,7150,0,0,2025-01-17,400,Fees Collected for TERM_3 ON 17-01-2025
16343,TERM_4,7150,0,0,2024-07-05,400,Fees Collected for TERM_4 ON 05-07-2024
16298,TERM_1,7150,0,0,2025-01-25,402,Fees Collected for TERM_1 ON 25-01-2025
16298,TERM_2,7550,0,0,2024-08-06,402,Fees Collected for TERM_2 ON 06-08-2024
16298,TERM_3,7150,0,0,2025-12-27,402,Fees Collected for TERM_3 ON 27-12-2025
16298,TERM_4,7150,0,0,2024-12-09,402,Fees Collected for TERM_4 ON 09-12-2024
16299,TERM_1,7150,0,0,2025-11-12,401,Fees Collected for TERM_1 ON 12-11-2025
16299,TERM_2,7550,0,0,2025-03-25,401,Fees Collected for TERM_2 ON 25-03-2025
16299,TERM_3,7150,0,0,2025-10-08,401,Fees Collected for TERM_3 ON 08-10-2025
16299,TERM_4,7150,0,0,2025-01-14,401,Fees Collected for TERM_4 ON 14-01-2025
16148,TERM_1,7150,0,0,2025-08-31,477,Fees Collected for TERM_1 ON 31-08-2025
16148,TERM_2,7550,0,0,2025-05-27,477,Fees Collected for TERM_2 ON 27-05-2025
16148,TERM_3,7150,0,0,2024-10-26,477,Fees Collected for TERM_3 ON 26-10-2024
16148,TERM_4,7150,0,0,2025-12-11,477,Fees Collected for TERM_4 ON 11-12-2025
16549,TERM_1,7150,0,0,2024-11-18,403,Fees Collected for TERM_1 ON 18-11-2024
16549,TERM_2,7550,0,0,2024-09-21,403,Fees Collected for TERM_2 ON 21-09-2024
16549,TERM_4,0,0,0,2025-11-10,403,Fees Collected for TERM_4 ON 10-11-2025
16437,TERM_1,7150,0,0,2025-12-27,404,Fees Collected for TERM_1 ON 27-12-2025
16437,TERM_2,7550,0,0,2024-10-21,404,Fees Collected for TERM_2 ON 21-10-2024
16437,TERM_3,7150,0,0,2025-04-17,404,Fees Collected for TERM_3 ON 17-04-2025
16437,TERM_4,7150,0,0,2024-09-23,404,Fees Collected for TERM_4 ON 23-09-2024
16337,TERM_1,7150,0,0,2025-09-07,405,Fees Collected for TERM_1 ON 07-09-2025
16337,TERM_2,7550,0,0,2025-08-14,405,Fees Collected for TERM_2 ON 14-08-2025
16337,TERM_3,7150,0,0,2025-01-21,405,Fees Collected for TERM_3 ON 21-01-2025
16337,TERM_4,7150,0,0,2025-12-20,405,Fees Collected for TERM_4 ON 20-12-2025
16447,TERM_1,7150,0,0,2024-08-28,406,Fees Collected for TERM_1 ON 28-08-2024
16447,TERM_2,7550,0,0,2025-06-09,406,Fees Collected for TERM_2 ON 09-06-2025
16447,TERM_3,7150,0,0,2025-10-29,406,Fees Collected for TERM_3 ON 29-10-2025
16447,TERM_4,7150,0,0,2025-09-24,406,Fees Collected for TERM_4 ON 24-09-2025
16268,TERM_1,7150,0,0,2024-12-20,407,Fees Collected for TERM_1 ON 20-12-2024
16268,TERM_2,7550,0,0,2024-11-24,407,Fees Collected for TERM_2 ON 24-11-2024
16268,TERM_3,7150,0,0,2025-05-09,407,Fees Collected for TERM_3 ON 09-05-2025
16268,TERM_4,7150,0,0,2025-07-22,407,Fees Collected for TERM_4 ON 22-07-2025
17060,TERM_1,7150,0,0,2024-10-12,479,Fees Collected for TERM_1 ON 12-10-2024
17060,TERM_2,7550,0,0,2024-06-24,479,Fees Collected for TERM_2 ON 24-06-2024
17060,TERM_3,7150,0,0,2025-06-25,479,Fees Collected for TERM_3 ON 25-06-2025
17060,TERM_4,6650,500,0,2025-10-04,479,Fees Collected for TERM_4 ON 04-10-2025
16139,TERM_1,7150,0,0,2024-10-16,481,Fees Collected for TERM_1 ON 16-10-2024
16139,TERM_2,7550,0,0,2024-07-05,481,Fees Collected for TERM_2 ON 05-07-2024
16139,TERM_3,7150,0,0,2025-10-23,481,Fees Collected for TERM_3 ON 23-10-2025
16139,TERM_4,7150,0,0,2025-10-15,481,Fees Collected for TERM_4 ON 15-10-2025
16660,TERM_1,7150,0,0,2025-09-26,410,Fees Collected for TERM_1 ON 26-09-2025
16660,TERM_2,7550,0,0,2024-07-21,410,Fees Collected for TERM_2 ON 21-07-2024
16660,TERM_3,7150,0,0,2025-08-06,410,Fees Collected for TERM_3 ON 06-08-2025
16660,TERM_4,7150,0,0,2025-04-14,410,Fees Collected for TERM_4 ON 14-04-2025
16684,TERM_1,7150,0,0,2025-11-12,411,Fees Collected for TERM_1 ON 12-11-2025
16684,TERM_2,7550,0,0,2025-05-05,411,Fees Collected for TERM_2 ON 05-05-2025
16684,TERM_3,7150,0,0,2025-03-08,411,Fees Collected for TERM_3 ON 08-03-2025
16684,TERM_4,7150,0,0,2024-11-22,411,Fees Collected for TERM_4 ON 22-11-2024
16112,TERM_1,7150,0,0,2025-03-03,412,Fees Collected for TERM_1 ON 03-03-2025
16112,TERM_2,7550,0,0,2025-08-29,412,Fees Collected for TERM_2 ON 29-08-2025
16112,TERM_3,7150,0,0,2025-03-26,412,Fees Collected for TERM_3 ON 26-03-2025
16112,TERM_4,7150,0,0,2025-08-17,412,Fees Collected for TERM_4 ON 17-08-2025
16100,TERM_1,7150,0,0,2025-12-04,413,Fees Collected for TERM_1 ON 04-12-2025
16100,TERM_2,7550,0,0,2024-10-12,413,Fees Collected for TERM_2 ON 12-10-2024
16100,TERM_3,7150,0,0,2024-09-13,413,Fees Collected for TERM_3 ON 13-09-2024
16100,TERM_4,7150,0,0,2025-07-07,413,Fees Collected for TERM_4 ON 07-07-2025
16543,TERM_1,7150,0,0,2024-08-31,414,Fees Collected for TERM_1 ON 31-08-2024
16543,TERM_2,7550,0,0,2024-12-01,414,Fees Collected for TERM_2 ON 01-12-2024
16543,TERM_3,7150,0,0,2025-07-07,414,Fees Collected for TERM_3 ON 07-07-2025
16543,TERM_4,7150,0,0,2025-04-06,414,Fees Collected for TERM_4 ON 06-04-2025
17032,TERM_1,7150,0,0,2024-10-02,474,Fees Collected for TERM_1 ON 02-10-2024
17032,TERM_2,7550,0,0,2025-07-30,474,Fees Collected for TERM_2 ON 30-07-2025
17032,TERM_3,7150,0,0,2025-05-21,474,Fees Collected for TERM_3 ON 21-05-2025
17032,TERM_4,7150,0,0,2024-08-14,474,Fees Collected for TERM_4 ON 14-08-2024
16714,TERM_1,7425,0,0,2025-06-21,552,Fees Collected for TERM_1 ON 21-06-2025
16714,TERM_2,7825,0,0,2025-02-22,552,Fees Collected for TERM_2 ON 22-02-2025
16714,TERM_3,7425,0,0,2025-12-18,552,Fees Collected for TERM_3 ON 18-12-2025
16714,TERM_4,7425,0,0,2024-12-29,552,Fees Collected for TERM_4 ON 29-12-2024
16303,TERM_1,7425,0,0,2025-08-03,545,Fees Collected for TERM_1 ON 03-08-2025
16303,TERM_2,7825,0,0,2024-09-08,545,Fees Collected for TERM_2 ON 08-09-2024
16303,TERM_3,7425,0,0,2024-07-06,545,Fees Collected for TERM_3 ON 06-07-2024
16303,TERM_4,7425,0,0,2024-10-13,545,Fees Collected for TERM_4 ON 13-10-2024
16023,TERM_1,7425,0,0,2024-10-17,553,Fees Collected for TERM_1 ON 17-10-2024
16023,TERM_2,7825,0,0,2025-07-13,553,Fees Collected for TERM_2 ON 13-07-2025
16023,TERM_3,7425,0,0,2024-12-19,553,Fees Collected for TERM_3 ON 19-12-2024
16023,TERM_4,7425,0,0,2025-06-11,553,Fees Collected for TERM_4 ON 11-06-2025
16034,TERM_1,7425,0,0,2025-03-03,554,Fees Collected for TERM_1 ON 03-03-2025
16034,TERM_2,7825,0,0,2025-02-07,554,Fees Collected for TERM_2 ON 07-02-2025
16034,TERM_3,7425,0,0,2025-02-16,554,Fees Collected for TERM_3 ON 16-02-2025
16034,TERM_4,7425,0,0,2025-10-22,554,Fees Collected for TERM_4 ON 22-10-2025
16020,TERM_1,7425,0,0,2025-02-24,555,Fees Collected for TERM_1 ON 24-02-2025
16020,TERM_2,7825,0,0,2025-04-29,555,Fees Collected for TERM_2 ON 29-04-2025
16020,TERM_3,7425,0,0,2024-07-26,555,Fees Collected for TERM_3 ON 26-07-2024
16020,TERM_4,7425,0,0,2025-05-23,555,Fees Collected for TERM_4 ON 23-05-2025
16795,TERM_1,7425,0,0,2025-02-15,742,Fees Collected for TERM_1 ON 15-02-2025
16795,TERM_2,7825,0,0,2024-07-07,742,Fees Collected for TERM_2 ON 07-07-2024
16795,TERM_3,7425,0,0,2025-01-30,742,Fees Collected for TERM_3 ON 30-01-2025
16795,TERM_4,7425,0,0,2025-06-20,742,Fees Collected for TERM_4 ON 20-06-2025
16009,TERM_1,7425,0,0,2024-10-07,557,Fees Collected for TERM_1 ON 07-10-2024
16009,TERM_2,7825,0,0,2025-05-17,557,Fees Collected for TERM_2 ON 17-05-2025
16009,TERM_3,7425,0,0,2024-09-24,557,Fees Collected for TERM_3 ON 24-09-2024
16009,TERM_4,7425,0,0,2025-04-20,557,Fees Collected for TERM_4 ON 20-04-2025
16941,TERM_1,7425,0,0,2025-03-09,542,Fees Collected for TERM_1 ON 09-03-2025
16941,TERM_2,7825,0,0,2024-07-03,542,Fees Collected for TERM_2 ON 03-07-2024
16941,TERM_3,7425,0,0,2024-11-23,542,Fees Collected for TERM_3 ON 23-11-2024
16941,TERM_4,7425,0,0,2024-08-22,542,Fees Collected for TERM_4 ON 22-08-2024
16983,TERM_1,7425,0,0,2025-06-30,784,Fees Collected for TERM_1 ON 30-06-2025
16983,TERM_2,7825,0,0,2025-03-06,784,Fees Collected for TERM_2 ON 06-03-2025
16983,TERM_3,7425,0,0,2025-01-26,784,Fees Collected for TERM_3 ON 26-01-2025
16983,TERM_4,7425,0,0,2025-03-22,784,Fees Collected for TERM_4 ON 22-03-2025
16889,TERM_1,7425,0,0,2025-08-18,558,Fees Collected for TERM_1 ON 18-08-2025
16889,TERM_2,7825,0,0,2025-10-14,558,Fees Collected for TERM_2 ON 14-10-2025
16889,TERM_3,7425,0,0,2024-10-18,558,Fees Collected for TERM_3 ON 18-10-2024
16889,TERM_4,7425,0,0,2024-09-11,558,Fees Collected for TERM_4 ON 11-09-2024
15979,TERM_1,7425,0,0,2025-06-23,559,Fees Collected for TERM_1 ON 23-06-2025
15979,TERM_2,7825,0,0,2025-11-06,559,Fees Collected for TERM_2 ON 06-11-2025
15979,TERM_3,7425,0,0,2024-07-05,559,Fees Collected for TERM_3 ON 05-07-2024
15979,TERM_4,7425,0,0,2025-04-20,559,Fees Collected for TERM_4 ON 20-04-2025
15830,TERM_1,7425,0,0,2024-11-17,560,Fees Collected for TERM_1 ON 17-11-2024
15830,TERM_2,7825,0,0,2024-08-06,560,Fees Collected for TERM_2 ON 06-08-2024
15830,TERM_3,7425,0,0,2024-10-17,560,Fees Collected for TERM_3 ON 17-10-2024
15830,TERM_4,7425,0,0,2025-07-03,560,Fees Collected for TERM_4 ON 03-07-2025
16787,TERM_1,7425,0,0,2024-06-28,775,Fees Collected for TERM_1 ON 28-06-2024
16787,TERM_2,7825,0,0,2025-01-14,775,Fees Collected for TERM_2 ON 14-01-2025
16787,TERM_3,7425,0,0,2025-05-08,775,Fees Collected for TERM_3 ON 08-05-2025
16787,TERM_4,7425,0,0,2025-01-08,775,Fees Collected for TERM_4 ON 08-01-2025
15711,TERM_1,7425,0,0,2024-12-27,561,Fees Collected for TERM_1 ON 27-12-2024
15711,TERM_2,7825,0,0,2025-11-28,561,Fees Collected for TERM_2 ON 28-11-2025
15711,TERM_3,7425,0,0,2025-02-12,561,Fees Collected for TERM_3 ON 12-02-2025
15711,TERM_4,6925,500,0,2025-01-27,561,Fees Collected for TERM_4 ON 27-01-2025
16774,TERM_1,7425,0,0,2025-06-19,804,Fees Collected for TERM_1 ON 19-06-2025
16774,TERM_2,7825,0,0,2025-10-04,804,Fees Collected for TERM_2 ON 04-10-2025
16774,TERM_3,7425,0,0,2025-04-05,804,Fees Collected for TERM_3 ON 05-04-2025
16774,TERM_4,7425,0,0,2025-07-10,804,Fees Collected for TERM_4 ON 10-07-2025
15924,TERM_1,7425,0,0,2025-07-18,521,Fees Collected for TERM_1 ON 18-07-2025
15924,TERM_2,7825,0,0,2024-07-10,521,Fees Collected for TERM_2 ON 10-07-2024
15924,TERM_3,7425,0,0,2024-09-13,521,Fees Collected for TERM_3 ON 13-09-2024
15924,TERM_4,7425,0,0,2025-05-05,521,Fees Collected for TERM_4 ON 05-05-2025
16884,TERM_1,7425,0,0,2025-04-24,522,Fees Collected for TERM_1 ON 24-04-2025
16884,TERM_2,7825,0,0,2025-11-29,522,Fees Collected for TERM_2 ON 29-11-2025
16884,TERM_3,7425,0,0,2024-06-17,522,Fees Collected for TERM_3 ON 17-06-2024
16884,TERM_4,7425,0,0,2025-10-13,522,Fees Collected for TERM_4 ON 13-10-2025
16286,TERM_1,7425,0,0,2025-08-22,523,Fees Collected for TERM_1 ON 22-08-2025
16286,TERM_2,7825,0,0,2024-07-08,523,Fees Collected for TERM_2 ON 08-07-2024
16286,TERM_3,7425,0,0,2025-01-15,523,Fees Collected for TERM_3 ON 15-01-2025
16286,TERM_4,7425,0,0,2025-10-15,523,Fees Collected for TERM_4 ON 15-10-2025
16882,TERM_1,7425,0,0,2025-09-06,524,Fees Collected for TERM_1 ON 06-09-2025
16882,TERM_2,7825,0,0,2025-02-07,524,Fees Collected for TERM_2 ON 07-02-2025
16882,TERM_3,7425,0,0,2024-09-23,524,Fees Collected for TERM_3 ON 23-09-2024
16882,TERM_4,7425,0,0,2025-06-04,524,Fees Collected for TERM_4 ON 04-06-2025
16143,TERM_1,7425,0,0,2024-07-12,525,Fees Collected for TERM_1 ON 12-07-2024
16143,TERM_2,7825,0,0,2025-09-21,525,Fees Collected for TERM_2 ON 21-09-2025
16143,TERM_3,7425,0,0,2025-07-26,525,Fees Collected for TERM_3 ON 26-07-2025
16143,TERM_4,0,7425,0,2025-08-16,525,Fees Collected for TERM_4 ON 16-08-2025
16135,TERM_1,7425,0,0,2025-02-24,526,Fees Collected for TERM_1 ON 24-02-2025
16135,TERM_2,7825,0,0,2025-08-02,526,Fees Collected for TERM_2 ON 02-08-2025
16135,TERM_3,7425,0,0,2025-01-29,526,Fees Collected for TERM_3 ON 29-01-2025
16135,TERM_4,7425,0,0,2025-10-01,526,Fees Collected for TERM_4 ON 01-10-2025
15918,TERM_1,7425,0,0,2025-12-06,527,Fees Collected for TERM_1 ON 06-12-2025
15918,TERM_2,7825,0,0,2025-04-16,527,Fees Collected for TERM_2 ON 16-04-2025
15918,TERM_3,7425,0,0,2024-10-10,527,Fees Collected for TERM_3 ON 10-10-2024
15918,TERM_4,7425,0,0,2024-09-26,527,Fees Collected for TERM_4 ON 26-09-2024
16590,TERM_1,7425,0,0,2025-09-30,528,Fees Collected for TERM_1 ON 30-09-2025
16590,TERM_2,7825,0,0,2024-07-12,528,Fees Collected for TERM_2 ON 12-07-2024
16590,TERM_3,7425,0,0,2025-06-24,528,Fees Collected for TERM_3 ON 24-06-2025
16590,TERM_4,7425,0,0,2025-07-23,528,Fees Collected for TERM_4 ON 23-07-2025
16550,TERM_1,7425,0,0,2024-12-22,226,Fees Collected for TERM_1 ON 22-12-2024
16550,TERM_2,7825,0,0,2025-08-07,226,Fees Collected for TERM_2 ON 07-08-2025
16550,TERM_3,7425,0,0,2024-11-10,226,Fees Collected for TERM_3 ON 10-11-2024
16550,TERM_4,7425,0,0,2024-10-23,226,Fees Collected for TERM_4 ON 23-10-2024
16757,TERM_1,7425,0,0,2025-05-04,530,Fees Collected for TERM_1 ON 04-05-2025
16757,TERM_2,7825,0,0,2024-09-05,530,Fees Collected for TERM_2 ON 05-09-2024
16757,TERM_3,7425,0,0,2025-09-15,530,Fees Collected for TERM_3 ON 15-09-2025
16757,TERM_4,7425,0,0,2025-09-12,530,Fees Collected for TERM_4 ON 12-09-2025
16369,TERM_1,7425,0,0,2025-04-12,531,Fees Collected for TERM_1 ON 12-04-2025
16369,TERM_2,7825,0,0,2024-09-24,531,Fees Collected for TERM_2 ON 24-09-2024
16369,TERM_3,7425,0,0,2025-07-07,531,Fees Collected for TERM_3 ON 07-07-2025
16369,TERM_4,7425,0,0,2024-09-11,531,Fees Collected for TERM_4 ON 11-09-2024
15863,TERM_1,7425,0,0,2024-12-18,532,Fees Collected for TERM_1 ON 18-12-2024
15863,TERM_2,7825,0,0,2025-10-31,532,Fees Collected for TERM_2 ON 31-10-2025
15863,TERM_3,7425,0,0,2025-04-28,532,Fees Collected for TERM_3 ON 28-04-2025
15863,TERM_4,7425,0,0,2025-10-26,532,Fees Collected for TERM_4 ON 26-10-2025
16138,TERM_1,7425,0,0,2025-09-29,533,Fees Collected for TERM_1 ON 29-09-2025
16138,TERM_2,7825,0,0,2024-10-14,533,Fees Collected for TERM_2 ON 14-10-2024
16138,TERM_3,7425,0,0,2025-06-28,533,Fees Collected for TERM_3 ON 28-06-2025
16138,TERM_4,7425,0,0,2024-07-14,533,Fees Collected for TERM_4 ON 14-07-2024
15847,TERM_1,7425,0,0,2024-12-06,585,Fees Collected for TERM_1 ON 06-12-2024
15847,TERM_2,7825,0,0,2024-12-02,585,Fees Collected for TERM_2 ON 02-12-2024
15847,TERM_3,7425,0,0,2024-12-17,585,Fees Collected for TERM_3 ON 17-12-2024
15847,TERM_4,7425,0,0,2024-12-14,585,Fees Collected for TERM_4 ON 14-12-2024
16404,TERM_1,7425,0,0,2025-04-25,675,Fees Collected for TERM_1 ON 25-04-2025
16404,TERM_2,7825,0,0,2025-10-09,675,Fees Collected for TERM_2 ON 09-10-2025
16404,TERM_3,7425,0,0,2024-07-15,675,Fees Collected for TERM_3 ON 15-07-2024
16404,TERM_4,7425,0,0,2025-10-23,675,Fees Collected for TERM_4 ON 23-10-2025
16763,TERM_1,7425,0,0,2025-08-24,534,Fees Collected for TERM_1 ON 24-08-2025
16763,TERM_2,7825,0,0,2025-01-23,534,Fees Collected for TERM_2 ON 23-01-2025
16763,TERM_3,7425,0,0,2024-11-18,534,Fees Collected for TERM_3 ON 18-11-2024
16763,TERM_4,7425,0,0,2025-08-09,534,Fees Collected for TERM_4 ON 09-08-2025
16813,TERM_1,7425,0,0,2024-09-17,535,Fees Collected for TERM_1 ON 17-09-2024
16813,TERM_2,7825,0,0,2025-08-27,535,Fees Collected for TERM_2 ON 27-08-2025
16813,TERM_3,7425,0,0,2024-12-30,535,Fees Collected for TERM_3 ON 30-12-2024
16813,TERM_4,7425,0,0,2025-07-27,535,Fees Collected for TERM_4 ON 27-07-2025
16453,TERM_1,7425,0,0,2024-10-01,536,Fees Collected for TERM_1 ON 01-10-2024
16453,TERM_2,7825,0,0,2024-12-15,536,Fees Collected for TERM_2 ON 15-12-2024
16453,TERM_3,7425,0,0,2024-11-15,536,Fees Collected for TERM_3 ON 15-11-2024
16453,TERM_4,7425,0,0,2025-12-06,536,Fees Collected for TERM_4 ON 06-12-2025
16746,TERM_1,7425,0,0,2024-09-12,537,Fees Collected for TERM_1 ON 12-09-2024
16746,TERM_2,7825,0,0,2025-12-27,537,Fees Collected for TERM_2 ON 27-12-2025
16746,TERM_3,7425,0,0,2024-12-06,537,Fees Collected for TERM_3 ON 06-12-2024
16746,TERM_4,7425,0,0,2025-03-21,537,Fees Collected for TERM_4 ON 21-03-2025
16614,TERM_1,7425,0,0,2025-09-24,746,Fees Collected for TERM_1 ON 24-09-2025
16614,TERM_2,7825,0,0,2025-03-19,746,Fees Collected for TERM_2 ON 19-03-2025
16614,TERM_3,0,7425,0,2025-04-07,746,Fees Collected for TERM_3 ON 07-04-2025
16614,TERM_4,0,7425,0,2025-03-10,746,Fees Collected for TERM_4 ON 10-03-2025
16888,TERM_1,7425,0,0,2025-05-24,538,Fees Collected for TERM_1 ON 24-05-2025
16888,TERM_2,7825,0,0,2025-11-15,538,Fees Collected for TERM_2 ON 15-11-2025
16888,TERM_3,7425,0,0,2025-12-09,538,Fees Collected for TERM_3 ON 09-12-2025
16888,TERM_4,4425,3000,0,2025-02-16,538,Fees Collected for TERM_4 ON 16-02-2025
16737,TERM_1,7425,0,0,2025-09-18,539,Fees Collected for TERM_1 ON 18-09-2025
16737,TERM_2,7825,0,0,2025-05-29,539,Fees Collected for TERM_2 ON 29-05-2025
16737,TERM_3,7425,0,0,2024-09-07,539,Fees Collected for TERM_3 ON 07-09-2024
16737,TERM_4,7425,0,0,2024-10-03,539,Fees Collected for TERM_4 ON 03-10-2024
16159,TERM_1,7425,0,0,2025-05-26,802,Fees Collected for TERM_1 ON 26-05-2025
16159,TERM_2,7825,0,0,2024-06-19,802,Fees Collected for TERM_2 ON 19-06-2024
16159,TERM_3,7425,0,0,2025-03-19,802,Fees Collected for TERM_3 ON 19-03-2025
16159,TERM_4,7425,0,0,2024-08-09,802,Fees Collected for TERM_4 ON 09-08-2024
16445,TERM_1,7425,0,0,2024-07-20,540,Fees Collected for TERM_1 ON 20-07-2024
16445,TERM_2,7825,0,0,2024-06-25,540,Fees Collected for TERM_2 ON 25-06-2024
16445,TERM_3,7425,0,0,2025-11-22,540,Fees Collected for TERM_3 ON 22-11-2025
16445,TERM_4,7425,0,0,2025-11-20,540,Fees Collected for TERM_4 ON 20-11-2025
16018,TERM_1,7425,0,0,2024-07-07,541,Fees Collected for TERM_1 ON 07-07-2024
16018,TERM_2,7825,0,0,2024-11-11,541,Fees Collected for TERM_2 ON 11-11-2024
16018,TERM_3,7425,0,0,2024-12-28,541,Fees Collected for TERM_3 ON 28-12-2024
16018,TERM_4,7425,0,0,2025-08-03,541,Fees Collected for TERM_4 ON 03-08-2025
16016,TERM_1,7425,0,0,2025-04-11,592,Fees Collected for TERM_1 ON 11-04-2025
16016,TERM_2,7825,0,0,2025-04-10,592,Fees Collected for TERM_2 ON 10-04-2025
16016,TERM_3,7425,0,0,2024-06-13,592,Fees Collected for TERM_3 ON 13-06-2024
16016,TERM_4,7425,0,0,2025-11-07,592,Fees Collected for TERM_4 ON 07-11-2025
16035,TERM_1,7425,0,0,2024-12-03,593,Fees Collected for TERM_1 ON 03-12-2024
16035,TERM_2,7825,0,0,2024-11-17,593,Fees Collected for TERM_2 ON 17-11-2024
16035,TERM_3,7425,0,0,2025-02-06,593,Fees Collected for TERM_3 ON 06-02-2025
16035,TERM_4,7425,0,0,2024-10-25,593,Fees Collected for TERM_4 ON 25-10-2024
16783,TERM_1,7425,0,0,2025-07-29,594,Fees Collected for TERM_1 ON 29-07-2025
16783,TERM_2,7825,0,0,2025-09-17,594,Fees Collected for TERM_2 ON 17-09-2025
16783,TERM_3,7425,0,0,2024-10-18,594,Fees Collected for TERM_3 ON 18-10-2024
16783,TERM_4,3425,4000,0,2025-03-29,594,Fees Collected for TERM_4 ON 29-03-2025
16420,TERM_1,7425,0,0,2024-07-22,595,Fees Collected for TERM_1 ON 22-07-2024
16420,TERM_2,7825,0,0,2025-04-11,595,Fees Collected for TERM_2 ON 11-04-2025
16420,TERM_3,7425,0,0,2024-10-18,595,Fees Collected for TERM_3 ON 18-10-2024
16420,TERM_4,7425,0,0,2024-06-25,595,Fees Collected for TERM_4 ON 25-06-2024
15854,TERM_1,7425,0,0,2025-02-13,734,Fees Collected for TERM_1 ON 13-02-2025
15854,TERM_2,7825,0,0,2024-06-23,734,Fees Collected for TERM_2 ON 23-06-2024
15854,TERM_3,7425,0,0,2025-04-17,734,Fees Collected for TERM_3 ON 17-04-2025
15854,TERM_4,7425,0,0,2025-08-15,734,Fees Collected for TERM_4 ON 15-08-2025
16003,TERM_1,7425,0,0,2024-08-16,786,Fees Collected for TERM_1 ON 16-08-2024
16003,TERM_2,7825,0,0,2024-10-23,786,Fees Collected for TERM_2 ON 23-10-2024
16003,TERM_3,7425,0,0,2025-02-01,786,Fees Collected for TERM_3 ON 01-02-2025
16003,TERM_4,7425,0,0,2025-04-27,786,Fees Collected for TERM_4 ON 27-04-2025
16389,TERM_1,7425,0,0,2024-07-15,543,Fees Collected for TERM_1 ON 15-07-2024
16389,TERM_2,7825,0,0,2024-06-19,543,Fees Collected for TERM_2 ON 19-06-2024
16389,TERM_3,7425,0,0,2025-03-30,543,Fees Collected for TERM_3 ON 30-03-2025
16389,TERM_4,7425,0,0,2024-12-14,543,Fees Collected for TERM_4 ON 14-12-2024
16401,TERM_1,7425,0,0,2025-08-29,596,Fees Collected for TERM_1 ON 29-08-2025
16401,TERM_2,7825,0,0,2025-09-26,596,Fees Collected for TERM_2 ON 26-09-2025
16401,TERM_3,7425,0,0,2024-07-12,596,Fees Collected for TERM_3 ON 12-07-2024
16401,TERM_4,7425,0,0,2025-02-20,596,Fees Collected for TERM_4 ON 20-02-2025
16290,TERM_1,7425,0,0,2024-08-12,597,Fees Collected for TERM_1 ON 12-08-2024
16290,TERM_2,7825,0,0,2025-07-05,597,Fees Collected for TERM_2 ON 05-07-2025
16290,TERM_3,7425,0,0,2025-08-12,597,Fees Collected for TERM_3 ON 12-08-2025
16290,TERM_4,7425,0,0,2024-09-22,597,Fees Collected for TERM_4 ON 22-09-2024
15980,TERM_1,7425,0,0,2025-07-13,598,Fees Collected for TERM_1 ON 13-07-2025
15980,TERM_2,7825,0,0,2024-06-12,598,Fees Collected for TERM_2 ON 12-06-2024
15980,TERM_3,7425,0,0,2025-03-05,598,Fees Collected for TERM_3 ON 05-03-2025
15980,TERM_4,0,7425,0,2024-08-15,598,Fees Collected for TERM_4 ON 15-08-2024
16256,TERM_1,7425,0,0,2025-06-03,599,Fees Collected for TERM_1 ON 03-06-2025
16256,TERM_2,7825,0,0,2024-06-18,599,Fees Collected for TERM_2 ON 18-06-2024
16256,TERM_3,7425,0,0,2024-09-27,599,Fees Collected for TERM_3 ON 27-09-2024
16256,TERM_4,7425,0,0,2024-07-09,599,Fees Collected for TERM_4 ON 09-07-2024
15992,TERM_1,7425,0,0,2025-07-17,600,Fees Collected for TERM_1 ON 17-07-2025
15992,TERM_2,7825,0,0,2025-08-23,600,Fees Collected for TERM_2 ON 23-08-2025
15992,TERM_3,7425,0,0,2025-06-18,600,Fees Collected for TERM_3 ON 18-06-2025
15992,TERM_4,7425,0,0,2025-07-17,600,Fees Collected for TERM_4 ON 17-07-2025
16865,TERM_1,7425,0,0,2025-07-14,601,Fees Collected for TERM_1 ON 14-07-2025
16865,TERM_2,7825,0,0,2025-09-26,601,Fees Collected for TERM_2 ON 26-09-2025
16865,TERM_3,7425,0,0,2024-09-18,601,Fees Collected for TERM_3 ON 18-09-2024
16865,TERM_4,7425,0,0,2024-12-02,601,Fees Collected for TERM_4 ON 02-12-2024
16723,TERM_1,7425,0,0,2024-10-10,562,Fees Collected for TERM_1 ON 10-10-2024
16723,TERM_2,7825,0,0,2024-07-29,562,Fees Collected for TERM_2 ON 29-07-2024
16723,TERM_3,7425,0,0,2025-02-22,562,Fees Collected for TERM_3 ON 22-02-2025
16723,TERM_4,7425,0,0,2025-07-15,562,Fees Collected for TERM_4 ON 15-07-2025
16014,TERM_1,7425,0,0,2024-10-28,718,Fees Collected for TERM_1 ON 28-10-2024
16014,TERM_2,7825,0,0,2025-06-25,718,Fees Collected for TERM_2 ON 25-06-2025
16014,TERM_3,7425,0,0,2025-10-30,718,Fees Collected for TERM_3 ON 30-10-2025
16014,TERM_4,7425,0,0,2024-07-18,718,Fees Collected for TERM_4 ON 18-07-2024
16314,TERM_1,7425,0,0,2025-01-15,563,Fees Collected for TERM_1 ON 15-01-2025
16314,TERM_2,7825,0,0,2025-10-29,563,Fees Collected for TERM_2 ON 29-10-2025
16314,TERM_3,7425,0,0,2024-07-24,563,Fees Collected for TERM_3 ON 24-07-2024
16314,TERM_4,7425,0,0,2024-09-26,563,Fees Collected for TERM_4 ON 26-09-2024
15793,TERM_1,7425,0,0,2025-08-18,736,Fees Collected for TERM_1 ON 18-08-2025
15793,TERM_2,7825,0,0,2025-11-01,736,Fees Collected for TERM_2 ON 01-11-2025
15793,TERM_3,7425,0,0,2025-07-02,736,Fees Collected for TERM_3 ON 02-07-2025
15793,TERM_4,7425,0,0,2025-02-14,736,Fees Collected for TERM_4 ON 14-02-2025
16043,TERM_1,7425,0,0,2025-10-29,564,Fees Collected for TERM_1 ON 29-10-2025
16043,TERM_2,7825,0,0,2025-06-20,564,Fees Collected for TERM_2 ON 20-06-2025
16043,TERM_3,7425,0,0,2025-07-11,564,Fees Collected for TERM_3 ON 11-07-2025
16043,TERM_4,7425,0,0,2025-12-15,564,Fees Collected for TERM_4 ON 15-12-2025
16458,TERM_1,7425,0,0,2025-09-25,565,Fees Collected for TERM_1 ON 25-09-2025
16458,TERM_2,7825,0,0,2024-09-09,565,Fees Collected for TERM_2 ON 09-09-2024
16458,TERM_3,7425,0,0,2024-08-17,565,Fees Collected for TERM_3 ON 17-08-2024
16458,TERM_4,7425,0,0,2025-01-09,565,Fees Collected for TERM_4 ON 09-01-2025
16024,TERM_1,7425,0,0,2024-08-24,566,Fees Collected for TERM_1 ON 24-08-2024
16024,TERM_2,7825,0,0,2025-10-27,566,Fees Collected for TERM_2 ON 27-10-2025
16024,TERM_3,7425,0,0,2024-08-08,566,Fees Collected for TERM_3 ON 08-08-2024
16024,TERM_4,4425,3000,0,2025-12-27,566,Fees Collected for TERM_4 ON 27-12-2025
17031,TERM_1,7425,0,0,2024-12-26,544,Fees Collected for TERM_1 ON 26-12-2024
17031,TERM_2,7825,0,0,2025-10-05,544,Fees Collected for TERM_2 ON 05-10-2025
17031,TERM_3,7425,0,0,2024-07-04,544,Fees Collected for TERM_3 ON 04-07-2024
17031,TERM_4,7425,0,0,2025-03-14,544,Fees Collected for TERM_4 ON 14-03-2025
16383,TERM_1,7425,0,0,2024-08-09,567,Fees Collected for TERM_1 ON 09-08-2024
16383,TERM_2,7825,0,0,2025-11-05,567,Fees Collected for TERM_2 ON 05-11-2025
16383,TERM_3,7425,0,0,2025-06-10,567,Fees Collected for TERM_3 ON 10-06-2025
16383,TERM_4,7425,0,0,2025-04-17,567,Fees Collected for TERM_4 ON 17-04-2025
16735,TERM_1,7425,0,0,2025-11-14,548,Fees Collected for TERM_1 ON 14-11-2025
16735,TERM_2,7825,0,0,2024-06-23,548,Fees Collected for TERM_2 ON 23-06-2024
16735,TERM_3,7425,0,0,2025-10-11,548,Fees Collected for TERM_3 ON 11-10-2025
16735,TERM_4,7425,0,0,2025-07-30,548,Fees Collected for TERM_4 ON 30-07-2025
16465,TERM_1,7425,0,0,2025-02-20,568,Fees Collected for TERM_1 ON 20-02-2025
16465,TERM_2,7825,0,0,2024-09-29,568,Fees Collected for TERM_2 ON 29-09-2024
16465,TERM_3,7425,0,0,2024-07-23,568,Fees Collected for TERM_3 ON 23-07-2024
16465,TERM_4,7425,0,0,2025-01-18,568,Fees Collected for TERM_4 ON 18-01-2025
15894,TERM_1,7425,0,0,2025-11-23,582,Fees Collected for TERM_1 ON 23-11-2025
15894,TERM_2,7825,0,0,2024-07-08,582,Fees Collected for TERM_2 ON 08-07-2024
15894,TERM_3,7425,0,0,2025-09-09,582,Fees Collected for TERM_3 ON 09-09-2025
15894,TERM_4,7425,0,0,2025-12-01,582,Fees Collected for TERM_4 ON 01-12-2025
15946,TERM_1,7425,0,0,2024-11-01,569,Fees Collected for TERM_1 ON 01-11-2024
15946,TERM_2,7825,0,0,2025-10-31,569,Fees Collected for TERM_2 ON 31-10-2025
15946,TERM_3,7425,0,0,2025-11-02,569,Fees Collected for TERM_3 ON 02-11-2025
15946,TERM_4,7425,0,0,2025-09-10,569,Fees Collected for TERM_4 ON 10-09-2025
16005,TERM_1,7425,0,0,2024-08-14,570,Fees Collected for TERM_1 ON 14-08-2024
16005,TERM_2,7825,0,0,2025-11-10,570,Fees Collected for TERM_2 ON 10-11-2025
16005,TERM_3,7425,0,0,2025-11-18,570,Fees Collected for TERM_3 ON 18-11-2025
16005,TERM_4,7425,0,0,2025-04-18,570,Fees Collected for TERM_4 ON 18-04-2025
16047,TERM_1,7425,0,0,2025-05-21,571,Fees Collected for TERM_1 ON 21-05-2025
16047,TERM_2,7825,0,0,2024-12-15,571,Fees Collected for TERM_2 ON 15-12-2024
16047,TERM_3,7425,0,0,2025-01-12,571,Fees Collected for TERM_3 ON 12-01-2025
16047,TERM_4,7425,0,0,2024-07-10,571,Fees Collected for TERM_4 ON 10-07-2024
16160,TERM_1,7425,0,0,2025-05-29,572,Fees Collected for TERM_1 ON 29-05-2025
16160,TERM_2,7825,0,0,2025-12-25,572,Fees Collected for TERM_2 ON 25-12-2025
16160,TERM_3,7425,0,0,2024-08-10,572,Fees Collected for TERM_3 ON 10-08-2024
16160,TERM_4,7425,0,0,2025-10-17,572,Fees Collected for TERM_4 ON 17-10-2025
16789,TERM_1,7425,0,0,2024-08-30,573,Fees Collected for TERM_1 ON 30-08-2024
16789,TERM_2,7825,0,0,2025-05-08,573,Fees Collected for TERM_2 ON 08-05-2025
16789,TERM_3,7425,0,0,2024-12-02,573,Fees Collected for TERM_3 ON 02-12-2024
16789,TERM_4,7425,0,0,2025-09-23,573,Fees Collected for TERM_4 ON 23-09-2025
16307,TERM_1,7425,0,0,2024-08-09,574,Fees Collected for TERM_1 ON 09-08-2024
16307,TERM_2,7825,0,0,2025-04-28,574,Fees Collected for TERM_2 ON 28-04-2025
16307,TERM_3,7425,0,0,2024-11-23,574,Fees Collected for TERM_3 ON 23-11-2024
16307,TERM_4,7425,0,0,2024-07-07,574,Fees Collected for TERM_4 ON 07-07-2024
15850,TERM_1,7425,0,0,2025-10-18,646,Fees Collected for TERM_1 ON 18-10-2025
15850,TERM_2,7825,0,0,2025-05-24,646,Fees Collected for TERM_2 ON 24-05-2025
15850,TERM_3,7425,0,0,2024-09-23,646,Fees Collected for TERM_3 ON 23-09-2024
15850,TERM_4,4425,3000,0,2025-08-17,646,Fees Collected for TERM_4 ON 17-08-2025
17044,TERM_1,7425,0,0,2024-08-04,643,Fees Collected for TERM_1 ON 04-08-2024
17044,TERM_2,7825,0,0,2025-05-11,643,Fees Collected for TERM_2 ON 11-05-2025
17044,TERM_3,7425,0,0,2025-08-05,643,Fees Collected for TERM_3 ON 05-08-2025
17044,TERM_4,7425,0,0,2024-12-03,643,Fees Collected for TERM_4 ON 03-12-2024
16134,TERM_1,7425,0,0,2024-10-09,575,Fees Collected for TERM_1 ON 09-10-2024
16134,TERM_2,7825,0,0,2024-12-17,575,Fees Collected for TERM_2 ON 17-12-2024
16134,TERM_3,7425,0,0,2025-02-23,575,Fees Collected for TERM_3 ON 23-02-2025
16134,TERM_4,7425,0,0,2025-11-22,575,Fees Collected for TERM_4 ON 22-11-2025
16469,TERM_1,7425,0,0,2025-08-10,576,Fees Collected for TERM_1 ON 10-08-2025
16469,TERM_2,7825,0,0,2025-01-18,576,Fees Collected for TERM_2 ON 18-01-2025
16469,TERM_3,7425,0,0,2024-07-16,576,Fees Collected for TERM_3 ON 16-07-2024
16469,TERM_4,7425,0,0,2024-09-10,576,Fees Collected for TERM_4 ON 10-09-2024
16218,TERM_1,7425,0,0,2025-11-02,577,Fees Collected for TERM_1 ON 02-11-2025
16218,TERM_2,7825,0,0,2025-06-18,577,Fees Collected for TERM_2 ON 18-06-2025
16218,TERM_3,7425,0,0,2025-10-15,577,Fees Collected for TERM_3 ON 15-10-2025
16218,TERM_4,7425,0,0,2025-12-17,577,Fees Collected for TERM_4 ON 17-12-2025
16285,TERM_1,7425,0,0,2025-10-28,578,Fees Collected for TERM_1 ON 28-10-2025
16285,TERM_2,7825,0,0,2024-11-16,578,Fees Collected for TERM_2 ON 16-11-2024
16285,TERM_3,7425,0,0,2024-09-07,578,Fees Collected for TERM_3 ON 07-09-2024
16285,TERM_4,7425,0,0,2025-09-09,578,Fees Collected for TERM_4 ON 09-09-2025
16127,TERM_1,7425,0,0,2024-10-12,579,Fees Collected for TERM_1 ON 12-10-2024
16127,TERM_2,7825,0,0,2025-03-27,579,Fees Collected for TERM_2 ON 27-03-2025
16127,TERM_3,7425,0,0,2024-09-24,579,Fees Collected for TERM_3 ON 24-09-2024
16127,TERM_4,7425,0,0,2024-12-31,579,Fees Collected for TERM_4 ON 31-12-2024
16028,TERM_1,7425,0,0,2025-06-23,580,Fees Collected for TERM_1 ON 23-06-2025
16028,TERM_2,7825,0,0,2024-12-03,580,Fees Collected for TERM_2 ON 03-12-2024
16028,TERM_3,7425,0,0,2025-04-26,580,Fees Collected for TERM_3 ON 26-04-2025
16028,TERM_4,7425,0,0,2025-07-23,580,Fees Collected for TERM_4 ON 23-07-2025
17143,TERM_1,7425,0,0,2025-09-02,798,Fees Collected for TERM_1 ON 02-09-2025
17143,TERM_2,7825,0,0,2024-09-29,798,Fees Collected for TERM_2 ON 29-09-2024
17143,TERM_3,7425,0,0,2025-07-27,798,Fees Collected for TERM_3 ON 27-07-2025
17143,TERM_4,7425,0,0,2025-07-26,798,Fees Collected for TERM_4 ON 26-07-2025
16433,TERM_1,7425,0,0,2025-02-28,682,Fees Collected for TERM_1 ON 28-02-2025
16433,TERM_2,7825,0,0,2025-06-14,682,Fees Collected for TERM_2 ON 14-06-2025
16433,TERM_3,7425,0,0,2025-07-20,682,Fees Collected for TERM_3 ON 20-07-2025
16433,TERM_4,7425,0,0,2025-01-08,682,Fees Collected for TERM_4 ON 08-01-2025
16295,TERM_1,7425,0,0,2025-08-28,632,Fees Collected for TERM_1 ON 28-08-2025
16295,TERM_2,7825,0,0,2025-06-29,632,Fees Collected for TERM_2 ON 29-06-2025
16295,TERM_3,7425,0,0,2025-04-29,632,Fees Collected for TERM_3 ON 29-04-2025
16295,TERM_4,0,7425,0,2025-04-20,632,Fees Collected for TERM_4 ON 20-04-2025
16373,TERM_1,7425,0,0,2025-09-23,633,Fees Collected for TERM_1 ON 23-09-2025
16373,TERM_2,7825,0,0,2024-11-17,633,Fees Collected for TERM_2 ON 17-11-2024
16373,TERM_3,7425,0,0,2024-06-17,633,Fees Collected for TERM_3 ON 17-06-2024
16373,TERM_4,7425,0,0,2024-12-27,633,Fees Collected for TERM_4 ON 27-12-2024
16828,TERM_1,7425,0,0,2024-12-06,635,Fees Collected for TERM_1 ON 06-12-2024
16828,TERM_2,7825,0,0,2025-07-19,635,Fees Collected for TERM_2 ON 19-07-2025
16828,TERM_3,7425,0,0,2024-12-17,635,Fees Collected for TERM_3 ON 17-12-2024
16828,TERM_4,7425,0,0,2025-02-06,635,Fees Collected for TERM_4 ON 06-02-2025
16799,TERM_1,7425,0,0,2025-03-15,636,Fees Collected for TERM_1 ON 15-03-2025
16799,TERM_2,7825,0,0,2024-06-13,636,Fees Collected for TERM_2 ON 13-06-2024
16799,TERM_3,7425,0,0,2025-10-29,636,Fees Collected for TERM_3 ON 29-10-2025
16799,TERM_4,7425,0,0,2025-03-07,636,Fees Collected for TERM_4 ON 07-03-2025
16556,TERM_1,7425,0,0,2025-01-22,637,Fees Collected for TERM_1 ON 22-01-2025
16556,TERM_2,7825,0,0,2025-09-08,637,Fees Collected for TERM_2 ON 08-09-2025
16556,TERM_3,7425,0,0,2025-09-30,637,Fees Collected for TERM_3 ON 30-09-2025
16556,TERM_4,7425,0,0,2025-06-06,637,Fees Collected for TERM_4 ON 06-06-2025
16388,TERM_1,7425,0,0,2025-08-20,638,Fees Collected for TERM_1 ON 20-08-2025
16388,TERM_2,7825,0,0,2025-12-22,638,Fees Collected for TERM_2 ON 22-12-2025
16388,TERM_3,7425,0,0,2024-10-30,638,Fees Collected for TERM_3 ON 30-10-2024
16388,TERM_4,7425,0,0,2025-06-12,638,Fees Collected for TERM_4 ON 12-06-2025
15655,TERM_1,7425,0,0,2025-08-17,639,Fees Collected for TERM_1 ON 17-08-2025
15655,TERM_2,7825,0,0,2025-02-08,639,Fees Collected for TERM_2 ON 08-02-2025
15655,TERM_3,7425,0,0,2024-09-19,639,Fees Collected for TERM_3 ON 19-09-2024
15655,TERM_4,7425,0,0,2024-07-25,639,Fees Collected for TERM_4 ON 25-07-2024
16480,TERM_1,7425,0,0,2024-06-15,640,Fees Collected for TERM_1 ON 15-06-2024
16480,TERM_2,7825,0,0,2024-12-09,640,Fees Collected for TERM_2 ON 09-12-2024
16480,TERM_3,7425,0,0,2025-08-14,640,Fees Collected for TERM_3 ON 14-08-2025
16480,TERM_4,7425,0,0,2025-03-21,640,Fees Collected for TERM_4 ON 21-03-2025
16429,TERM_1,7425,0,0,2024-11-27,641,Fees Collected for TERM_1 ON 27-11-2024
16429,TERM_2,7825,0,0,2024-07-29,641,Fees Collected for TERM_2 ON 29-07-2024
16429,TERM_3,7425,0,0,2025-09-19,641,Fees Collected for TERM_3 ON 19-09-2025
16429,TERM_4,7425,0,0,2025-02-18,641,Fees Collected for TERM_4 ON 18-02-2025
16418,TERM_1,7425,0,0,2025-08-08,602,Fees Collected for TERM_1 ON 08-08-2025
16418,TERM_2,7825,0,0,2024-11-02,602,Fees Collected for TERM_2 ON 02-11-2024
16418,TERM_3,7425,0,0,2024-08-29,602,Fees Collected for TERM_3 ON 29-08-2024
16418,TERM_4,7425,0,0,2024-08-07,602,Fees Collected for TERM_4 ON 07-08-2024
16296,TERM_1,7425,0,0,2024-06-20,603,Fees Collected for TERM_1 ON 20-06-2024
16296,TERM_2,7825,0,0,2024-06-30,603,Fees Collected for TERM_2 ON 30-06-2024
16296,TERM_3,7425,0,0,2025-12-24,603,Fees Collected for TERM_3 ON 24-12-2025
16296,TERM_4,7425,0,0,2024-12-17,603,Fees Collected for TERM_4 ON 17-12-2024
16317,TERM_1,7425,0,0,2025-09-10,604,Fees Collected for TERM_1 ON 10-09-2025
16317,TERM_2,7825,0,0,2024-10-03,604,Fees Collected for TERM_2 ON 03-10-2024
16317,TERM_3,7425,0,0,2024-12-10,604,Fees Collected for TERM_3 ON 10-12-2024
16317,TERM_4,0,7425,0,2024-11-09,604,Fees Collected for TERM_4 ON 09-11-2024
16224,TERM_1,7425,0,0,2025-08-26,605,Fees Collected for TERM_1 ON 26-08-2025
16224,TERM_2,7825,0,0,2025-09-05,605,Fees Collected for TERM_2 ON 05-09-2025
16224,TERM_3,7425,0,0,2024-11-29,605,Fees Collected for TERM_3 ON 29-11-2024
16224,TERM_4,7425,0,0,2025-07-29,605,Fees Collected for TERM_4 ON 29-07-2025
16617,TERM_1,7425,0,0,2025-03-22,606,Fees Collected for TERM_1 ON 22-03-2025
16617,TERM_2,7825,0,0,2025-05-21,606,Fees Collected for TERM_2 ON 21-05-2025
16617,TERM_3,7425,0,0,2024-06-18,606,Fees Collected for TERM_3 ON 18-06-2024
16617,TERM_4,7425,0,0,2024-11-14,606,Fees Collected for TERM_4 ON 14-11-2024
16099,TERM_1,7425,0,0,2024-10-06,607,Fees Collected for TERM_1 ON 06-10-2024
16099,TERM_2,7825,0,0,2025-09-09,607,Fees Collected for TERM_2 ON 09-09-2025
16099,TERM_3,7425,0,0,2024-12-21,607,Fees Collected for TERM_3 ON 21-12-2024
16099,TERM_4,7425,0,0,2025-11-22,607,Fees Collected for TERM_4 ON 22-11-2025
16013,TERM_1,7425,0,0,2025-06-03,608,Fees Collected for TERM_1 ON 03-06-2025
16013,TERM_2,7825,0,0,2024-10-25,608,Fees Collected for TERM_2 ON 25-10-2024
16013,TERM_3,7425,0,0,2024-10-20,608,Fees Collected for TERM_3 ON 20-10-2024
16013,TERM_4,7425,0,0,2025-12-26,608,Fees Collected for TERM_4 ON 26-12-2025
16749,TERM_1,7425,0,0,2025-01-28,609,Fees Collected for TERM_1 ON 28-01-2025
16749,TERM_2,7825,0,0,2025-08-08,609,Fees Collected for TERM_2 ON 08-08-2025
16749,TERM_3,7425,0,0,2025-11-06,609,Fees Collected for TERM_3 ON 06-11-2025
16749,TERM_4,7425,0,0,2025-12-20,609,Fees Collected for TERM_4 ON 20-12-2025
16255,TERM_1,7425,0,0,2024-06-19,610,Fees Collected for TERM_1 ON 19-06-2024
16255,TERM_2,7825,0,0,2025-05-07,610,Fees Collected for TERM_2 ON 07-05-2025
16255,TERM_3,7425,0,0,2025-07-22,610,Fees Collected for TERM_3 ON 22-07-2025
16255,TERM_4,7425,0,0,2025-08-04,610,Fees Collected for TERM_4 ON 04-08-2025
16798,TERM_1,7425,0,0,2025-05-14,611,Fees Collected for TERM_1 ON 14-05-2025
16798,TERM_2,7825,0,0,2025-03-26,611,Fees Collected for TERM_2 ON 26-03-2025
16798,TERM_3,7425,0,0,2025-10-16,611,Fees Collected for TERM_3 ON 16-10-2025
16798,TERM_4,7425,0,0,2024-07-06,611,Fees Collected for TERM_4 ON 06-07-2024
16501,TERM_1,7425,0,0,2025-06-08,800,Fees Collected for TERM_1 ON 08-06-2025
16501,TERM_2,7825,0,0,2024-12-16,800,Fees Collected for TERM_2 ON 16-12-2024
16501,TERM_3,7425,0,0,2024-12-14,800,Fees Collected for TERM_3 ON 14-12-2024
16501,TERM_4,7425,0,0,2024-12-19,800,Fees Collected for TERM_4 ON 19-12-2024
15866,TERM_1,7425,0,0,2025-06-06,613,Fees Collected for TERM_1 ON 06-06-2025
15866,TERM_2,7825,0,0,2025-08-17,613,Fees Collected for TERM_2 ON 17-08-2025
15866,TERM_3,7425,0,0,2025-11-23,613,Fees Collected for TERM_3 ON 23-11-2025
15866,TERM_4,7425,0,0,2025-01-16,613,Fees Collected for TERM_4 ON 16-01-2025
16106,TERM_1,7425,0,0,2025-09-05,614,Fees Collected for TERM_1 ON 05-09-2025
16106,TERM_2,7825,0,0,2024-09-24,614,Fees Collected for TERM_2 ON 24-09-2024
16106,TERM_3,7425,0,0,2025-09-05,614,Fees Collected for TERM_3 ON 05-09-2025
16106,TERM_4,7425,0,0,2024-11-07,614,Fees Collected for TERM_4 ON 07-11-2024
16563,TERM_1,7425,0,0,2024-07-30,615,Fees Collected for TERM_1 ON 30-07-2024
16563,TERM_2,7825,0,0,2025-05-19,615,Fees Collected for TERM_2 ON 19-05-2025
16563,TERM_3,7425,0,0,2025-09-29,615,Fees Collected for TERM_3 ON 29-09-2025
16563,TERM_4,7425,0,0,2025-11-16,615,Fees Collected for TERM_4 ON 16-11-2025
16990,TERM_1,7425,0,0,2025-06-24,619,Fees Collected for TERM_1 ON 24-06-2025
16990,TERM_2,7825,0,0,2025-02-09,619,Fees Collected for TERM_2 ON 09-02-2025
16990,TERM_3,7425,0,0,2025-04-06,619,Fees Collected for TERM_3 ON 06-04-2025
16990,TERM_4,7425,0,0,2025-09-25,619,Fees Collected for TERM_4 ON 25-09-2025
15917,TERM_1,7425,0,0,2024-12-22,616,Fees Collected for TERM_1 ON 22-12-2024
15917,TERM_2,7825,0,0,2025-08-17,616,Fees Collected for TERM_2 ON 17-08-2025
15917,TERM_3,7425,0,0,2025-06-21,616,Fees Collected for TERM_3 ON 21-06-2025
15917,TERM_4,7425,0,0,2025-01-14,616,Fees Collected for TERM_4 ON 14-01-2025
16849,TERM_1,7425,0,0,2024-11-11,617,Fees Collected for TERM_1 ON 11-11-2024
16849,TERM_2,7825,0,0,2024-07-03,617,Fees Collected for TERM_2 ON 03-07-2024
16849,TERM_3,7425,0,0,2024-10-17,617,Fees Collected for TERM_3 ON 17-10-2024
16849,TERM_4,7425,0,0,2025-08-02,617,Fees Collected for TERM_4 ON 02-08-2025
15944,TERM_1,7425,0,0,2025-10-25,618,Fees Collected for TERM_1 ON 25-10-2025
15944,TERM_2,7825,0,0,2024-12-02,618,Fees Collected for TERM_2 ON 02-12-2024
15944,TERM_3,7425,0,0,2024-12-26,618,Fees Collected for TERM_3 ON 26-12-2024
15944,TERM_4,7425,0,0,2025-04-27,618,Fees Collected for TERM_4 ON 27-04-2025
15868,TERM_1,7425,0,0,2025-08-26,620,Fees Collected for TERM_1 ON 26-08-2025
15868,TERM_2,7825,0,0,2024-10-21,620,Fees Collected for TERM_2 ON 21-10-2024
15868,TERM_3,7425,0,0,2025-04-29,620,Fees Collected for TERM_3 ON 29-04-2025
15868,TERM_4,7425,0,0,2025-02-26,620,Fees Collected for TERM_4 ON 26-02-2025
15911,TERM_1,7425,0,0,2025-08-24,621,Fees Collected for TERM_1 ON 24-08-2025
15911,TERM_2,7825,0,0,2025-10-29,621,Fees Collected for TERM_2 ON 29-10-2025
15911,TERM_3,7425,0,0,2025-05-26,621,Fees Collected for TERM_3 ON 26-05-2025
15911,TERM_4,7425,0,0,2025-01-22,621,Fees Collected for TERM_4 ON 22-01-2025
16559,TERM_1,7425,0,0,2025-05-09,773,Fees Collected for TERM_1 ON 09-05-2025
16559,TERM_2,7825,0,0,2025-08-15,773,Fees Collected for TERM_2 ON 15-08-2025
16559,TERM_3,7425,0,0,2024-11-05,773,Fees Collected for TERM_3 ON 05-11-2024
16559,TERM_4,7425,0,0,2025-01-16,773,Fees Collected for TERM_4 ON 16-01-2025
15943,TERM_1,7425,0,0,2025-10-12,623,Fees Collected for TERM_1 ON 12-10-2025
15943,TERM_2,7825,0,0,2025-11-16,623,Fees Collected for TERM_2 ON 16-11-2025
15943,TERM_3,7425,0,0,2025-09-02,623,Fees Collected for TERM_3 ON 02-09-2025
15943,TERM_4,7425,0,0,2025-05-14,623,Fees Collected for TERM_4 ON 14-05-2025
15855,TERM_1,7425,0,0,2025-05-09,783,Fees Collected for TERM_1 ON 09-05-2025
15855,TERM_2,7825,0,0,2024-12-20,783,Fees Collected for TERM_2 ON 20-12-2024
15855,TERM_3,7425,0,0,2024-07-31,783,Fees Collected for TERM_3 ON 31-07-2024
15855,TERM_4,7425,0,0,2025-05-21,783,Fees Collected for TERM_4 ON 21-05-2025
16269,TERM_1,7425,0,0,2025-01-26,625,Fees Collected for TERM_1 ON 26-01-2025
16269,TERM_2,7825,0,0,2024-10-15,625,Fees Collected for TERM_2 ON 15-10-2024
16269,TERM_3,7425,0,0,2024-12-18,625,Fees Collected for TERM_3 ON 18-12-2024
16269,TERM_4,7425,0,0,2024-09-16,625,Fees Collected for TERM_4 ON 16-09-2024
16233,TERM_1,7425,0,0,2025-05-09,627,Fees Collected for TERM_1 ON 09-05-2025
16233,TERM_2,7825,0,0,2025-12-27,627,Fees Collected for TERM_2 ON 27-12-2025
16233,TERM_3,7425,0,0,2025-10-30,627,Fees Collected for TERM_3 ON 30-10-2025
16233,TERM_4,7425,0,0,2025-07-18,627,Fees Collected for TERM_4 ON 18-07-2025
15782,TERM_1,7425,0,0,2024-06-24,628,Fees Collected for TERM_1 ON 24-06-2024
15782,TERM_2,7825,0,0,2024-07-03,628,Fees Collected for TERM_2 ON 03-07-2024
15782,TERM_3,7425,0,0,2024-06-26,628,Fees Collected for TERM_3 ON 26-06-2024
15782,TERM_4,7425,0,0,2024-09-08,628,Fees Collected for TERM_4 ON 08-09-2024
16520,TERM_1,7425,0,0,2025-10-14,629,Fees Collected for TERM_1 ON 14-10-2025
16520,TERM_2,7825,0,0,2024-12-02,629,Fees Collected for TERM_2 ON 02-12-2024
16520,TERM_3,7425,0,0,2025-04-27,629,Fees Collected for TERM_3 ON 27-04-2025
16520,TERM_4,7425,0,0,2024-08-13,629,Fees Collected for TERM_4 ON 13-08-2024
15864,TERM_1,7425,0,0,2024-09-23,630,Fees Collected for TERM_1 ON 23-09-2024
15864,TERM_2,7825,0,0,2025-03-31,630,Fees Collected for TERM_2 ON 31-03-2025
15864,TERM_3,7425,0,0,2024-08-02,630,Fees Collected for TERM_3 ON 02-08-2024
15864,TERM_4,7425,0,0,2024-10-16,630,Fees Collected for TERM_4 ON 16-10-2024
16030,TERM_1,7425,0,0,2024-10-07,631,Fees Collected for TERM_1 ON 07-10-2024
16030,TERM_2,7825,0,0,2025-06-21,631,Fees Collected for TERM_2 ON 21-06-2025
16030,TERM_3,7425,0,0,2025-01-30,631,Fees Collected for TERM_3 ON 30-01-2025
16030,TERM_4,7425,0,0,2025-07-02,631,Fees Collected for TERM_4 ON 02-07-2025
16273,TERM_1,7425,0,0,2025-06-27,634,Fees Collected for TERM_1 ON 27-06-2025
16273,TERM_2,7825,0,0,2025-12-17,634,Fees Collected for TERM_2 ON 17-12-2025
16273,TERM_3,7425,0,0,2025-08-24,634,Fees Collected for TERM_3 ON 24-08-2025
16273,TERM_4,7425,0,0,2024-08-10,634,Fees Collected for TERM_4 ON 10-08-2024
16246,TERM_1,7425,0,0,2025-12-07,626,Fees Collected for TERM_1 ON 07-12-2025
16246,TERM_2,7825,0,0,2024-09-25,626,Fees Collected for TERM_2 ON 25-09-2024
16246,TERM_3,7425,0,0,2025-05-20,626,Fees Collected for TERM_3 ON 20-05-2025
16246,TERM_4,7425,0,0,2025-08-11,626,Fees Collected for TERM_4 ON 11-08-2025
16732,TERM_1,7425,0,0,2025-07-25,676,Fees Collected for TERM_1 ON 25-07-2025
16732,TERM_2,7825,0,0,2025-04-28,676,Fees Collected for TERM_2 ON 28-04-2025
16732,TERM_3,7425,0,0,2024-08-02,676,Fees Collected for TERM_3 ON 02-08-2024
16732,TERM_4,7425,0,0,2025-12-03,676,Fees Collected for TERM_4 ON 03-12-2025
17100,TERM_1,7425,0,0,2025-12-19,717,Fees Collected for TERM_1 ON 19-12-2025
17100,TERM_2,7825,0,0,2025-10-11,717,Fees Collected for TERM_2 ON 11-10-2025
17100,TERM_3,7425,0,0,2025-03-28,717,Fees Collected for TERM_3 ON 28-03-2025
17100,TERM_4,7425,0,0,2025-07-18,717,Fees Collected for TERM_4 ON 18-07-2025
16010,TERM_1,7425,0,0,2025-08-07,677,Fees Collected for TERM_1 ON 07-08-2025
16010,TERM_2,7825,0,0,2024-09-07,677,Fees Collected for TERM_2 ON 07-09-2024
16010,TERM_3,7425,0,0,2025-08-16,677,Fees Collected for TERM_3 ON 16-08-2025
16010,TERM_4,7425,0,0,2024-08-15,677,Fees Collected for TERM_4 ON 15-08-2024
16026,TERM_1,7425,0,0,2025-03-04,678,Fees Collected for TERM_1 ON 04-03-2025
16026,TERM_2,7825,0,0,2025-12-14,678,Fees Collected for TERM_2 ON 14-12-2025
16026,TERM_3,7425,0,0,2024-07-20,678,Fees Collected for TERM_3 ON 20-07-2024
16026,TERM_4,4425,3000,0,2025-09-06,678,Fees Collected for TERM_4 ON 06-09-2025
16632,TERM_1,7425,0,0,2025-10-23,679,Fees Collected for TERM_1 ON 23-10-2025
16632,TERM_2,7825,0,0,2025-05-11,679,Fees Collected for TERM_2 ON 11-05-2025
16632,TERM_3,7425,0,0,2025-06-08,679,Fees Collected for TERM_3 ON 08-06-2025
16632,TERM_4,7425,0,0,2025-10-11,679,Fees Collected for TERM_4 ON 11-10-2025
16297,TERM_1,7425,0,0,2024-07-14,801,Fees Collected for TERM_1 ON 14-07-2024
16297,TERM_2,7825,0,0,2024-06-19,801,Fees Collected for TERM_2 ON 19-06-2024
16297,TERM_3,7425,0,0,2025-05-01,801,Fees Collected for TERM_3 ON 01-05-2025
16297,TERM_4,7425,0,0,2025-10-03,801,Fees Collected for TERM_4 ON 03-10-2025
16184,TERM_1,7425,0,0,2025-08-19,680,Fees Collected for TERM_1 ON 19-08-2025
16184,TERM_2,7825,0,0,2025-06-08,680,Fees Collected for TERM_2 ON 08-06-2025
16184,TERM_3,7425,0,0,2024-07-02,680,Fees Collected for TERM_3 ON 02-07-2024
16184,TERM_4,0,7425,0,2024-09-05,680,Fees Collected for TERM_4 ON 05-09-2024
15825,TERM_1,7425,0,0,2025-07-14,681,Fees Collected for TERM_1 ON 14-07-2025
15825,TERM_2,7825,0,0,2025-04-04,681,Fees Collected for TERM_2 ON 04-04-2025
15825,TERM_3,7425,0,0,2025-04-12,681,Fees Collected for TERM_3 ON 12-04-2025
15825,TERM_4,7425,0,0,2024-06-15,681,Fees Collected for TERM_4 ON 15-06-2024
16823,TERM_1,7425,0,0,2024-11-02,662,Fees Collected for TERM_1 ON 02-11-2024
16823,TERM_2,7825,0,0,2024-10-01,662,Fees Collected for TERM_2 ON 01-10-2024
16823,TERM_3,7425,0,0,2025-09-01,662,Fees Collected for TERM_3 ON 01-09-2025
16823,TERM_4,7425,0,0,2025-01-24,662,Fees Collected for TERM_4 ON 24-01-2025
16277,TERM_1,7425,0,0,2024-10-13,684,Fees Collected for TERM_1 ON 13-10-2024
16277,TERM_2,7825,0,0,2025-06-20,684,Fees Collected for TERM_2 ON 20-06-2025
16277,TERM_3,7425,0,0,2025-03-03,684,Fees Collected for TERM_3 ON 03-03-2025
16277,TERM_4,7425,0,0,2025-08-06,684,Fees Collected for TERM_4 ON 06-08-2025
16730,TERM_1,7425,0,0,2025-12-22,663,Fees Collected for TERM_1 ON 22-12-2025
16730,TERM_2,7825,0,0,2025-06-07,663,Fees Collected for TERM_2 ON 07-06-2025
16730,TERM_3,7425,0,0,2024-07-07,663,Fees Collected for TERM_3 ON 07-07-2024
16730,TERM_4,7425,0,0,2025-09-25,663,Fees Collected for TERM_4 ON 25-09-2025
16731,TERM_1,7425,0,0,2025-02-21,664,Fees Collected for TERM_1 ON 21-02-2025
16731,TERM_2,7825,0,0,2025-01-10,664,Fees Collected for TERM_2 ON 10-01-2025
16731,TERM_3,7425,0,0,2025-06-23,664,Fees Collected for TERM_3 ON 23-06-2025
16731,TERM_4,7425,0,0,2025-06-20,664,Fees Collected for TERM_4 ON 20-06-2025
16284,TERM_1,7425,0,0,2024-07-23,665,Fees Collected for TERM_1 ON 23-07-2024
16284,TERM_2,7825,0,0,2025-02-03,665,Fees Collected for TERM_2 ON 03-02-2025
16284,TERM_3,7425,0,0,2025-12-05,665,Fees Collected for TERM_3 ON 05-12-2025
16284,TERM_4,7425,0,0,2025-12-05,665,Fees Collected for TERM_4 ON 05-12-2025
16027,TERM_1,7425,0,0,2025-03-23,666,Fees Collected for TERM_1 ON 23-03-2025
16027,TERM_2,7825,0,0,2025-03-10,666,Fees Collected for TERM_2 ON 10-03-2025
16027,TERM_3,7425,0,0,2025-04-04,666,Fees Collected for TERM_3 ON 04-04-2025
16027,TERM_4,7425,0,0,2025-10-24,666,Fees Collected for TERM_4 ON 24-10-2025
16616,TERM_1,7425,0,0,2024-10-03,587,Fees Collected for TERM_1 ON 03-10-2024
16616,TERM_2,7825,0,0,2024-10-15,587,Fees Collected for TERM_2 ON 15-10-2024
16616,TERM_3,7425,0,0,2025-11-18,587,Fees Collected for TERM_3 ON 18-11-2025
16616,TERM_4,7425,0,0,2024-09-09,587,Fees Collected for TERM_4 ON 09-09-2024
16267,TERM_1,7425,0,0,2025-03-29,779,Fees Collected for TERM_1 ON 29-03-2025
16267,TERM_2,7825,0,0,2024-07-15,779,Fees Collected for TERM_2 ON 15-07-2024
16267,TERM_3,7425,0,0,2025-09-23,779,Fees Collected for TERM_3 ON 23-09-2025
16267,TERM_4,7425,0,0,2024-08-13,779,Fees Collected for TERM_4 ON 13-08-2024
15999,TERM_1,7425,0,0,2024-06-29,668,Fees Collected for TERM_1 ON 29-06-2024
15999,TERM_2,7825,0,0,2024-12-06,668,Fees Collected for TERM_2 ON 06-12-2024
15999,TERM_3,7425,0,0,2024-06-15,668,Fees Collected for TERM_3 ON 15-06-2024
15999,TERM_4,7425,0,0,2025-03-09,668,Fees Collected for TERM_4 ON 09-03-2025
16491,TERM_1,7425,0,0,2025-09-12,669,Fees Collected for TERM_1 ON 12-09-2025
16491,TERM_2,7825,0,0,2025-12-04,669,Fees Collected for TERM_2 ON 04-12-2025
16491,TERM_3,7425,0,0,2024-07-08,669,Fees Collected for TERM_3 ON 08-07-2024
16491,TERM_4,7425,0,0,2025-04-13,669,Fees Collected for TERM_4 ON 13-04-2025
17027,TERM_1,7425,0,0,2025-06-25,549,Fees Collected for TERM_1 ON 25-06-2025
17027,TERM_2,7825,0,0,2025-11-03,549,Fees Collected for TERM_2 ON 03-11-2025
17027,TERM_3,7425,0,0,2025-04-10,549,Fees Collected for TERM_3 ON 10-04-2025
17027,TERM_4,7425,0,0,2024-08-18,549,Fees Collected for TERM_4 ON 18-08-2024
16609,TERM_1,7425,0,0,2025-04-12,733,Fees Collected for TERM_1 ON 12-04-2025
16609,TERM_2,7825,0,0,2024-12-01,733,Fees Collected for TERM_2 ON 01-12-2024
16609,TERM_3,7425,0,0,2025-06-16,733,Fees Collected for TERM_3 ON 16-06-2025
16609,TERM_4,7425,0,0,2024-11-24,733,Fees Collected for TERM_4 ON 24-11-2024
16842,TERM_1,7425,0,0,2025-03-21,671,Fees Collected for TERM_1 ON 21-03-2025
16842,TERM_2,7825,0,0,2025-06-02,671,Fees Collected for TERM_2 ON 02-06-2025
16842,TERM_3,7425,0,0,2024-11-30,671,Fees Collected for TERM_3 ON 30-11-2024
16842,TERM_4,7425,0,0,2024-09-25,671,Fees Collected for TERM_4 ON 25-09-2024
16492,TERM_1,7425,0,0,2024-07-09,647,Fees Collected for TERM_1 ON 09-07-2024
16492,TERM_2,7825,0,0,2024-11-25,647,Fees Collected for TERM_2 ON 25-11-2024
16492,TERM_3,7425,0,0,2025-11-28,647,Fees Collected for TERM_3 ON 28-11-2025
16492,TERM_4,7425,0,0,2024-06-19,647,Fees Collected for TERM_4 ON 19-06-2024
16805,TERM_1,7425,0,0,2025-08-21,652,Fees Collected for TERM_1 ON 21-08-2025
16805,TERM_2,7825,0,0,2025-04-04,652,Fees Collected for TERM_2 ON 04-04-2025
16805,TERM_3,7425,0,0,2025-06-08,652,Fees Collected for TERM_3 ON 08-06-2025
16805,TERM_4,7425,0,0,2025-07-11,652,Fees Collected for TERM_4 ON 11-07-2025
16525,TERM_1,7425,0,0,2025-05-27,648,Fees Collected for TERM_1 ON 27-05-2025
16525,TERM_2,7825,0,0,2025-07-25,648,Fees Collected for TERM_2 ON 25-07-2025
16525,TERM_3,7425,0,0,2025-10-29,648,Fees Collected for TERM_3 ON 29-10-2025
16525,TERM_4,7425,0,0,2025-08-29,648,Fees Collected for TERM_4 ON 29-08-2025
16017,TERM_1,7425,0,0,2025-06-23,653,Fees Collected for TERM_1 ON 23-06-2025
16017,TERM_2,7825,0,0,2024-06-30,653,Fees Collected for TERM_2 ON 30-06-2024
16017,TERM_3,7425,0,0,2024-11-13,653,Fees Collected for TERM_3 ON 13-11-2024
16017,TERM_4,7425,0,0,2025-12-07,653,Fees Collected for TERM_4 ON 07-12-2025
16881,TERM_1,7425,0,0,2024-12-18,654,Fees Collected for TERM_1 ON 18-12-2024
16881,TERM_2,7825,0,0,2025-12-10,654,Fees Collected for TERM_2 ON 10-12-2025
16881,TERM_3,7425,0,0,2025-12-18,654,Fees Collected for TERM_3 ON 18-12-2025
16881,TERM_4,7425,0,0,2025-05-11,654,Fees Collected for TERM_4 ON 11-05-2025
16587,TERM_1,7425,0,0,2025-08-15,655,Fees Collected for TERM_1 ON 15-08-2025
16587,TERM_2,7825,0,0,2025-12-04,655,Fees Collected for TERM_2 ON 04-12-2025
16587,TERM_3,7425,0,0,2025-11-13,655,Fees Collected for TERM_3 ON 13-11-2025
16587,TERM_4,6925,500,0,2025-08-01,655,Fees Collected for TERM_4 ON 01-08-2025
17043,TERM_1,7425,0,0,2024-09-28,651,Fees Collected for TERM_1 ON 28-09-2024
17043,TERM_2,7825,0,0,2025-01-29,651,Fees Collected for TERM_2 ON 29-01-2025
17043,TERM_3,7425,0,0,2024-08-25,651,Fees Collected for TERM_3 ON 25-08-2024
17043,TERM_4,7425,0,0,2025-09-29,651,Fees Collected for TERM_4 ON 29-09-2025
16063,TERM_1,7425,0,0,2024-07-27,656,Fees Collected for TERM_1 ON 27-07-2024
16063,TERM_2,7825,0,0,2025-01-29,656,Fees Collected for TERM_2 ON 29-01-2025
16063,TERM_3,7425,0,0,2025-10-22,656,Fees Collected for TERM_3 ON 22-10-2025
16063,TERM_4,7425,0,0,2025-10-04,656,Fees Collected for TERM_4 ON 04-10-2025
15824,TERM_1,7425,0,0,2025-07-24,657,Fees Collected for TERM_1 ON 24-07-2025
15824,TERM_2,7825,0,0,2025-03-25,657,Fees Collected for TERM_2 ON 25-03-2025
15824,TERM_3,7425,0,0,2024-07-26,657,Fees Collected for TERM_3 ON 26-07-2024
15824,TERM_4,7425,0,0,2025-09-09,657,Fees Collected for TERM_4 ON 09-09-2025
15967,TERM_1,7425,0,0,2024-10-08,658,Fees Collected for TERM_1 ON 08-10-2024
15967,TERM_2,7825,0,0,2024-08-20,658,Fees Collected for TERM_2 ON 20-08-2024
15967,TERM_3,7425,0,0,2024-08-21,658,Fees Collected for TERM_3 ON 21-08-2024
15967,TERM_4,7425,0,0,2024-09-22,658,Fees Collected for TERM_4 ON 22-09-2024
16595,TERM_1,7425,0,0,2025-07-27,659,Fees Collected for TERM_1 ON 27-07-2025
16595,TERM_2,7825,0,0,2025-12-26,659,Fees Collected for TERM_2 ON 26-12-2025
16595,TERM_3,7425,0,0,2025-10-08,659,Fees Collected for TERM_3 ON 08-10-2025
16595,TERM_4,7425,0,0,2025-11-23,659,Fees Collected for TERM_4 ON 23-11-2025
15923,TERM_1,7425,0,0,2024-08-10,660,Fees Collected for TERM_1 ON 10-08-2024
15923,TERM_2,7825,0,0,2025-07-28,660,Fees Collected for TERM_2 ON 28-07-2025
15923,TERM_3,7425,0,0,2025-06-01,660,Fees Collected for TERM_3 ON 01-06-2025
15923,TERM_4,0,7425,0,2024-09-13,660,Fees Collected for TERM_4 ON 13-09-2024
16189,TERM_1,7425,0,0,2025-11-28,649,Fees Collected for TERM_1 ON 28-11-2025
16189,TERM_2,7825,0,0,2025-11-29,649,Fees Collected for TERM_2 ON 29-11-2025
16189,TERM_3,7425,0,0,2024-11-02,649,Fees Collected for TERM_3 ON 02-11-2024
16189,TERM_4,7425,0,0,2025-01-26,649,Fees Collected for TERM_4 ON 26-01-2025
16816,TERM_1,7425,0,0,2025-05-19,661,Fees Collected for TERM_1 ON 19-05-2025
16816,TERM_2,7825,0,0,2025-09-21,661,Fees Collected for TERM_2 ON 21-09-2025
16816,TERM_3,7425,0,0,2025-12-17,661,Fees Collected for TERM_3 ON 17-12-2025
16816,TERM_4,7425,0,0,2024-10-12,661,Fees Collected for TERM_4 ON 12-10-2024
16193,TERM_1,7425,0,0,2025-07-02,642,Fees Collected for TERM_1 ON 02-07-2025
16193,TERM_2,7825,0,0,2025-06-11,642,Fees Collected for TERM_2 ON 11-06-2025
16193,TERM_3,7425,0,0,2025-01-05,642,Fees Collected for TERM_3 ON 05-01-2025
16193,TERM_4,0,7425,0,2024-12-17,642,Fees Collected for TERM_4 ON 17-12-2024
16898,TERM_1,7425,0,0,2025-08-28,805,Fees Collected for TERM_1 ON 28-08-2025
16898,TERM_2,7825,0,0,2025-12-13,805,Fees Collected for TERM_2 ON 13-12-2025
16898,TERM_3,7425,0,0,2025-03-17,805,Fees Collected for TERM_3 ON 17-03-2025
16898,TERM_4,7425,0,0,2025-08-18,805,Fees Collected for TERM_4 ON 18-08-2025
17092,TERM_1,7425,0,0,2025-08-06,723,Fees Collected for TERM_1 ON 06-08-2025
17092,TERM_2,7825,0,0,2025-03-18,723,Fees Collected for TERM_2 ON 18-03-2025
17092,TERM_3,7425,0,0,2025-06-11,723,Fees Collected for TERM_3 ON 11-06-2025
17092,TERM_4,7425,0,0,2025-05-14,723,Fees Collected for TERM_4 ON 14-05-2025
15810,TERM_1,7425,0,0,2025-05-23,719,Fees Collected for TERM_1 ON 23-05-2025
15810,TERM_2,7825,0,0,2025-11-07,719,Fees Collected for TERM_2 ON 07-11-2025
15810,TERM_3,7425,0,0,2024-12-09,719,Fees Collected for TERM_3 ON 09-12-2024
15810,TERM_4,7425,0,0,2025-08-23,719,Fees Collected for TERM_4 ON 23-08-2025
16229,TERM_1,7425,0,0,2024-11-06,714,Fees Collected for TERM_1 ON 06-11-2024
16229,TERM_2,7825,0,0,2025-03-09,714,Fees Collected for TERM_2 ON 09-03-2025
16229,TERM_3,7425,0,0,2024-07-03,714,Fees Collected for TERM_3 ON 03-07-2024
16229,TERM_4,7425,0,0,2024-08-18,714,Fees Collected for TERM_4 ON 18-08-2024
15942,TERM_1,7425,0,0,2025-05-27,803,Fees Collected for TERM_1 ON 27-05-2025
15942,TERM_2,7825,0,0,2025-06-08,803,Fees Collected for TERM_2 ON 08-06-2025
15942,TERM_3,7425,0,0,2025-01-01,803,Fees Collected for TERM_3 ON 01-01-2025
15942,TERM_4,7425,0,0,2025-11-20,803,Fees Collected for TERM_4 ON 20-11-2025
17101,TERM_1,7425,0,0,2024-09-12,583,Fees Collected for TERM_1 ON 12-09-2024
17101,TERM_2,7825,0,0,2025-09-29,583,Fees Collected for TERM_2 ON 29-09-2025
17101,TERM_3,7425,0,0,2024-08-25,583,Fees Collected for TERM_3 ON 25-08-2024
17101,TERM_4,7425,0,0,2024-07-09,583,Fees Collected for TERM_4 ON 09-07-2024
15960,TERM_1,7425,0,0,2025-03-11,710,Fees Collected for TERM_1 ON 11-03-2025
15960,TERM_2,7825,0,0,2024-10-11,710,Fees Collected for TERM_2 ON 11-10-2024
15960,TERM_3,7425,0,0,2025-11-14,710,Fees Collected for TERM_3 ON 14-11-2025
15960,TERM_4,7425,0,0,2025-11-10,710,Fees Collected for TERM_4 ON 10-11-2025
16105,TERM_1,7425,0,0,2025-02-16,711,Fees Collected for TERM_1 ON 16-02-2025
16105,TERM_2,7825,0,0,2025-12-07,711,Fees Collected for TERM_2 ON 07-12-2025
16105,TERM_3,7425,0,0,2025-02-02,711,Fees Collected for TERM_3 ON 02-02-2025
16105,TERM_4,6925,500,0,2024-11-15,711,Fees Collected for TERM_4 ON 15-11-2024
15770,TERM_1,7425,0,0,2025-08-10,712,Fees Collected for TERM_1 ON 10-08-2025
15770,TERM_2,7825,0,0,2024-11-27,712,Fees Collected for TERM_2 ON 27-11-2024
15770,TERM_3,7425,0,0,2025-02-03,712,Fees Collected for TERM_3 ON 03-02-2025
15770,TERM_4,7425,0,0,2025-01-11,712,Fees Collected for TERM_4 ON 11-01-2025
16236,TERM_1,7425,0,0,2025-02-16,704,Fees Collected for TERM_1 ON 16-02-2025
16236,TERM_2,7825,0,0,2025-07-24,704,Fees Collected for TERM_2 ON 24-07-2025
16236,TERM_3,7425,0,0,2024-07-05,704,Fees Collected for TERM_3 ON 05-07-2024
16236,TERM_4,7425,0,0,2024-08-24,704,Fees Collected for TERM_4 ON 24-08-2024
16235,TERM_1,7425,0,0,2024-08-29,714,Fees Collected for TERM_1 ON 29-08-2024
16235,TERM_2,7825,0,0,2025-10-20,714,Fees Collected for TERM_2 ON 20-10-2025
16235,TERM_3,7425,0,0,2025-05-13,714,Fees Collected for TERM_3 ON 13-05-2025
16235,TERM_4,7425,0,0,2025-05-13,714,Fees Collected for TERM_4 ON 13-05-2025
16489,TERM_1,7425,0,0,2025-09-13,709,Fees Collected for TERM_1 ON 13-09-2025
16489,TERM_2,7825,0,0,2025-07-19,709,Fees Collected for TERM_2 ON 19-07-2025
16489,TERM_3,7425,0,0,2025-07-05,709,Fees Collected for TERM_3 ON 05-07-2025
16489,TERM_4,7425,0,0,2024-10-27,709,Fees Collected for TERM_4 ON 27-10-2024
16604,TERM_1,7425,0,0,2024-07-18,706,Fees Collected for TERM_1 ON 18-07-2024
16604,TERM_2,7825,0,0,2025-07-25,706,Fees Collected for TERM_2 ON 25-07-2025
16604,TERM_3,7425,0,0,2024-06-29,706,Fees Collected for TERM_3 ON 29-06-2024
16604,TERM_4,7425,0,0,2025-10-28,706,Fees Collected for TERM_4 ON 28-10-2025
16167,TERM_1,7425,0,0,2025-11-03,707,Fees Collected for TERM_1 ON 03-11-2025
16167,TERM_2,7825,0,0,2024-08-26,707,Fees Collected for TERM_2 ON 26-08-2024
16167,TERM_3,7425,0,0,2025-03-08,707,Fees Collected for TERM_3 ON 08-03-2025
16167,TERM_4,7425,0,0,2025-11-11,707,Fees Collected for TERM_4 ON 11-11-2025
15889,TERM_1,7425,0,0,2025-01-31,708,Fees Collected for TERM_1 ON 31-01-2025
15889,TERM_2,7825,0,0,2025-02-04,708,Fees Collected for TERM_2 ON 04-02-2025
15889,TERM_3,7425,0,0,2025-12-03,708,Fees Collected for TERM_3 ON 03-12-2025
15889,TERM_4,7425,0,0,2024-12-04,708,Fees Collected for TERM_4 ON 04-12-2024
16975,TERM_1,7425,0,0,2025-06-20,703,Fees Collected for TERM_1 ON 20-06-2025
16975,TERM_2,7825,0,0,2024-11-05,703,Fees Collected for TERM_2 ON 05-11-2024
16975,TERM_3,0,7425,0,2025-12-13,703,Fees Collected for TERM_3 ON 13-12-2025
16975,TERM_4,0,7425,0,2025-03-09,703,Fees Collected for TERM_4 ON 09-03-2025
16209,TERM_1,7425,0,0,2025-06-30,834,Fees Collected for TERM_1 ON 30-06-2025
16209,TERM_2,7825,0,0,2024-08-05,834,Fees Collected for TERM_2 ON 05-08-2024
16209,TERM_3,7425,0,0,2025-04-30,834,Fees Collected for TERM_3 ON 30-04-2025
16209,TERM_4,7425,0,0,2024-08-18,834,Fees Collected for TERM_4 ON 18-08-2024
16253,TERM_1,7425,0,0,2025-01-19,590,Fees Collected for TERM_1 ON 19-01-2025
16253,TERM_2,7825,0,0,2025-08-07,590,Fees Collected for TERM_2 ON 07-08-2025
16253,TERM_3,7425,0,0,2025-07-30,590,Fees Collected for TERM_3 ON 30-07-2025
16253,TERM_4,7425,0,0,2025-02-21,590,Fees Collected for TERM_4 ON 21-02-2025
15828,TERM_1,7425,0,0,2025-11-26,700,Fees Collected for TERM_1 ON 26-11-2025
15828,TERM_2,7825,0,0,2024-09-17,700,Fees Collected for TERM_2 ON 17-09-2024
15828,TERM_3,7425,0,0,2025-02-25,700,Fees Collected for TERM_3 ON 25-02-2025
15828,TERM_4,7425,0,0,2024-08-23,700,Fees Collected for TERM_4 ON 23-08-2024
17063,TERM_1,7425,0,0,2025-10-21,730,Fees Collected for TERM_1 ON 21-10-2025
17063,TERM_2,7825,0,0,2024-10-29,730,Fees Collected for TERM_2 ON 29-10-2024
17063,TERM_3,7425,0,0,2025-12-14,730,Fees Collected for TERM_3 ON 14-12-2025
17063,TERM_4,7425,0,0,2025-04-12,730,Fees Collected for TERM_4 ON 12-04-2025
16260,TERM_1,7425,0,0,2025-01-12,701,Fees Collected for TERM_1 ON 12-01-2025
16260,TERM_2,7825,0,0,2025-08-12,701,Fees Collected for TERM_2 ON 12-08-2025
16260,TERM_3,7425,0,0,2025-08-07,701,Fees Collected for TERM_3 ON 07-08-2025
16260,TERM_4,7425,0,0,2025-11-26,701,Fees Collected for TERM_4 ON 26-11-2025
16220,TERM_1,7425,0,0,2025-08-12,705,Fees Collected for TERM_1 ON 12-08-2025
16220,TERM_2,7825,0,0,2024-06-22,705,Fees Collected for TERM_2 ON 22-06-2024
16220,TERM_3,7425,0,0,2024-11-23,705,Fees Collected for TERM_3 ON 23-11-2024
16220,TERM_4,7425,0,0,2025-08-09,705,Fees Collected for TERM_4 ON 09-08-2025
16397,TERM_1,7425,0,0,2024-10-20,695,Fees Collected for TERM_1 ON 20-10-2024
16397,TERM_2,7825,0,0,2025-03-21,695,Fees Collected for TERM_2 ON 21-03-2025
16397,TERM_3,7425,0,0,2024-08-21,695,Fees Collected for TERM_3 ON 21-08-2024
16397,TERM_4,7425,0,0,2025-05-01,695,Fees Collected for TERM_4 ON 01-05-2025
16878,TERM_1,7425,0,0,2024-08-26,696,Fees Collected for TERM_1 ON 26-08-2024
16878,TERM_2,7825,0,0,2025-04-30,696,Fees Collected for TERM_2 ON 30-04-2025
16878,TERM_3,7425,0,0,2025-03-11,696,Fees Collected for TERM_3 ON 11-03-2025
16878,TERM_4,7425,0,0,2024-09-04,696,Fees Collected for TERM_4 ON 04-09-2024
16195,TERM_1,7425,0,0,2025-02-13,697,Fees Collected for TERM_1 ON 13-02-2025
16195,TERM_2,7825,0,0,2024-07-06,697,Fees Collected for TERM_2 ON 06-07-2024
16195,TERM_3,7425,0,0,2025-10-20,697,Fees Collected for TERM_3 ON 20-10-2025
16195,TERM_4,7425,0,0,2024-07-02,697,Fees Collected for TERM_4 ON 02-07-2024
16415,TERM_1,7425,0,0,2025-09-28,698,Fees Collected for TERM_1 ON 28-09-2025
16415,TERM_2,7825,0,0,2025-03-13,698,Fees Collected for TERM_2 ON 13-03-2025
16415,TERM_3,7425,0,0,2025-11-28,698,Fees Collected for TERM_3 ON 28-11-2025
16415,TERM_4,7425,0,0,2024-07-20,698,Fees Collected for TERM_4 ON 20-07-2024
17051,TERM_1,7425,0,0,2025-01-03,674,Fees Collected for TERM_1 ON 03-01-2025
17051,TERM_2,7825,0,0,2025-01-04,674,Fees Collected for TERM_2 ON 04-01-2025
17051,TERM_3,7425,0,0,2025-03-26,674,Fees Collected for TERM_3 ON 26-03-2025
17051,TERM_4,7425,0,0,2025-11-13,674,Fees Collected for TERM_4 ON 13-11-2025
16811,TERM_1,7425,0,0,2025-09-19,699,Fees Collected for TERM_1 ON 19-09-2025
16811,TERM_2,7825,0,0,2025-12-08,699,Fees Collected for TERM_2 ON 08-12-2025
16811,TERM_3,7425,0,0,2024-10-09,699,Fees Collected for TERM_3 ON 09-10-2024
16811,TERM_4,7425,0,0,2025-08-24,699,Fees Collected for TERM_4 ON 24-08-2025
16089,TERM_1,7425,0,0,2024-12-20,795,Fees Collected for TERM_1 ON 20-12-2024
16089,TERM_2,7825,0,0,2025-07-02,795,Fees Collected for TERM_2 ON 02-07-2025
16089,TERM_3,7425,0,0,2025-06-22,795,Fees Collected for TERM_3 ON 22-06-2025
16089,TERM_4,7425,0,0,2025-12-27,795,Fees Collected for TERM_4 ON 27-12-2025
15512,TERM_1,7425,0,0,2025-04-07,691,Fees Collected for TERM_1 ON 07-04-2025
15512,TERM_2,7825,0,0,2025-08-16,691,Fees Collected for TERM_2 ON 16-08-2025
15512,TERM_3,7425,0,0,2025-03-25,691,Fees Collected for TERM_3 ON 25-03-2025
15512,TERM_4,0,7425,0,2025-11-11,691,Fees Collected for TERM_4 ON 11-11-2025
15915,TERM_1,7425,0,0,2025-10-27,692,Fees Collected for TERM_1 ON 27-10-2025
15915,TERM_2,7825,0,0,2025-07-03,692,Fees Collected for TERM_2 ON 03-07-2025
15915,TERM_3,7425,0,0,2025-01-15,692,Fees Collected for TERM_3 ON 15-01-2025
15915,TERM_4,1425,6000,0,2024-12-29,692,Fees Collected for TERM_4 ON 29-12-2024
15637,TERM_1,7425,0,0,2024-12-20,693,Fees Collected for TERM_1 ON 20-12-2024
15637,TERM_2,7825,0,0,2025-04-02,693,Fees Collected for TERM_2 ON 02-04-2025
15637,TERM_3,7425,0,0,2025-03-22,693,Fees Collected for TERM_3 ON 22-03-2025
15637,TERM_4,7425,0,0,2024-10-18,693,Fees Collected for TERM_4 ON 18-10-2024
15844,TERM_1,7425,0,0,2025-11-28,694,Fees Collected for TERM_1 ON 28-11-2025
15844,TERM_2,7825,0,0,2024-11-04,694,Fees Collected for TERM_2 ON 04-11-2024
15844,TERM_3,7425,0,0,2025-11-14,694,Fees Collected for TERM_3 ON 14-11-2025
15844,TERM_4,7425,0,0,2025-06-18,694,Fees Collected for TERM_4 ON 18-06-2025
15542,TERM_1,7425,0,0,2024-12-23,688,Fees Collected for TERM_1 ON 23-12-2024
15542,TERM_2,7825,0,0,2025-07-20,688,Fees Collected for TERM_2 ON 20-07-2025
15542,TERM_3,7425,0,0,2025-05-12,688,Fees Collected for TERM_3 ON 12-05-2025
15542,TERM_4,7425,0,0,2024-12-22,688,Fees Collected for TERM_4 ON 22-12-2024
15610,TERM_1,7425,0,0,2025-01-03,683,Fees Collected for TERM_1 ON 03-01-2025
15610,TERM_2,7825,0,0,2024-06-19,683,Fees Collected for TERM_2 ON 19-06-2024
15610,TERM_3,7425,0,0,2025-06-12,683,Fees Collected for TERM_3 ON 12-06-2025
15610,TERM_4,7425,0,0,2025-03-23,683,Fees Collected for TERM_4 ON 23-03-2025
16720,TERM_1,7425,0,0,2024-07-31,689,Fees Collected for TERM_1 ON 31-07-2024
16720,TERM_2,7825,0,0,2025-06-18,689,Fees Collected for TERM_2 ON 18-06-2025
16720,TERM_3,7425,0,0,2024-12-28,689,Fees Collected for TERM_3 ON 28-12-2024
16720,TERM_4,7425,0,0,2025-07-21,689,Fees Collected for TERM_4 ON 21-07-2025
15787,TERM_1,7425,0,0,2025-04-16,690,Fees Collected for TERM_1 ON 16-04-2025
15787,TERM_2,7825,0,0,2024-10-18,690,Fees Collected for TERM_2 ON 18-10-2024
15787,TERM_3,7425,0,0,2025-08-23,690,Fees Collected for TERM_3 ON 23-08-2025
15787,TERM_4,7425,0,0,2025-12-16,690,Fees Collected for TERM_4 ON 16-12-2025
15660,TERM_1,7425,0,0,2024-06-25,672,Fees Collected for TERM_1 ON 25-06-2024
15660,TERM_2,7825,0,0,2024-12-21,672,Fees Collected for TERM_2 ON 21-12-2024
15660,TERM_3,7425,0,0,2024-07-08,672,Fees Collected for TERM_3 ON 08-07-2024
15660,TERM_4,6925,500,0,2025-11-23,672,Fees Collected for TERM_4 ON 23-11-2025
16070,TERM_1,7425,0,0,2024-07-02,673,Fees Collected for TERM_1 ON 02-07-2024
16070,TERM_2,7825,0,0,2024-07-07,673,Fees Collected for TERM_2 ON 07-07-2024
16070,TERM_3,7425,0,0,2025-11-24,673,Fees Collected for TERM_3 ON 24-11-2025
16070,TERM_4,6925,500,0,2025-10-10,673,Fees Collected for TERM_4 ON 10-10-2025
17156,TERM_1,7425,0,0,2025-09-10,776,Fees Collected for TERM_1 ON 10-09-2025
17156,TERM_2,7825,0,0,2024-06-24,776,Fees Collected for TERM_2 ON 24-06-2024
17156,TERM_3,7425,0,0,2024-12-06,776,Fees Collected for TERM_3 ON 06-12-2024
17156,TERM_4,7425,0,0,2025-12-13,776,Fees Collected for TERM_4 ON 13-12-2025
17053,TERM_1,7425,0,0,2024-12-06,687,Fees Collected for TERM_1 ON 06-12-2024
17053,TERM_2,7825,0,0,2024-06-28,687,Fees Collected for TERM_2 ON 28-06-2024
17053,TERM_3,7425,0,0,2025-10-01,687,Fees Collected for TERM_3 ON 01-10-2025
17053,TERM_4,7425,0,0,2024-08-12,687,Fees Collected for TERM_4 ON 12-08-2024
15549,TERM_1,7425,0,0,2025-07-11,715,Fees Collected for TERM_1 ON 11-07-2025
15549,TERM_2,7825,0,0,2025-09-23,715,Fees Collected for TERM_2 ON 23-09-2025
15549,TERM_3,7425,0,0,2025-02-07,715,Fees Collected for TERM_3 ON 07-02-2025
15549,TERM_4,7425,0,0,2024-08-30,715,Fees Collected for TERM_4 ON 30-08-2024
16837,TERM_1,7425,0,0,2024-10-13,794,Fees Collected for TERM_1 ON 13-10-2024
16837,TERM_2,7825,0,0,2025-02-09,794,Fees Collected for TERM_2 ON 09-02-2025
16837,TERM_3,7425,0,0,2025-03-30,794,Fees Collected for TERM_3 ON 30-03-2025
16837,TERM_4,7425,0,0,2025-05-02,794,Fees Collected for TERM_4 ON 02-05-2025
15929,TERM_1,7425,0,0,2025-06-29,787,Fees Collected for TERM_1 ON 29-06-2025
15929,TERM_2,7825,0,0,2025-09-28,787,Fees Collected for TERM_2 ON 28-09-2025
15929,TERM_3,7425,0,0,2025-07-23,787,Fees Collected for TERM_3 ON 23-07-2025
15929,TERM_4,7425,0,0,2025-09-20,787,Fees Collected for TERM_4 ON 20-09-2025
15726,TERM_1,7425,0,0,2025-07-10,777,Fees Collected for TERM_1 ON 10-07-2025
15726,TERM_2,7825,0,0,2025-08-02,777,Fees Collected for TERM_2 ON 02-08-2025
15726,TERM_3,7425,0,0,2025-10-31,777,Fees Collected for TERM_3 ON 31-10-2025
15726,TERM_4,7425,0,0,2024-07-13,777,Fees Collected for TERM_4 ON 13-07-2024
15858,TERM_1,7425,0,0,2024-07-16,741,Fees Collected for TERM_1 ON 16-07-2024
15858,TERM_2,7825,0,0,2024-12-12,741,Fees Collected for TERM_2 ON 12-12-2024
15858,TERM_3,7425,0,0,2024-08-12,741,Fees Collected for TERM_3 ON 12-08-2024
15858,TERM_4,7425,0,0,2024-11-01,741,Fees Collected for TERM_4 ON 01-11-2024
15823,TERM_1,7425,0,0,2025-09-10,743,Fees Collected for TERM_1 ON 10-09-2025
15823,TERM_2,7825,0,0,2025-01-25,743,Fees Collected for TERM_2 ON 25-01-2025
15823,TERM_3,7425,0,0,2025-09-09,743,Fees Collected for TERM_3 ON 09-09-2025
15823,TERM_4,7425,0,0,2024-08-29,743,Fees Collected for TERM_4 ON 29-08-2024
15817,TERM_1,7425,0,0,2025-07-11,778,Fees Collected for TERM_1 ON 11-07-2025
15817,TERM_2,7825,0,0,2024-10-06,778,Fees Collected for TERM_2 ON 06-10-2024
15817,TERM_3,7425,0,0,2025-08-25,778,Fees Collected for TERM_3 ON 25-08-2025
15817,TERM_4,7425,0,0,2025-09-08,778,Fees Collected for TERM_4 ON 08-09-2025
15750,TERM_1,7425,0,0,2024-09-30,745,Fees Collected for TERM_1 ON 30-09-2024
15750,TERM_2,7825,0,0,2025-09-01,745,Fees Collected for TERM_2 ON 01-09-2025
15750,TERM_3,7425,0,0,2025-03-05,745,Fees Collected for TERM_3 ON 05-03-2025
15750,TERM_4,7425,0,0,2025-03-10,745,Fees Collected for TERM_4 ON 10-03-2025
16368,TERM_1,7425,0,0,2024-07-27,788,Fees Collected for TERM_1 ON 27-07-2024
16368,TERM_2,7825,0,0,2025-10-11,788,Fees Collected for TERM_2 ON 11-10-2025
16368,TERM_3,7425,0,0,2025-03-09,788,Fees Collected for TERM_3 ON 09-03-2025
16368,TERM_4,7425,0,0,2025-07-31,788,Fees Collected for TERM_4 ON 31-07-2025
15684,TERM_1,7425,0,0,2025-02-23,747,Fees Collected for TERM_1 ON 23-02-2025
15684,TERM_2,7825,0,0,2025-08-02,747,Fees Collected for TERM_2 ON 02-08-2025
15684,TERM_3,7425,0,0,2024-10-12,747,Fees Collected for TERM_3 ON 12-10-2024
15684,TERM_4,7425,0,0,2025-02-09,747,Fees Collected for TERM_4 ON 09-02-2025
15819,TERM_1,7425,0,0,2025-10-18,749,Fees Collected for TERM_1 ON 18-10-2025
15819,TERM_2,7825,0,0,2025-09-16,749,Fees Collected for TERM_2 ON 16-09-2025
15819,TERM_3,7425,0,0,2025-12-25,749,Fees Collected for TERM_3 ON 25-12-2025
15819,TERM_4,7425,0,0,2024-10-26,749,Fees Collected for TERM_4 ON 26-10-2024
15579,TERM_1,7425,0,0,2024-07-21,790,Fees Collected for TERM_1 ON 21-07-2024
15579,TERM_2,7825,0,0,2024-11-23,790,Fees Collected for TERM_2 ON 23-11-2024
15579,TERM_3,7425,0,0,2025-12-09,790,Fees Collected for TERM_3 ON 09-12-2025
15579,TERM_4,7425,0,0,2024-09-01,790,Fees Collected for TERM_4 ON 01-09-2024
16120,TERM_1,7425,0,0,2025-08-20,735,Fees Collected for TERM_1 ON 20-08-2025
16120,TERM_2,7825,0,0,2024-06-21,735,Fees Collected for TERM_2 ON 21-06-2024
16120,TERM_3,7425,0,0,2025-07-26,735,Fees Collected for TERM_3 ON 26-07-2025
16120,TERM_4,7425,0,0,2024-10-30,735,Fees Collected for TERM_4 ON 30-10-2024
16873,TERM_1,7425,0,0,2025-11-08,833,Fees Collected for TERM_1 ON 08-11-2025
16873,TERM_2,7825,0,0,2025-03-23,833,Fees Collected for TERM_2 ON 23-03-2025
16873,TERM_3,7425,0,0,2025-06-15,833,Fees Collected for TERM_3 ON 15-06-2025
16873,TERM_4,7425,0,0,2025-06-13,833,Fees Collected for TERM_4 ON 13-06-2025
15758,TERM_1,7425,0,0,2025-06-17,737,Fees Collected for TERM_1 ON 17-06-2025
15758,TERM_2,7825,0,0,2025-06-08,737,Fees Collected for TERM_2 ON 08-06-2025
15758,TERM_3,7425,0,0,2025-02-23,737,Fees Collected for TERM_3 ON 23-02-2025
15758,TERM_4,7425,0,0,2025-01-13,737,Fees Collected for TERM_4 ON 13-01-2025
16569,TERM_1,7425,0,0,2025-02-11,738,Fees Collected for TERM_1 ON 11-02-2025
16569,TERM_2,7825,0,0,2024-12-29,738,Fees Collected for TERM_2 ON 29-12-2024
16569,TERM_3,7425,0,0,2025-07-22,738,Fees Collected for TERM_3 ON 22-07-2025
16569,TERM_4,7425,0,0,2025-02-21,738,Fees Collected for TERM_4 ON 21-02-2025
15746,TERM_1,7425,0,0,2025-02-25,739,Fees Collected for TERM_1 ON 25-02-2025
15746,TERM_2,7825,0,0,2025-07-28,739,Fees Collected for TERM_2 ON 28-07-2025
15746,TERM_3,0,7425,0,2025-07-28,739,Fees Collected for TERM_3 ON 28-07-2025
15746,TERM_4,0,7425,0,2025-12-01,739,Fees Collected for TERM_4 ON 01-12-2025
16544,TERM_1,7425,0,0,2024-06-30,720,Fees Collected for TERM_1 ON 30-06-2024
16544,TERM_2,7825,0,0,2024-09-08,720,Fees Collected for TERM_2 ON 08-09-2024
16544,TERM_3,7425,0,0,2024-11-04,720,Fees Collected for TERM_3 ON 04-11-2024
16544,TERM_4,7425,0,0,2025-06-07,720,Fees Collected for TERM_4 ON 07-06-2025
16825,TERM_1,7425,0,0,2024-10-04,721,Fees Collected for TERM_1 ON 04-10-2024
16825,TERM_2,7825,0,0,2024-06-26,721,Fees Collected for TERM_2 ON 26-06-2024
16825,TERM_3,7425,0,0,2025-02-20,721,Fees Collected for TERM_3 ON 20-02-2025
16825,TERM_4,7425,0,0,2025-12-18,721,Fees Collected for TERM_4 ON 18-12-2025
16040,TERM_1,7425,0,0,2024-11-18,722,Fees Collected for TERM_1 ON 18-11-2024
16040,TERM_2,7825,0,0,2024-07-10,722,Fees Collected for TERM_2 ON 10-07-2024
16040,TERM_3,7425,0,0,2025-04-10,722,Fees Collected for TERM_3 ON 10-04-2025
16040,TERM_4,7425,0,0,2025-06-13,722,Fees Collected for TERM_4 ON 13-06-2025
15788,TERM_1,7425,0,0,2024-08-21,686,Fees Collected for TERM_1 ON 21-08-2024
15788,TERM_2,7825,0,0,2025-09-22,686,Fees Collected for TERM_2 ON 22-09-2025
15788,TERM_3,7425,0,0,2025-04-21,686,Fees Collected for TERM_3 ON 21-04-2025
15788,TERM_4,2425,5000,0,2025-04-14,686,Fees Collected for TERM_4 ON 14-04-2025
16243,TERM_1,0,0,0,2025-11-19,0,Fees Collected for TERM_1 ON 19-11-2025
16243,TERM_2,0,0,0,2025-02-07,0,Fees Collected for TERM_2 ON 07-02-2025
16243,TERM_4,0,0,0,2025-10-21,0,Fees Collected for TERM_4 ON 21-10-2025
15755,TERM_1,7425,0,0,2024-07-18,725,Fees Collected for TERM_1 ON 18-07-2024
15755,TERM_2,7825,0,0,2025-10-28,725,Fees Collected for TERM_2 ON 28-10-2025
15755,TERM_3,7425,0,0,2025-08-16,725,Fees Collected for TERM_3 ON 16-08-2025
15755,TERM_4,7425,0,0,2025-11-30,725,Fees Collected for TERM_4 ON 30-11-2025
17104,TERM_1,7425,0,0,2025-11-26,584,Fees Collected for TERM_1 ON 26-11-2025
17104,TERM_2,7825,0,0,2025-11-12,584,Fees Collected for TERM_2 ON 12-11-2025
17104,TERM_3,7425,0,0,2025-01-13,584,Fees Collected for TERM_3 ON 13-01-2025
17104,TERM_4,7425,0,0,2024-10-15,584,Fees Collected for TERM_4 ON 15-10-2024
15699,TERM_1,7425,0,0,2024-09-02,731,Fees Collected for TERM_1 ON 02-09-2024
15699,TERM_2,7825,0,0,2024-10-31,731,Fees Collected for TERM_2 ON 31-10-2024
15699,TERM_3,7425,0,0,2025-08-06,731,Fees Collected for TERM_3 ON 06-08-2025
15699,TERM_4,7425,0,0,2024-06-28,731,Fees Collected for TERM_4 ON 28-06-2024
16157,TERM_1,7425,0,0,2025-05-01,724,Fees Collected for TERM_1 ON 01-05-2025
16157,TERM_2,7825,0,0,2025-09-05,724,Fees Collected for TERM_2 ON 05-09-2025
16157,TERM_3,7425,0,0,2025-04-12,724,Fees Collected for TERM_3 ON 12-04-2025
16157,TERM_4,7425,0,0,2025-08-16,724,Fees Collected for TERM_4 ON 16-08-2025
16613,TERM_1,7425,0,0,2025-12-21,744,Fees Collected for TERM_1 ON 21-12-2025
16613,TERM_2,7825,0,0,2025-06-15,744,Fees Collected for TERM_2 ON 15-06-2025
16613,TERM_3,6850,575,0,2025-05-04,744,Fees Collected for TERM_3 ON 04-05-2025
16613,TERM_4,0,7425,0,2025-02-11,744,Fees Collected for TERM_4 ON 11-02-2025
16187,TERM_1,7425,0,0,2025-01-29,791,Fees Collected for TERM_1 ON 29-01-2025
16187,TERM_2,7825,0,0,2024-11-22,791,Fees Collected for TERM_2 ON 22-11-2024
16187,TERM_3,7425,0,0,2025-10-08,791,Fees Collected for TERM_3 ON 08-10-2025
16187,TERM_4,7425,0,0,2025-04-19,791,Fees Collected for TERM_4 ON 19-04-2025
17041,TERM_1,7425,0,0,2025-02-23,685,Fees Collected for TERM_1 ON 23-02-2025
17041,TERM_2,7825,0,0,2025-07-21,685,Fees Collected for TERM_2 ON 21-07-2025
17041,TERM_3,7425,0,0,2025-11-12,685,Fees Collected for TERM_3 ON 12-11-2025
17041,TERM_4,7425,0,0,2025-11-19,685,Fees Collected for TERM_4 ON 19-11-2025
15790,TERM_1,7425,0,0,2025-03-18,729,Fees Collected for TERM_1 ON 18-03-2025
15790,TERM_2,7825,0,0,2025-10-27,729,Fees Collected for TERM_2 ON 27-10-2025
15790,TERM_3,7425,0,0,2024-10-28,729,Fees Collected for TERM_3 ON 28-10-2024
15790,TERM_4,7425,0,0,2025-11-28,729,Fees Collected for TERM_4 ON 28-11-2025
17034,TERM_1,7425,0,0,2024-12-09,550,Fees Collected for TERM_1 ON 09-12-2024
17034,TERM_2,7825,0,0,2025-04-14,550,Fees Collected for TERM_2 ON 14-04-2025
17034,TERM_3,7425,0,0,2025-05-02,550,Fees Collected for TERM_3 ON 02-05-2025
17034,TERM_4,7425,0,0,2025-04-13,550,Fees Collected for TERM_4 ON 13-04-2025
17021,TERM_1,7425,0,0,2025-11-02,546,Fees Collected for TERM_1 ON 02-11-2025
17021,TERM_2,7825,0,0,2025-07-31,546,Fees Collected for TERM_2 ON 31-07-2025
17021,TERM_3,7425,0,0,2024-08-13,546,Fees Collected for TERM_3 ON 13-08-2024
17021,TERM_4,7425,0,0,2024-10-24,546,Fees Collected for TERM_4 ON 24-10-2024
16181,TERM_1,7425,0,0,2024-11-09,792,Fees Collected for TERM_1 ON 09-11-2024
16181,TERM_2,7825,0,0,2024-10-20,792,Fees Collected for TERM_2 ON 20-10-2024
16181,TERM_3,7425,0,0,2025-01-15,792,Fees Collected for TERM_3 ON 15-01-2025
16181,TERM_4,7425,0,0,2024-11-11,792,Fees Collected for TERM_4 ON 11-11-2024
15764,TERM_1,7425,0,0,2025-12-17,574,Fees Collected for TERM_1 ON 17-12-2025
15764,TERM_2,7825,0,0,2024-09-10,574,Fees Collected for TERM_2 ON 10-09-2024
15764,TERM_3,7425,0,0,2024-09-13,574,Fees Collected for TERM_3 ON 13-09-2024
15764,TERM_4,7425,0,0,2025-11-11,574,Fees Collected for TERM_4 ON 11-11-2025
16472,TERM_1,7425,0,0,2025-06-11,793,Fees Collected for TERM_1 ON 11-06-2025
16472,TERM_2,7825,0,0,2024-09-05,793,Fees Collected for TERM_2 ON 05-09-2024
16472,TERM_3,7425,0,0,2024-08-11,793,Fees Collected for TERM_3 ON 11-08-2024
16472,TERM_4,7425,0,0,2024-08-12,793,Fees Collected for TERM_4 ON 12-08-2024
17137,TERM_1,7425,0,0,2025-11-22,796,Fees Collected for TERM_1 ON 22-11-2025
17137,TERM_2,7825,0,0,2025-06-08,796,Fees Collected for TERM_2 ON 08-06-2025
17137,TERM_3,7425,0,0,2024-08-05,796,Fees Collected for TERM_3 ON 05-08-2024
17137,TERM_4,7425,0,0,2025-01-03,796,Fees Collected for TERM_4 ON 03-01-2025
16443,TERM_1,7425,0,0,2024-09-13,816,Fees Collected for TERM_1 ON 13-09-2024
16443,TERM_2,7825,0,0,2025-09-03,816,Fees Collected for TERM_2 ON 03-09-2025
16443,TERM_3,7425,0,0,2024-07-25,816,Fees Collected for TERM_3 ON 25-07-2024
16443,TERM_4,7425,0,0,2024-09-11,816,Fees Collected for TERM_4 ON 11-09-2024
16599,TERM_1,7425,0,0,2025-12-20,837,Fees Collected for TERM_1 ON 20-12-2025
16599,TERM_2,7825,0,0,2024-07-18,837,Fees Collected for TERM_2 ON 18-07-2024
16599,TERM_3,0,7425,0,2025-12-01,837,Fees Collected for TERM_3 ON 01-12-2025
16599,TERM_4,0,7425,0,2025-11-27,837,Fees Collected for TERM_4 ON 27-11-2025
16137,TERM_1,7425,0,0,2025-11-18,838,Fees Collected for TERM_1 ON 18-11-2025
16137,TERM_2,7825,0,0,2024-11-03,838,Fees Collected for TERM_2 ON 03-11-2024
16137,TERM_3,7425,0,0,2025-05-16,838,Fees Collected for TERM_3 ON 16-05-2025
16137,TERM_4,7425,0,0,2024-06-25,838,Fees Collected for TERM_4 ON 25-06-2024
16733,TERM_1,7425,0,0,2025-06-22,839,Fees Collected for TERM_1 ON 22-06-2025
16733,TERM_2,7825,0,0,2025-03-30,839,Fees Collected for TERM_2 ON 30-03-2025
16733,TERM_3,7425,0,0,2024-12-22,839,Fees Collected for TERM_3 ON 22-12-2024
16733,TERM_4,7425,0,0,2025-08-27,839,Fees Collected for TERM_4 ON 27-08-2025
15609,TERM_1,7425,0,0,2025-02-22,785,Fees Collected for TERM_1 ON 22-02-2025
15609,TERM_2,7825,0,0,2025-07-08,785,Fees Collected for TERM_2 ON 08-07-2025
15609,TERM_3,7425,0,0,2024-11-21,785,Fees Collected for TERM_3 ON 21-11-2024
15609,TERM_4,7425,0,0,2025-09-11,785,Fees Collected for TERM_4 ON 11-09-2025
15625,TERM_1,7425,0,0,2024-07-18,815,Fees Collected for TERM_1 ON 18-07-2024
15625,TERM_2,7825,0,0,2024-06-27,815,Fees Collected for TERM_2 ON 27-06-2024
15625,TERM_3,7425,0,0,2025-08-25,815,Fees Collected for TERM_3 ON 25-08-2025
15625,TERM_4,0,7425,0,2025-07-01,815,Fees Collected for TERM_4 ON 01-07-2025
15775,TERM_1,7425,0,0,2025-05-19,840,Fees Collected for TERM_1 ON 19-05-2025
15775,TERM_2,7825,0,0,2024-11-18,840,Fees Collected for TERM_2 ON 18-11-2024
15775,TERM_3,7425,0,0,2025-09-17,840,Fees Collected for TERM_3 ON 17-09-2025
15775,TERM_4,4925,2500,0,2025-02-14,840,Fees Collected for TERM_4 ON 14-02-2025
16164,TERM_1,7425,0,0,2025-12-26,806,Fees Collected for TERM_1 ON 26-12-2025
16164,TERM_2,7825,0,0,2025-12-11,806,Fees Collected for TERM_2 ON 11-12-2025
16164,TERM_3,7425,0,0,2025-08-30,806,Fees Collected for TERM_3 ON 30-08-2025
16164,TERM_4,7425,0,0,2025-12-27,806,Fees Collected for TERM_4 ON 27-12-2025
15781,TERM_1,7425,0,0,2025-05-22,819,Fees Collected for TERM_1 ON 22-05-2025
15781,TERM_2,7825,0,0,2025-04-13,819,Fees Collected for TERM_2 ON 13-04-2025
15781,TERM_3,7425,0,0,2025-10-08,819,Fees Collected for TERM_3 ON 08-10-2025
15781,TERM_4,7425,0,0,2024-07-23,819,Fees Collected for TERM_4 ON 23-07-2024
15818,TERM_1,7425,0,0,2025-02-17,820,Fees Collected for TERM_1 ON 17-02-2025
15818,TERM_2,7825,0,0,2024-07-11,820,Fees Collected for TERM_2 ON 11-07-2024
15818,TERM_3,7425,0,0,2025-05-27,820,Fees Collected for TERM_3 ON 27-05-2025
15818,TERM_4,7425,0,0,2025-02-15,820,Fees Collected for TERM_4 ON 15-02-2025
16163,TERM_1,7425,0,0,2025-04-09,818,Fees Collected for TERM_1 ON 09-04-2025
16163,TERM_2,7825,0,0,2024-07-04,818,Fees Collected for TERM_2 ON 04-07-2024
16163,TERM_3,7425,0,0,2024-07-21,818,Fees Collected for TERM_3 ON 21-07-2024
16163,TERM_4,4925,2500,0,2025-09-23,818,Fees Collected for TERM_4 ON 23-09-2025
15751,TERM_1,7425,0,0,2025-08-04,782,Fees Collected for TERM_1 ON 04-08-2025
15751,TERM_2,7825,0,0,2024-08-01,782,Fees Collected for TERM_2 ON 01-08-2024
15751,TERM_3,7425,0,0,2025-06-19,782,Fees Collected for TERM_3 ON 19-06-2025
15751,TERM_4,7425,0,0,2024-06-23,782,Fees Collected for TERM_4 ON 23-06-2024
15874,TERM_1,7425,0,0,2025-11-01,809,Fees Collected for TERM_1 ON 01-11-2025
15874,TERM_2,7825,0,0,2025-10-01,809,Fees Collected for TERM_2 ON 01-10-2025
15874,TERM_3,7425,0,0,2025-03-30,809,Fees Collected for TERM_3 ON 30-03-2025
15874,TERM_4,7425,0,0,2024-09-01,809,Fees Collected for TERM_4 ON 01-09-2024
15757,TERM_1,7425,0,0,2024-12-31,780,Fees Collected for TERM_1 ON 31-12-2024
15757,TERM_2,7825,0,0,2024-06-16,780,Fees Collected for TERM_2 ON 16-06-2024
15757,TERM_3,7425,0,0,2025-10-21,780,Fees Collected for TERM_3 ON 21-10-2025
15757,TERM_4,7425,0,0,2025-08-02,780,Fees Collected for TERM_4 ON 02-08-2025
16095,TERM_1,7425,0,0,2024-12-30,814,Fees Collected for TERM_1 ON 30-12-2024
16095,TERM_2,7825,0,0,2024-10-30,814,Fees Collected for TERM_2 ON 30-10-2024
16095,TERM_3,7425,0,0,2025-09-25,814,Fees Collected for TERM_3 ON 25-09-2025
16095,TERM_4,7425,0,0,2025-01-31,814,Fees Collected for TERM_4 ON 31-01-2025
17108,TERM_1,7425,0,0,2024-10-31,589,Fees Collected for TERM_1 ON 31-10-2024
17108,TERM_2,7825,0,0,2025-08-12,589,Fees Collected for TERM_2 ON 12-08-2025
17108,TERM_3,7425,0,0,2025-11-27,589,Fees Collected for TERM_3 ON 27-11-2025
17108,TERM_4,7425,0,0,2025-06-26,589,Fees Collected for TERM_4 ON 26-06-2025
15541,TERM_1,7425,0,0,2025-04-30,813,Fees Collected for TERM_1 ON 30-04-2025
15541,TERM_2,7825,0,0,2025-05-21,813,Fees Collected for TERM_2 ON 21-05-2025
15541,TERM_3,7425,0,0,2025-12-04,813,Fees Collected for TERM_3 ON 04-12-2025
15541,TERM_4,7425,0,0,2025-09-13,813,Fees Collected for TERM_4 ON 13-09-2025
16147,TERM_1,7425,0,0,2024-08-17,812,Fees Collected for TERM_1 ON 17-08-2024
16147,TERM_2,7825,0,0,2024-07-24,812,Fees Collected for TERM_2 ON 24-07-2024
16147,TERM_3,7425,0,0,2025-09-12,812,Fees Collected for TERM_3 ON 12-09-2025
16147,TERM_4,7425,0,0,2025-04-09,812,Fees Collected for TERM_4 ON 09-04-2025
16553,TERM_1,7425,0,0,2025-07-18,811,Fees Collected for TERM_1 ON 18-07-2025
16553,TERM_2,7825,0,0,2024-12-27,811,Fees Collected for TERM_2 ON 27-12-2024
16553,TERM_3,7425,0,0,2025-01-06,811,Fees Collected for TERM_3 ON 06-01-2025
16553,TERM_4,7425,0,0,2025-01-17,811,Fees Collected for TERM_4 ON 17-01-2025
15639,TERM_1,7425,0,0,2024-07-17,830,Fees Collected for TERM_1 ON 17-07-2024
15639,TERM_2,7825,0,0,2024-12-18,830,Fees Collected for TERM_2 ON 18-12-2024
15639,TERM_3,7425,0,0,2025-11-06,830,Fees Collected for TERM_3 ON 06-11-2025
15639,TERM_4,7425,0,0,2025-11-04,830,Fees Collected for TERM_4 ON 04-11-2025
17076,TERM_1,7425,0,0,2024-10-18,727,Fees Collected for TERM_1 ON 18-10-2024
17076,TERM_2,7825,0,0,2025-03-08,727,Fees Collected for TERM_2 ON 08-03-2025
17076,TERM_3,7425,0,0,2024-07-19,727,Fees Collected for TERM_3 ON 19-07-2024
17076,TERM_4,7425,0,0,2025-09-25,727,Fees Collected for TERM_4 ON 25-09-2025
17066,TERM_1,7425,0,0,2025-02-23,772,Fees Collected for TERM_1 ON 23-02-2025
17066,TERM_2,7825,0,0,2025-09-28,772,Fees Collected for TERM_2 ON 28-09-2025
17066,TERM_3,7425,0,0,2024-11-09,772,Fees Collected for TERM_3 ON 09-11-2024
17066,TERM_4,7425,0,0,2025-07-11,772,Fees Collected for TERM_4 ON 11-07-2025
16707,TERM_1,7425,0,0,2025-09-22,810,Fees Collected for TERM_1 ON 22-09-2025
16707,TERM_2,7825,0,0,2024-08-09,810,Fees Collected for TERM_2 ON 09-08-2024
16707,TERM_3,7425,0,0,2025-07-31,810,Fees Collected for TERM_3 ON 31-07-2025
16707,TERM_4,7425,0,0,2025-04-18,810,Fees Collected for TERM_4 ON 18-04-2025
16145,TERM_1,7425,0,0,2024-07-09,808,Fees Collected for TERM_1 ON 09-07-2024
16145,TERM_2,7825,0,0,2024-12-08,808,Fees Collected for TERM_2 ON 08-12-2024
16145,TERM_3,7425,0,0,2024-09-21,808,Fees Collected for TERM_3 ON 21-09-2024
16145,TERM_4,7425,0,0,2025-04-20,808,Fees Collected for TERM_4 ON 20-04-2025
15797,TERM_1,7425,0,0,2025-08-30,807,Fees Collected for TERM_1 ON 30-08-2025
15797,TERM_2,7825,0,0,2025-11-03,807,Fees Collected for TERM_2 ON 03-11-2025
15797,TERM_3,7425,0,0,2025-10-11,807,Fees Collected for TERM_3 ON 11-10-2025
15797,TERM_4,7425,0,0,2025-10-29,807,Fees Collected for TERM_4 ON 29-10-2025
15826,TERM_1,7425,0,0,2025-05-17,624,Fees Collected for TERM_1 ON 17-05-2025
15826,TERM_2,7825,0,0,2025-04-22,624,Fees Collected for TERM_2 ON 22-04-2025
15826,TERM_3,7425,0,0,2024-11-01,624,Fees Collected for TERM_3 ON 01-11-2024
15826,TERM_4,7425,0,0,2024-10-08,624,Fees Collected for TERM_4 ON 08-10-2024
15744,TERM_1,7425,0,0,2024-06-26,825,Fees Collected for TERM_1 ON 26-06-2024
15744,TERM_2,7825,0,0,2025-02-22,825,Fees Collected for TERM_2 ON 22-02-2025
15744,TERM_3,0,7425,0,2025-08-07,825,Fees Collected for TERM_3 ON 07-08-2025
15744,TERM_4,0,7425,0,2025-07-29,825,Fees Collected for TERM_4 ON 29-07-2025
15666,TERM_1,7425,0,0,2025-04-30,824,Fees Collected for TERM_1 ON 30-04-2025
15666,TERM_2,7825,0,0,2024-12-13,824,Fees Collected for TERM_2 ON 13-12-2024
15666,TERM_3,7425,0,0,2025-11-13,824,Fees Collected for TERM_3 ON 13-11-2025
15666,TERM_4,7425,0,0,2024-07-27,824,Fees Collected for TERM_4 ON 27-07-2024
16995,TERM_1,7425,0,0,2025-05-18,831,Fees Collected for TERM_1 ON 18-05-2025
16995,TERM_2,7825,0,0,2025-10-12,831,Fees Collected for TERM_2 ON 12-10-2025
16995,TERM_3,7425,0,0,2025-05-30,831,Fees Collected for TERM_3 ON 30-05-2025
16995,TERM_4,7425,0,0,2025-06-25,831,Fees Collected for TERM_4 ON 25-06-2025
16548,TERM_1,7425,0,0,2025-06-09,832,Fees Collected for TERM_1 ON 09-06-2025
16548,TERM_2,7825,0,0,2024-07-25,832,Fees Collected for TERM_2 ON 25-07-2024
16548,TERM_3,7425,0,0,2025-09-15,832,Fees Collected for TERM_3 ON 15-09-2025
16548,TERM_4,7425,0,0,2025-04-24,832,Fees Collected for TERM_4 ON 24-04-2025
15791,TERM_1,7425,0,0,2025-04-20,1186,Fees Collected for TERM_1 ON 20-04-2025
15791,TERM_2,7825,0,0,2024-10-08,1186,Fees Collected for TERM_2 ON 08-10-2024
15791,TERM_3,7425,0,0,2025-01-27,1186,Fees Collected for TERM_3 ON 27-01-2025
15791,TERM_4,7425,0,0,2025-05-23,1186,Fees Collected for TERM_4 ON 23-05-2025
16266,TERM_1,7425,0,0,2024-08-30,821,Fees Collected for TERM_1 ON 30-08-2024
16266,TERM_2,7825,0,0,2024-07-23,821,Fees Collected for TERM_2 ON 23-07-2024
16266,TERM_3,7425,0,0,2025-04-15,821,Fees Collected for TERM_3 ON 15-04-2025
16266,TERM_4,7425,0,0,2025-08-31,821,Fees Collected for TERM_4 ON 31-08-2025
15749,TERM_1,7425,0,0,2024-09-28,822,Fees Collected for TERM_1 ON 28-09-2024
15749,TERM_2,7825,0,0,2025-05-21,822,Fees Collected for TERM_2 ON 21-05-2025
15749,TERM_3,7425,0,0,2025-07-21,822,Fees Collected for TERM_3 ON 21-07-2025
15749,TERM_4,7425,0,0,2025-03-18,822,Fees Collected for TERM_4 ON 18-03-2025
15753,TERM_1,7425,0,0,2025-05-20,823,Fees Collected for TERM_1 ON 20-05-2025
15753,TERM_2,7825,0,0,2025-11-15,823,Fees Collected for TERM_2 ON 15-11-2025
15753,TERM_3,7425,0,0,2025-08-03,823,Fees Collected for TERM_3 ON 03-08-2025
15753,TERM_4,7425,0,0,2025-11-03,823,Fees Collected for TERM_4 ON 03-11-2025
15801,TERM_1,7425,0,0,2024-12-21,817,Fees Collected for TERM_1 ON 21-12-2024
15801,TERM_2,7825,0,0,2025-12-24,817,Fees Collected for TERM_2 ON 24-12-2025
15801,TERM_3,7425,0,0,2024-10-26,817,Fees Collected for TERM_3 ON 26-10-2024
15801,TERM_4,7425,0,0,2024-12-30,817,Fees Collected for TERM_4 ON 30-12-2024
16263,TERM_1,7425,0,0,2024-07-22,828,Fees Collected for TERM_1 ON 22-07-2024
16263,TERM_2,7825,0,0,2025-07-09,828,Fees Collected for TERM_2 ON 09-07-2025
16263,TERM_3,7425,0,0,2025-03-22,828,Fees Collected for TERM_3 ON 22-03-2025
16263,TERM_4,0,7425,0,2024-06-18,828,Fees Collected for TERM_4 ON 18-06-2024
16797,TERM_1,7425,0,0,2024-08-08,829,Fees Collected for TERM_1 ON 08-08-2024
16797,TERM_2,7825,0,0,2025-11-16,829,Fees Collected for TERM_2 ON 16-11-2025
16797,TERM_3,7425,0,0,2025-05-07,829,Fees Collected for TERM_3 ON 07-05-2025
16797,TERM_4,7425,0,0,2024-08-10,829,Fees Collected for TERM_4 ON 10-08-2024
15926,TERM_1,7425,0,0,2025-09-15,750,Fees Collected for TERM_1 ON 15-09-2025
15926,TERM_2,7825,0,0,2024-07-03,750,Fees Collected for TERM_2 ON 03-07-2024
15926,TERM_3,7425,0,0,2025-04-13,750,Fees Collected for TERM_3 ON 13-04-2025
15926,TERM_4,7425,0,0,2025-01-26,750,Fees Collected for TERM_4 ON 26-01-2025
16475,TERM_1,7425,0,0,2024-08-13,751,Fees Collected for TERM_1 ON 13-08-2024
16475,TERM_2,7825,0,0,2025-12-10,751,Fees Collected for TERM_2 ON 10-12-2025
16475,TERM_3,7425,0,0,2024-08-08,751,Fees Collected for TERM_3 ON 08-08-2024
16475,TERM_4,7425,0,0,2025-05-21,751,Fees Collected for TERM_4 ON 21-05-2025
16555,TERM_1,7425,0,0,2025-06-12,586,Fees Collected for TERM_1 ON 12-06-2025
16555,TERM_2,7825,0,0,2024-06-28,586,Fees Collected for TERM_2 ON 28-06-2024
16555,TERM_3,7425,0,0,2025-06-11,586,Fees Collected for TERM_3 ON 11-06-2025
16555,TERM_4,7425,0,0,2025-08-16,586,Fees Collected for TERM_4 ON 16-08-2025
15632,TERM_1,7425,0,0,2025-01-28,752,Fees Collected for TERM_1 ON 28-01-2025
15632,TERM_2,7825,0,0,2025-03-08,752,Fees Collected for TERM_2 ON 08-03-2025
15632,TERM_3,7425,0,0,2025-03-02,752,Fees Collected for TERM_3 ON 02-03-2025
15632,TERM_4,7425,0,0,2024-06-15,752,Fees Collected for TERM_4 ON 15-06-2024
17067,TERM_1,7425,0,0,2025-12-23,732,Fees Collected for TERM_1 ON 23-12-2025
17067,TERM_2,7825,0,0,2025-06-29,732,Fees Collected for TERM_2 ON 29-06-2025
17067,TERM_3,7425,0,0,2024-12-06,732,Fees Collected for TERM_3 ON 06-12-2024
17067,TERM_4,7425,0,0,2024-12-16,732,Fees Collected for TERM_4 ON 16-12-2024
15780,TERM_1,7425,0,0,2025-01-08,588,Fees Collected for TERM_1 ON 08-01-2025
15780,TERM_2,7825,0,0,2025-10-11,588,Fees Collected for TERM_2 ON 11-10-2025
15780,TERM_3,7425,0,0,2025-10-30,588,Fees Collected for TERM_3 ON 30-10-2025
15780,TERM_4,4425,3000,0,2024-12-20,588,Fees Collected for TERM_4 ON 20-12-2024
15890,TERM_1,7425,0,0,2024-11-27,753,Fees Collected for TERM_1 ON 27-11-2024
15890,TERM_2,7825,0,0,2024-11-08,753,Fees Collected for TERM_2 ON 08-11-2024
15890,TERM_3,7425,0,0,2025-06-12,753,Fees Collected for TERM_3 ON 12-06-2025
15890,TERM_4,7425,0,0,2025-01-11,753,Fees Collected for TERM_4 ON 11-01-2025
15734,TERM_1,7425,0,0,2024-12-16,754,Fees Collected for TERM_1 ON 16-12-2024
15734,TERM_2,7825,0,0,2025-06-03,754,Fees Collected for TERM_2 ON 03-06-2025
15734,TERM_3,7425,0,0,2024-11-22,754,Fees Collected for TERM_3 ON 22-11-2024
15734,TERM_4,7425,0,0,2025-11-11,754,Fees Collected for TERM_4 ON 11-11-2025
17065,TERM_1,7425,0,0,2025-05-23,728,Fees Collected for TERM_1 ON 23-05-2025
17065,TERM_2,7825,0,0,2025-12-18,728,Fees Collected for TERM_2 ON 18-12-2025
17065,TERM_3,7425,0,0,2025-10-11,728,Fees Collected for TERM_3 ON 11-10-2025
17065,TERM_4,7425,0,0,2024-12-29,728,Fees Collected for TERM_4 ON 29-12-2024
16850,TERM_1,7425,0,0,2025-09-07,755,Fees Collected for TERM_1 ON 07-09-2025
16850,TERM_2,7825,0,0,2025-08-25,755,Fees Collected for TERM_2 ON 25-08-2025
16850,TERM_3,7425,0,0,2025-08-15,755,Fees Collected for TERM_3 ON 15-08-2025
16850,TERM_4,7425,0,0,2024-06-24,755,Fees Collected for TERM_4 ON 24-06-2024
16280,TERM_1,7425,0,0,2024-11-07,756,Fees Collected for TERM_1 ON 07-11-2024
16280,TERM_2,7825,0,0,2025-04-12,756,Fees Collected for TERM_2 ON 12-04-2025
16280,TERM_3,7425,0,0,2025-12-23,756,Fees Collected for TERM_3 ON 23-12-2025
16280,TERM_4,7425,0,0,2025-05-23,756,Fees Collected for TERM_4 ON 23-05-2025
15811,TERM_1,7425,0,0,2025-03-17,1927,Fees Collected for TERM_1 ON 17-03-2025
15811,TERM_2,7825,0,0,2025-01-01,1927,Fees Collected for TERM_2 ON 01-01-2025
15811,TERM_3,7425,0,0,2024-10-27,1927,Fees Collected for TERM_3 ON 27-10-2024
15811,TERM_4,7425,0,0,2025-09-22,1927,Fees Collected for TERM_4 ON 22-09-2025
16289,TERM_1,7425,0,0,2024-06-28,757,Fees Collected for TERM_1 ON 28-06-2024
16289,TERM_2,7825,0,0,2025-07-11,757,Fees Collected for TERM_2 ON 11-07-2025
16289,TERM_3,7425,0,0,2025-06-23,757,Fees Collected for TERM_3 ON 23-06-2025
16289,TERM_4,7425,0,0,2025-05-03,757,Fees Collected for TERM_4 ON 03-05-2025
15932,TERM_1,7425,0,0,2025-03-16,645,Fees Collected for TERM_1 ON 16-03-2025
15932,TERM_2,7825,0,0,2024-11-17,645,Fees Collected for TERM_2 ON 17-11-2024
15932,TERM_3,0,7425,0,2024-09-27,645,Fees Collected for TERM_3 ON 27-09-2024
15932,TERM_4,0,7425,0,2025-07-04,645,Fees Collected for TERM_4 ON 04-07-2025
17116,TERM_1,7425,0,0,2024-11-10,716,Fees Collected for TERM_1 ON 10-11-2024
17116,TERM_2,7825,0,0,2025-11-13,716,Fees Collected for TERM_2 ON 13-11-2025
17116,TERM_3,7425,0,0,2024-06-28,716,Fees Collected for TERM_3 ON 28-06-2024
17116,TERM_4,7425,0,0,2025-07-23,716,Fees Collected for TERM_4 ON 23-07-2025
15686,TERM_1,0,0,0,2024-11-25,0,Fees Collected for TERM_1 ON 25-11-2024
15686,TERM_2,0,0,0,2025-06-16,0,Fees Collected for TERM_2 ON 16-06-2025
15686,TERM_4,0,0,0,2025-04-25,0,Fees Collected for TERM_4 ON 25-04-2025
17025,TERM_1,7425,0,0,2024-08-30,547,Fees Collected for TERM_1 ON 30-08-2024
17025,TERM_2,7825,0,0,2025-09-19,547,Fees Collected for TERM_2 ON 19-09-2025
17025,TERM_3,7425,0,0,2025-04-24,547,Fees Collected for TERM_3 ON 24-04-2025
17025,TERM_4,7425,0,0,2024-09-09,547,Fees Collected for TERM_4 ON 09-09-2024
16887,TERM_1,7425,0,0,2025-08-26,758,Fees Collected for TERM_1 ON 26-08-2025
16887,TERM_2,7825,0,0,2025-05-08,758,Fees Collected for TERM_2 ON 08-05-2025
16887,TERM_3,7425,0,0,2024-11-11,758,Fees Collected for TERM_3 ON 11-11-2024
16887,TERM_4,3925,3500,0,2025-05-06,758,Fees Collected for TERM_4 ON 06-05-2025
15762,TERM_1,7425,0,0,2024-11-24,759,Fees Collected for TERM_1 ON 24-11-2024
15762,TERM_2,7825,0,0,2025-07-20,759,Fees Collected for TERM_2 ON 20-07-2025
15762,TERM_3,7425,0,0,2024-12-03,759,Fees Collected for TERM_3 ON 03-12-2024
15762,TERM_4,7425,0,0,2025-05-14,759,Fees Collected for TERM_4 ON 14-05-2025
15893,TERM_1,7425,0,0,2024-06-14,760,Fees Collected for TERM_1 ON 14-06-2024
15893,TERM_2,7825,0,0,2025-11-17,760,Fees Collected for TERM_2 ON 17-11-2025
15893,TERM_3,7425,0,0,2025-12-20,760,Fees Collected for TERM_3 ON 20-12-2025
15893,TERM_4,7425,0,0,2025-12-22,760,Fees Collected for TERM_4 ON 22-12-2025
16104,TERM_1,7425,0,0,2025-02-04,761,Fees Collected for TERM_1 ON 04-02-2025
16104,TERM_2,7825,0,0,2025-11-22,761,Fees Collected for TERM_2 ON 22-11-2025
16104,TERM_3,7425,0,0,2025-09-20,761,Fees Collected for TERM_3 ON 20-09-2025
16104,TERM_4,7425,0,0,2025-09-12,761,Fees Collected for TERM_4 ON 12-09-2025
15730,TERM_1,7425,0,0,2025-01-28,591,Fees Collected for TERM_1 ON 28-01-2025
15730,TERM_2,7825,0,0,2025-08-29,591,Fees Collected for TERM_2 ON 29-08-2025
15730,TERM_3,7425,0,0,2024-09-02,591,Fees Collected for TERM_3 ON 02-09-2024
15730,TERM_4,7425,0,0,2025-08-07,591,Fees Collected for TERM_4 ON 07-08-2025
16152,TERM_1,7425,0,0,2025-12-05,762,Fees Collected for TERM_1 ON 05-12-2025
16152,TERM_2,7825,0,0,2025-10-07,762,Fees Collected for TERM_2 ON 07-10-2025
16152,TERM_3,7425,0,0,2025-08-05,762,Fees Collected for TERM_3 ON 05-08-2025
16152,TERM_4,7425,0,0,2025-07-18,762,Fees Collected for TERM_4 ON 18-07-2025
15888,TERM_1,7425,0,0,2024-12-16,763,Fees Collected for TERM_1 ON 16-12-2024
15888,TERM_2,7825,0,0,2025-03-28,763,Fees Collected for TERM_2 ON 28-03-2025
15888,TERM_3,7425,0,0,2024-11-22,763,Fees Collected for TERM_3 ON 22-11-2024
15888,TERM_4,7425,0,0,2025-02-16,763,Fees Collected for TERM_4 ON 16-02-2025
15840,TERM_1,7425,0,0,2024-10-22,650,Fees Collected for TERM_1 ON 22-10-2024
15840,TERM_2,7825,0,0,2024-07-02,650,Fees Collected for TERM_2 ON 02-07-2024
15840,TERM_3,0,7425,0,2025-03-15,650,Fees Collected for TERM_3 ON 15-03-2025
15840,TERM_4,0,7425,0,2025-04-20,650,Fees Collected for TERM_4 ON 20-04-2025
16493,TERM_1,7425,0,0,2025-08-09,764,Fees Collected for TERM_1 ON 09-08-2025
16493,TERM_2,7825,0,0,2024-10-31,764,Fees Collected for TERM_2 ON 31-10-2024
16493,TERM_3,7425,0,0,2025-08-13,764,Fees Collected for TERM_3 ON 13-08-2025
16493,TERM_4,7425,0,0,2025-10-02,764,Fees Collected for TERM_4 ON 02-10-2025
15800,TERM_1,7425,0,0,2025-04-22,836,Fees Collected for TERM_1 ON 22-04-2025
15800,TERM_2,7825,0,0,2025-03-13,836,Fees Collected for TERM_2 ON 13-03-2025
15800,TERM_3,7425,0,0,2025-06-03,836,Fees Collected for TERM_3 ON 03-06-2025
15800,TERM_4,7425,0,0,2025-09-22,836,Fees Collected for TERM_4 ON 22-09-2025
16211,TERM_1,7425,0,0,2024-08-29,765,Fees Collected for TERM_1 ON 29-08-2024
16211,TERM_2,7825,0,0,2025-10-13,765,Fees Collected for TERM_2 ON 13-10-2025
16211,TERM_3,7425,0,0,2025-12-26,765,Fees Collected for TERM_3 ON 26-12-2025
16211,TERM_4,7425,0,0,2024-12-28,765,Fees Collected for TERM_4 ON 28-12-2024
16692,TERM_1,7425,0,0,2025-05-15,766,Fees Collected for TERM_1 ON 15-05-2025
16692,TERM_2,7825,0,0,2025-06-12,766,Fees Collected for TERM_2 ON 12-06-2025
16692,TERM_3,7425,0,0,2025-06-12,766,Fees Collected for TERM_3 ON 12-06-2025
16692,TERM_4,7425,0,0,2025-12-24,766,Fees Collected for TERM_4 ON 24-12-2025
15690,TERM_1,7425,0,0,2025-10-14,767,Fees Collected for TERM_1 ON 14-10-2025
15690,TERM_2,7825,0,0,2024-12-30,767,Fees Collected for TERM_2 ON 30-12-2024
15690,TERM_3,7425,0,0,2025-06-01,767,Fees Collected for TERM_3 ON 01-06-2025
15690,TERM_4,7425,0,0,2024-11-13,767,Fees Collected for TERM_4 ON 13-11-2024
15922,TERM_1,7425,0,0,2024-08-20,1039,Fees Collected for TERM_1 ON 20-08-2024
15922,TERM_2,7825,0,0,2025-06-06,1039,Fees Collected for TERM_2 ON 06-06-2025
15922,TERM_3,7425,0,0,2025-01-09,1039,Fees Collected for TERM_3 ON 09-01-2025
15922,TERM_4,7425,0,0,2024-09-03,1039,Fees Collected for TERM_4 ON 03-09-2024
16741,TERM_1,7425,0,0,2025-01-18,768,Fees Collected for TERM_1 ON 18-01-2025
16741,TERM_2,7825,0,0,2025-01-18,768,Fees Collected for TERM_2 ON 18-01-2025
16741,TERM_3,7425,0,0,2025-05-15,768,Fees Collected for TERM_3 ON 15-05-2025
16741,TERM_4,7425,0,0,2024-10-10,768,Fees Collected for TERM_4 ON 10-10-2024
16880,TERM_1,7425,0,0,2025-03-25,769,Fees Collected for TERM_1 ON 25-03-2025
16880,TERM_2,7825,0,0,2025-04-11,769,Fees Collected for TERM_2 ON 11-04-2025
16880,TERM_3,7425,0,0,2025-03-26,769,Fees Collected for TERM_3 ON 26-03-2025
16880,TERM_4,7425,0,0,2025-12-06,769,Fees Collected for TERM_4 ON 06-12-2025
16185,TERM_1,7425,0,0,2025-07-30,770,Fees Collected for TERM_1 ON 30-07-2025
16185,TERM_2,7825,0,0,2025-10-07,770,Fees Collected for TERM_2 ON 07-10-2025
16185,TERM_3,7425,0,0,2025-12-14,770,Fees Collected for TERM_3 ON 14-12-2025
16185,TERM_4,7425,0,0,2025-12-19,770,Fees Collected for TERM_4 ON 19-12-2025
15558,TERM_1,7425,0,0,2025-06-06,771,Fees Collected for TERM_1 ON 06-06-2025
15558,TERM_2,7825,0,0,2025-08-20,771,Fees Collected for TERM_2 ON 20-08-2025
15558,TERM_3,7425,0,0,2025-11-05,771,Fees Collected for TERM_3 ON 05-11-2025
15558,TERM_4,7425,0,0,2025-03-31,771,Fees Collected for TERM_4 ON 31-03-2025
17098,TERM_1,7425,0,0,2024-06-26,748,Fees Collected for TERM_1 ON 26-06-2024
17098,TERM_2,7825,0,0,2025-05-26,748,Fees Collected for TERM_2 ON 26-05-2025
17098,TERM_3,7425,0,0,2024-10-19,748,Fees Collected for TERM_3 ON 19-10-2024
17098,TERM_4,0,0,0,2025-09-12,748,Fees Collected for TERM_4 ON 12-09-2025
17139,TERM_1,7425,0,0,2024-07-26,797,Fees Collected for TERM_1 ON 26-07-2024
17139,TERM_2,7825,0,0,2025-09-29,797,Fees Collected for TERM_2 ON 29-09-2025
17139,TERM_3,7425,0,0,2025-05-09,797,Fees Collected for TERM_3 ON 09-05-2025
17139,TERM_4,7425,0,0,2025-10-11,797,Fees Collected for TERM_4 ON 11-10-2025
16806,TERM_1,7700,0,0,2024-08-04,844,Fees Collected for TERM_1 ON 04-08-2024
16806,TERM_2,8100,0,0,2025-10-25,844,Fees Collected for TERM_2 ON 25-10-2025
16806,TERM_3,7700,0,0,2024-06-20,844,Fees Collected for TERM_3 ON 20-06-2024
16806,TERM_4,7700,0,0,2025-08-13,844,Fees Collected for TERM_4 ON 13-08-2025
17024,TERM_1,7700,0,0,2025-06-15,0,Fees Collected for TERM_1 ON 15-06-2025
17024,TERM_2,8100,0,0,2025-12-15,0,Fees Collected for TERM_2 ON 15-12-2025
17024,TERM_3,7700,0,0,2025-06-15,0,Fees Collected for TERM_3 ON 15-06-2025
17024,TERM_4,7700,0,0,2025-01-14,0,Fees Collected for TERM_4 ON 14-01-2025
15218,TERM_1,7700,0,0,2025-01-03,846,Fees Collected for TERM_1 ON 03-01-2025
15218,TERM_2,8100,0,0,2025-09-27,846,Fees Collected for TERM_2 ON 27-09-2025
15218,TERM_3,7700,0,0,2025-09-17,846,Fees Collected for TERM_3 ON 17-09-2025
15218,TERM_4,7700,0,0,2025-06-12,846,Fees Collected for TERM_4 ON 12-06-2025
15531,TERM_1,7700,0,0,2025-08-29,1025,Fees Collected for TERM_1 ON 29-08-2025
15531,TERM_2,8100,0,0,2025-02-27,1025,Fees Collected for TERM_2 ON 27-02-2025
15531,TERM_3,7700,0,0,2025-04-17,1025,Fees Collected for TERM_3 ON 17-04-2025
15531,TERM_4,7700,0,0,2025-01-04,1025,Fees Collected for TERM_4 ON 04-01-2025
16802,TERM_1,7700,0,0,2025-04-24,847,Fees Collected for TERM_1 ON 24-04-2025
16802,TERM_2,8100,0,0,2025-01-24,847,Fees Collected for TERM_2 ON 24-01-2025
16802,TERM_3,7700,0,0,2024-07-03,847,Fees Collected for TERM_3 ON 03-07-2024
16802,TERM_4,7700,0,0,2025-11-04,847,Fees Collected for TERM_4 ON 04-11-2025
15631,TERM_1,7700,0,0,2024-11-08,1121,Fees Collected for TERM_1 ON 08-11-2024
15631,TERM_2,8100,0,0,2025-07-03,1121,Fees Collected for TERM_2 ON 03-07-2025
15631,TERM_3,7700,0,0,2025-01-13,1121,Fees Collected for TERM_3 ON 13-01-2025
15631,TERM_4,0,7700,0,2024-12-03,1121,Fees Collected for TERM_4 ON 03-12-2024
15236,TERM_1,7700,0,0,2025-12-26,1165,Fees Collected for TERM_1 ON 26-12-2025
15236,TERM_2,8100,0,0,2025-01-25,1165,Fees Collected for TERM_2 ON 25-01-2025
15236,TERM_3,7700,0,0,2024-10-28,1165,Fees Collected for TERM_3 ON 28-10-2024
15236,TERM_4,7700,0,0,2024-07-17,1165,Fees Collected for TERM_4 ON 17-07-2024
15543,TERM_1,7700,0,0,2024-11-19,848,Fees Collected for TERM_1 ON 19-11-2024
15543,TERM_2,8100,0,0,2024-10-06,848,Fees Collected for TERM_2 ON 06-10-2024
15543,TERM_3,7700,0,0,2024-10-05,848,Fees Collected for TERM_3 ON 05-10-2024
15543,TERM_4,7700,0,0,2025-10-20,848,Fees Collected for TERM_4 ON 20-10-2025
15481,TERM_1,7700,0,0,2025-01-29,1026,Fees Collected for TERM_1 ON 29-01-2025
15481,TERM_2,8100,0,0,2025-02-11,1026,Fees Collected for TERM_2 ON 11-02-2025
15481,TERM_3,7700,0,0,2025-09-06,1026,Fees Collected for TERM_3 ON 06-09-2025
15481,TERM_4,7700,0,0,2025-11-10,1026,Fees Collected for TERM_4 ON 10-11-2025
15945,TERM_1,7700,0,0,2025-11-10,1104,Fees Collected for TERM_1 ON 10-11-2025
15945,TERM_2,8100,0,0,2025-01-01,1104,Fees Collected for TERM_2 ON 01-01-2025
15945,TERM_3,0,7700,0,2025-03-11,1104,Fees Collected for TERM_3 ON 11-03-2025
15945,TERM_4,0,7700,0,2025-04-23,1104,Fees Collected for TERM_4 ON 23-04-2025
16784,TERM_1,7700,0,0,2025-06-08,1027,Fees Collected for TERM_1 ON 08-06-2025
16784,TERM_2,8100,0,0,2024-08-23,1027,Fees Collected for TERM_2 ON 23-08-2024
16784,TERM_3,7700,0,0,2024-07-03,1027,Fees Collected for TERM_3 ON 03-07-2024
16784,TERM_4,7700,0,0,2025-04-05,1027,Fees Collected for TERM_4 ON 05-04-2025
15691,TERM_1,7700,0,0,2024-12-24,1028,Fees Collected for TERM_1 ON 24-12-2024
15691,TERM_2,8100,0,0,2024-09-26,1028,Fees Collected for TERM_2 ON 26-09-2024
15691,TERM_3,7700,0,0,2024-09-23,1028,Fees Collected for TERM_3 ON 23-09-2024
15691,TERM_4,7700,0,0,2025-01-06,1028,Fees Collected for TERM_4 ON 06-01-2025
15525,TERM_1,7700,0,0,2025-05-29,1029,Fees Collected for TERM_1 ON 29-05-2025
15525,TERM_2,8100,0,0,2025-08-19,1029,Fees Collected for TERM_2 ON 19-08-2025
15525,TERM_3,7700,0,0,2025-06-19,1029,Fees Collected for TERM_3 ON 19-06-2025
15525,TERM_4,7700,0,0,2025-04-21,1029,Fees Collected for TERM_4 ON 21-04-2025
15522,TERM_1,7700,0,0,2025-05-02,849,Fees Collected for TERM_1 ON 02-05-2025
15522,TERM_2,8100,0,0,2025-07-28,849,Fees Collected for TERM_2 ON 28-07-2025
15522,TERM_3,7700,0,0,2024-09-05,849,Fees Collected for TERM_3 ON 05-09-2024
15522,TERM_4,7700,0,0,2024-11-05,849,Fees Collected for TERM_4 ON 05-11-2024
15771,TERM_1,7700,0,0,2025-03-05,850,Fees Collected for TERM_1 ON 05-03-2025
15771,TERM_2,8100,0,0,2024-12-20,850,Fees Collected for TERM_2 ON 20-12-2024
15771,TERM_3,7700,0,0,2024-08-16,850,Fees Collected for TERM_3 ON 16-08-2024
15771,TERM_4,7700,0,0,2025-06-16,850,Fees Collected for TERM_4 ON 16-06-2025
15546,TERM_1,7700,0,0,2025-01-14,851,Fees Collected for TERM_1 ON 14-01-2025
15546,TERM_2,8100,0,0,2025-12-13,851,Fees Collected for TERM_2 ON 13-12-2025
15546,TERM_3,7700,0,0,2025-08-12,851,Fees Collected for TERM_3 ON 12-08-2025
15546,TERM_4,5200,2500,0,2025-12-18,851,Fees Collected for TERM_4 ON 18-12-2025
15677,TERM_1,7700,0,0,2025-06-07,918,Fees Collected for TERM_1 ON 07-06-2025
15677,TERM_2,8100,0,0,2025-03-15,918,Fees Collected for TERM_2 ON 15-03-2025
15677,TERM_3,7700,0,0,2024-07-03,918,Fees Collected for TERM_3 ON 03-07-2024
15677,TERM_4,7700,0,0,2025-10-26,918,Fees Collected for TERM_4 ON 26-10-2025
17087,TERM_1,7700,0,0,2025-08-10,1143,Fees Collected for TERM_1 ON 10-08-2025
17087,TERM_2,8100,0,0,2025-12-19,1143,Fees Collected for TERM_2 ON 19-12-2025
17087,TERM_3,7700,0,0,2025-12-10,1143,Fees Collected for TERM_3 ON 10-12-2025
17087,TERM_4,7700,0,0,2025-05-24,1143,Fees Collected for TERM_4 ON 24-05-2025
15459,TERM_1,7700,0,0,2025-02-07,852,Fees Collected for TERM_1 ON 07-02-2025
15459,TERM_2,8100,0,0,2024-06-30,852,Fees Collected for TERM_2 ON 30-06-2024
15459,TERM_3,0,7700,0,2024-07-21,852,Fees Collected for TERM_3 ON 21-07-2024
15459,TERM_4,0,7700,0,2025-01-17,852,Fees Collected for TERM_4 ON 17-01-2025
15394,TERM_1,7700,0,0,2024-07-26,995,Fees Collected for TERM_1 ON 26-07-2024
15394,TERM_2,8100,0,0,2025-12-24,995,Fees Collected for TERM_2 ON 24-12-2025
15394,TERM_3,7700,0,0,2024-12-07,995,Fees Collected for TERM_3 ON 07-12-2024
15394,TERM_4,7700,0,0,2025-12-18,995,Fees Collected for TERM_4 ON 18-12-2025
16584,TERM_1,7700,0,0,2024-12-13,907,Fees Collected for TERM_1 ON 13-12-2024
16584,TERM_2,8100,0,0,2025-10-29,907,Fees Collected for TERM_2 ON 29-10-2025
16584,TERM_3,7700,0,0,2025-06-03,907,Fees Collected for TERM_3 ON 03-06-2025
16584,TERM_4,7700,0,0,2025-08-12,907,Fees Collected for TERM_4 ON 12-08-2025
15448,TERM_1,7700,0,0,2025-10-01,853,Fees Collected for TERM_1 ON 01-10-2025
15448,TERM_2,8100,0,0,2025-03-25,853,Fees Collected for TERM_2 ON 25-03-2025
15448,TERM_3,7700,0,0,2025-02-01,853,Fees Collected for TERM_3 ON 01-02-2025
15448,TERM_4,7700,0,0,2025-07-07,853,Fees Collected for TERM_4 ON 07-07-2025
16022,TERM_1,7700,0,0,2025-12-15,1166,Fees Collected for TERM_1 ON 15-12-2025
16022,TERM_2,8100,0,0,2025-07-03,1166,Fees Collected for TERM_2 ON 03-07-2025
16022,TERM_3,7700,0,0,2025-02-23,1166,Fees Collected for TERM_3 ON 23-02-2025
16022,TERM_4,7700,0,0,2025-10-19,1166,Fees Collected for TERM_4 ON 19-10-2025
16481,TERM_1,7700,0,0,2025-05-14,854,Fees Collected for TERM_1 ON 14-05-2025
16481,TERM_2,8100,0,0,2025-07-07,854,Fees Collected for TERM_2 ON 07-07-2025
16481,TERM_3,7700,0,0,2024-06-24,854,Fees Collected for TERM_3 ON 24-06-2024
16481,TERM_4,7700,0,0,2025-03-27,854,Fees Collected for TERM_4 ON 27-03-2025
16223,TERM_1,7700,0,0,2025-07-08,1022,Fees Collected for TERM_1 ON 08-07-2025
16223,TERM_2,8100,0,0,2024-11-25,1022,Fees Collected for TERM_2 ON 25-11-2024
16223,TERM_3,7700,0,0,2025-11-20,1022,Fees Collected for TERM_3 ON 20-11-2025
16223,TERM_4,7700,0,0,2024-09-25,1022,Fees Collected for TERM_4 ON 25-09-2024
16755,TERM_1,7700,0,0,2025-01-02,917,Fees Collected for TERM_1 ON 02-01-2025
16755,TERM_2,8100,0,0,2025-05-12,917,Fees Collected for TERM_2 ON 12-05-2025
16755,TERM_3,7700,0,0,2025-08-25,917,Fees Collected for TERM_3 ON 25-08-2025
16755,TERM_4,7700,0,0,2024-11-18,917,Fees Collected for TERM_4 ON 18-11-2024
15213,TERM_1,7700,0,0,2025-10-24,1018,Fees Collected for TERM_1 ON 24-10-2025
15213,TERM_2,8100,0,0,2024-09-17,1018,Fees Collected for TERM_2 ON 17-09-2024
15213,TERM_3,7700,0,0,2025-06-08,1018,Fees Collected for TERM_3 ON 08-06-2025
15213,TERM_4,7200,500,0,2025-04-17,1018,Fees Collected for TERM_4 ON 17-04-2025
15498,TERM_1,7700,0,0,2025-11-09,951,Fees Collected for TERM_1 ON 09-11-2025
15498,TERM_2,8100,0,0,2025-11-30,951,Fees Collected for TERM_2 ON 30-11-2025
15498,TERM_3,7700,0,0,2024-08-14,951,Fees Collected for TERM_3 ON 14-08-2024
15498,TERM_4,7700,0,0,2025-06-19,951,Fees Collected for TERM_4 ON 19-06-2025
15831,TERM_1,7700,0,0,2025-09-06,1021,Fees Collected for TERM_1 ON 06-09-2025
15831,TERM_2,8100,0,0,2024-10-04,1021,Fees Collected for TERM_2 ON 04-10-2024
15831,TERM_3,7700,0,0,2025-04-07,1021,Fees Collected for TERM_3 ON 07-04-2025
15831,TERM_4,7700,0,0,2024-11-04,1021,Fees Collected for TERM_4 ON 04-11-2024
15584,TERM_1,7700,0,0,2025-03-03,915,Fees Collected for TERM_1 ON 03-03-2025
15584,TERM_2,8100,0,0,2025-06-28,915,Fees Collected for TERM_2 ON 28-06-2025
15584,TERM_3,7700,0,0,2025-12-13,915,Fees Collected for TERM_3 ON 13-12-2025
15584,TERM_4,4700,3000,0,2024-12-01,915,Fees Collected for TERM_4 ON 01-12-2024
16897,TERM_1,7700,0,0,2025-01-31,1140,Fees Collected for TERM_1 ON 31-01-2025
16897,TERM_2,8100,0,0,2024-12-17,1140,Fees Collected for TERM_2 ON 17-12-2024
16897,TERM_3,7700,0,0,2025-07-08,1140,Fees Collected for TERM_3 ON 08-07-2025
16897,TERM_4,7700,0,0,2025-10-20,1140,Fees Collected for TERM_4 ON 20-10-2025
15587,TERM_1,7700,0,0,2025-07-29,1019,Fees Collected for TERM_1 ON 29-07-2025
15587,TERM_2,8100,0,0,2024-10-28,1019,Fees Collected for TERM_2 ON 28-10-2024
15587,TERM_3,7700,0,0,2024-12-30,1019,Fees Collected for TERM_3 ON 30-12-2024
15587,TERM_4,7700,0,0,2025-01-01,1019,Fees Collected for TERM_4 ON 01-01-2025
17042,TERM_1,7700,0,0,2025-01-26,941,Fees Collected for TERM_1 ON 26-01-2025
17042,TERM_2,8100,0,0,2025-01-13,941,Fees Collected for TERM_2 ON 13-01-2025
17042,TERM_3,7700,0,0,2025-07-03,941,Fees Collected for TERM_3 ON 03-07-2025
17042,TERM_4,7700,0,0,2025-10-25,941,Fees Collected for TERM_4 ON 25-10-2025
15495,TERM_1,7700,0,0,2025-01-22,1118,Fees Collected for TERM_1 ON 22-01-2025
15495,TERM_2,8100,0,0,2025-04-26,1118,Fees Collected for TERM_2 ON 26-04-2025
15495,TERM_3,7700,0,0,2025-08-27,1118,Fees Collected for TERM_3 ON 27-08-2025
15495,TERM_4,7700,0,0,2024-12-04,1118,Fees Collected for TERM_4 ON 04-12-2024
16611,TERM_1,7700,0,0,2025-04-06,1024,Fees Collected for TERM_1 ON 06-04-2025
16611,TERM_2,8100,0,0,2025-06-13,1024,Fees Collected for TERM_2 ON 13-06-2025
16611,TERM_3,7700,0,0,2025-08-26,1024,Fees Collected for TERM_3 ON 26-08-2025
16611,TERM_4,7700,0,0,2024-12-23,1024,Fees Collected for TERM_4 ON 23-12-2024
16597,TERM_1,7700,0,0,2025-03-18,1031,Fees Collected for TERM_1 ON 18-03-2025
16597,TERM_2,8100,0,0,2024-07-25,1031,Fees Collected for TERM_2 ON 25-07-2024
16597,TERM_3,7700,0,0,2024-09-30,1031,Fees Collected for TERM_3 ON 30-09-2024
16597,TERM_4,7700,0,0,2025-05-11,1031,Fees Collected for TERM_4 ON 11-05-2025
15521,TERM_1,7700,0,0,2025-09-29,921,Fees Collected for TERM_1 ON 29-09-2025
15521,TERM_2,8100,0,0,2024-11-21,921,Fees Collected for TERM_2 ON 21-11-2024
15521,TERM_3,7700,0,0,2025-07-12,921,Fees Collected for TERM_3 ON 12-07-2025
15521,TERM_4,7700,0,0,2024-07-24,921,Fees Collected for TERM_4 ON 24-07-2024
16858,TERM_1,7700,0,0,2024-10-02,1020,Fees Collected for TERM_1 ON 02-10-2024
16858,TERM_2,8100,0,0,2024-09-15,1020,Fees Collected for TERM_2 ON 15-09-2024
16858,TERM_3,7700,0,0,2025-12-18,1020,Fees Collected for TERM_3 ON 18-12-2025
16858,TERM_4,7700,0,0,2025-03-31,1020,Fees Collected for TERM_4 ON 31-03-2025
15938,TERM_1,7700,0,0,2025-04-27,886,Fees Collected for TERM_1 ON 27-04-2025
15938,TERM_2,8100,0,0,2025-04-23,886,Fees Collected for TERM_2 ON 23-04-2025
15938,TERM_3,7700,0,0,2025-05-31,886,Fees Collected for TERM_3 ON 31-05-2025
15938,TERM_4,7700,0,0,2024-07-21,886,Fees Collected for TERM_4 ON 21-07-2024
15523,TERM_1,7700,0,0,2025-12-26,911,Fees Collected for TERM_1 ON 26-12-2025
15523,TERM_2,8100,0,0,2024-08-26,911,Fees Collected for TERM_2 ON 26-08-2024
15523,TERM_3,7700,0,0,2024-06-18,911,Fees Collected for TERM_3 ON 18-06-2024
15523,TERM_4,7700,0,0,2025-01-24,911,Fees Collected for TERM_4 ON 24-01-2025
15334,TERM_1,7700,0,0,2025-05-13,887,Fees Collected for TERM_1 ON 13-05-2025
15334,TERM_2,8100,0,0,2025-01-16,887,Fees Collected for TERM_2 ON 16-01-2025
15334,TERM_3,7700,0,0,2025-05-06,887,Fees Collected for TERM_3 ON 06-05-2025
15334,TERM_4,7700,0,0,2024-07-28,887,Fees Collected for TERM_4 ON 28-07-2024
15618,TERM_1,7700,0,0,2024-12-17,888,Fees Collected for TERM_1 ON 17-12-2024
15618,TERM_2,8100,0,0,2024-10-29,888,Fees Collected for TERM_2 ON 29-10-2024
15618,TERM_3,7700,0,0,2025-11-12,888,Fees Collected for TERM_3 ON 12-11-2025
15618,TERM_4,7700,0,0,2025-11-24,888,Fees Collected for TERM_4 ON 24-11-2025
16096,TERM_1,7700,0,0,2025-10-12,889,Fees Collected for TERM_1 ON 12-10-2025
16096,TERM_2,8100,0,0,2025-11-03,889,Fees Collected for TERM_2 ON 03-11-2025
16096,TERM_3,7700,0,0,2025-03-14,889,Fees Collected for TERM_3 ON 14-03-2025
16096,TERM_4,7700,0,0,2025-06-19,889,Fees Collected for TERM_4 ON 19-06-2025
15537,TERM_1,7700,0,0,2024-08-08,902,Fees Collected for TERM_1 ON 08-08-2024
15537,TERM_2,8100,0,0,2025-07-30,902,Fees Collected for TERM_2 ON 30-07-2025
15537,TERM_3,7700,0,0,2024-07-28,902,Fees Collected for TERM_3 ON 28-07-2024
15537,TERM_4,7700,0,0,2024-10-28,902,Fees Collected for TERM_4 ON 28-10-2024
15454,TERM_1,7700,0,0,2024-08-24,1175,Fees Collected for TERM_1 ON 24-08-2024
15454,TERM_2,8100,0,0,2025-10-01,1175,Fees Collected for TERM_2 ON 01-10-2025
15454,TERM_4,0,0,0,2025-03-01,1175,Fees Collected for TERM_4 ON 01-03-2025
15597,TERM_1,7700,0,0,2024-07-11,875,Fees Collected for TERM_1 ON 11-07-2024
15597,TERM_2,8100,0,0,2025-06-03,875,Fees Collected for TERM_2 ON 03-06-2025
15597,TERM_3,7700,0,0,2025-06-12,875,Fees Collected for TERM_3 ON 12-06-2025
15597,TERM_4,7700,0,0,2025-11-29,875,Fees Collected for TERM_4 ON 29-11-2025
17062,TERM_1,7700,0,0,2024-07-22,940,Fees Collected for TERM_1 ON 22-07-2024
17062,TERM_2,8100,0,0,2025-10-22,940,Fees Collected for TERM_2 ON 22-10-2025
17062,TERM_3,7700,0,0,2024-06-12,940,Fees Collected for TERM_3 ON 12-06-2024
17062,TERM_4,7700,0,0,2024-09-22,940,Fees Collected for TERM_4 ON 22-09-2024
16528,TERM_1,7700,0,0,2025-08-04,890,Fees Collected for TERM_1 ON 04-08-2025
16528,TERM_2,8100,0,0,2024-07-05,890,Fees Collected for TERM_2 ON 05-07-2024
16528,TERM_3,7700,0,0,2025-12-23,890,Fees Collected for TERM_3 ON 23-12-2025
16528,TERM_4,7700,0,0,2025-07-04,890,Fees Collected for TERM_4 ON 04-07-2025
16508,TERM_1,7700,0,0,2024-08-31,891,Fees Collected for TERM_1 ON 31-08-2024
16508,TERM_2,8100,0,0,2025-01-30,891,Fees Collected for TERM_2 ON 30-01-2025
16508,TERM_3,7700,0,0,2024-08-10,891,Fees Collected for TERM_3 ON 10-08-2024
16508,TERM_4,7700,0,0,2024-12-25,891,Fees Collected for TERM_4 ON 25-12-2024
17010,TERM_1,7700,0,0,2025-04-30,948,Fees Collected for TERM_1 ON 30-04-2025
17010,TERM_2,8100,0,0,2024-07-24,948,Fees Collected for TERM_2 ON 24-07-2024
17010,TERM_3,7700,0,0,2025-04-18,948,Fees Collected for TERM_3 ON 18-04-2025
17010,TERM_4,7700,0,0,2024-12-14,948,Fees Collected for TERM_4 ON 14-12-2024
15539,TERM_1,7700,0,0,2025-06-02,892,Fees Collected for TERM_1 ON 02-06-2025
15539,TERM_2,8100,0,0,2024-11-15,892,Fees Collected for TERM_2 ON 15-11-2024
15539,TERM_3,7700,0,0,2025-09-28,892,Fees Collected for TERM_3 ON 28-09-2025
15539,TERM_4,7700,0,0,2025-06-03,892,Fees Collected for TERM_4 ON 03-06-2025
15600,TERM_1,7700,0,0,2025-06-26,876,Fees Collected for TERM_1 ON 26-06-2025
15600,TERM_2,8100,0,0,2025-09-20,876,Fees Collected for TERM_2 ON 20-09-2025
15600,TERM_3,7700,0,0,2024-11-13,876,Fees Collected for TERM_3 ON 13-11-2024
15600,TERM_4,7700,0,0,2025-10-14,876,Fees Collected for TERM_4 ON 14-10-2025
15820,TERM_1,7700,0,0,2024-09-05,1139,Fees Collected for TERM_1 ON 05-09-2024
15820,TERM_2,8100,0,0,2025-06-28,1139,Fees Collected for TERM_2 ON 28-06-2025
15820,TERM_3,7700,0,0,2025-10-01,1139,Fees Collected for TERM_3 ON 01-10-2025
15820,TERM_4,7700,0,0,2025-05-14,1139,Fees Collected for TERM_4 ON 14-05-2025
15504,TERM_1,7700,0,0,2025-07-01,877,Fees Collected for TERM_1 ON 01-07-2025
15504,TERM_2,8100,0,0,2025-11-26,877,Fees Collected for TERM_2 ON 26-11-2025
15504,TERM_3,7700,0,0,2024-10-16,877,Fees Collected for TERM_3 ON 16-10-2024
15504,TERM_4,7700,0,0,2025-12-20,877,Fees Collected for TERM_4 ON 20-12-2025
15503,TERM_1,7700,0,0,2025-10-24,878,Fees Collected for TERM_1 ON 24-10-2025
15503,TERM_2,8100,0,0,2025-03-06,878,Fees Collected for TERM_2 ON 06-03-2025
15503,TERM_3,7700,0,0,2025-11-11,878,Fees Collected for TERM_3 ON 11-11-2025
15503,TERM_4,7700,0,0,2025-02-25,878,Fees Collected for TERM_4 ON 25-02-2025
15267,TERM_1,7700,0,0,2025-12-06,871,Fees Collected for TERM_1 ON 06-12-2025
15267,TERM_2,8100,0,0,2024-10-29,871,Fees Collected for TERM_2 ON 29-10-2024
15267,TERM_3,7700,0,0,2025-01-06,871,Fees Collected for TERM_3 ON 06-01-2025
15267,TERM_4,7700,0,0,2024-12-31,871,Fees Collected for TERM_4 ON 31-12-2024
15552,TERM_1,7700,0,0,2025-06-14,879,Fees Collected for TERM_1 ON 14-06-2025
15552,TERM_2,8100,0,0,2025-11-04,879,Fees Collected for TERM_2 ON 04-11-2025
15552,TERM_3,7700,0,0,2025-09-04,879,Fees Collected for TERM_3 ON 04-09-2025
15552,TERM_4,7700,0,0,2025-08-01,879,Fees Collected for TERM_4 ON 01-08-2025
15804,TERM_1,7700,0,0,2025-09-13,880,Fees Collected for TERM_1 ON 13-09-2025
15804,TERM_2,8100,0,0,2025-09-12,880,Fees Collected for TERM_2 ON 12-09-2025
15804,TERM_3,7700,0,0,2025-08-23,880,Fees Collected for TERM_3 ON 23-08-2025
15804,TERM_4,7700,0,0,2025-07-25,880,Fees Collected for TERM_4 ON 25-07-2025
15344,TERM_1,7700,0,0,2024-07-03,881,Fees Collected for TERM_1 ON 03-07-2024
15344,TERM_2,8100,0,0,2024-09-21,881,Fees Collected for TERM_2 ON 21-09-2024
15344,TERM_3,7700,0,0,2024-09-28,881,Fees Collected for TERM_3 ON 28-09-2024
15344,TERM_4,7700,0,0,2024-08-11,881,Fees Collected for TERM_4 ON 11-08-2024
16537,TERM_1,7700,0,0,2025-10-14,882,Fees Collected for TERM_1 ON 14-10-2025
16537,TERM_2,8100,0,0,2025-12-17,882,Fees Collected for TERM_2 ON 17-12-2025
16537,TERM_3,7700,0,0,2025-11-29,882,Fees Collected for TERM_3 ON 29-11-2025
16537,TERM_4,7700,0,0,2024-09-16,882,Fees Collected for TERM_4 ON 16-09-2024
15534,TERM_1,7700,0,0,2025-12-01,883,Fees Collected for TERM_1 ON 01-12-2025
15534,TERM_2,8100,0,0,2025-04-06,883,Fees Collected for TERM_2 ON 06-04-2025
15534,TERM_3,7700,0,0,2025-12-12,883,Fees Collected for TERM_3 ON 12-12-2025
15534,TERM_4,7700,0,0,2024-07-03,883,Fees Collected for TERM_4 ON 03-07-2024
16398,TERM_1,7700,0,0,2024-09-21,884,Fees Collected for TERM_1 ON 21-09-2024
16398,TERM_2,8100,0,0,2025-10-17,884,Fees Collected for TERM_2 ON 17-10-2025
16398,TERM_3,7700,0,0,2025-01-31,884,Fees Collected for TERM_3 ON 31-01-2025
16398,TERM_4,7700,0,0,2024-12-07,884,Fees Collected for TERM_4 ON 07-12-2024
15233,TERM_1,7700,0,0,2024-09-13,885,Fees Collected for TERM_1 ON 13-09-2024
15233,TERM_2,8100,0,0,2025-01-23,885,Fees Collected for TERM_2 ON 23-01-2025
15233,TERM_3,7700,0,0,2025-06-26,885,Fees Collected for TERM_3 ON 26-06-2025
15233,TERM_4,7700,0,0,2024-06-14,885,Fees Collected for TERM_4 ON 14-06-2024
15562,TERM_1,7700,0,0,2025-07-10,856,Fees Collected for TERM_1 ON 10-07-2025
15562,TERM_2,8100,0,0,2024-11-20,856,Fees Collected for TERM_2 ON 20-11-2024
15562,TERM_3,7700,0,0,2025-08-11,856,Fees Collected for TERM_3 ON 11-08-2025
15562,TERM_4,7700,0,0,2024-12-18,856,Fees Collected for TERM_4 ON 18-12-2024
16580,TERM_1,7700,0,0,2025-07-19,1107,Fees Collected for TERM_1 ON 19-07-2025
16580,TERM_2,8100,0,0,2025-10-08,1107,Fees Collected for TERM_2 ON 08-10-2025
16580,TERM_3,7700,0,0,2025-08-03,1107,Fees Collected for TERM_3 ON 03-08-2025
16580,TERM_4,7700,0,0,2025-01-09,1107,Fees Collected for TERM_4 ON 09-01-2025
16098,TERM_1,7700,0,0,2024-08-13,858,Fees Collected for TERM_1 ON 13-08-2024
16098,TERM_2,8100,0,0,2024-08-28,858,Fees Collected for TERM_2 ON 28-08-2024
16098,TERM_3,7700,0,0,2025-07-15,858,Fees Collected for TERM_3 ON 15-07-2025
16098,TERM_4,7700,0,0,2024-06-24,858,Fees Collected for TERM_4 ON 24-06-2024
15550,TERM_1,7700,0,0,2024-10-29,859,Fees Collected for TERM_1 ON 29-10-2024
15550,TERM_2,8100,0,0,2025-01-23,859,Fees Collected for TERM_2 ON 23-01-2025
15550,TERM_3,7700,0,0,2024-08-30,859,Fees Collected for TERM_3 ON 30-08-2024
15550,TERM_4,7700,0,0,2024-11-01,859,Fees Collected for TERM_4 ON 01-11-2024
15644,TERM_1,7700,0,0,2024-11-23,914,Fees Collected for TERM_1 ON 23-11-2024
15644,TERM_2,8100,0,0,2025-09-04,914,Fees Collected for TERM_2 ON 04-09-2025
15644,TERM_3,7700,0,0,2024-07-10,914,Fees Collected for TERM_3 ON 10-07-2024
15644,TERM_4,7700,0,0,2024-12-07,914,Fees Collected for TERM_4 ON 07-12-2024
16216,TERM_1,7700,0,0,2025-07-01,860,Fees Collected for TERM_1 ON 01-07-2025
16216,TERM_2,8100,0,0,2025-07-25,860,Fees Collected for TERM_2 ON 25-07-2025
16216,TERM_3,7700,0,0,2024-11-29,860,Fees Collected for TERM_3 ON 29-11-2024
16216,TERM_4,7700,0,0,2025-10-19,860,Fees Collected for TERM_4 ON 19-10-2025
15648,TERM_1,7700,0,0,2025-09-10,1041,Fees Collected for TERM_1 ON 10-09-2025
15648,TERM_2,8100,0,0,2025-12-04,1041,Fees Collected for TERM_2 ON 04-12-2025
15648,TERM_3,7700,0,0,2024-12-27,1041,Fees Collected for TERM_3 ON 27-12-2024
15648,TERM_4,2700,5000,0,2024-06-19,1041,Fees Collected for TERM_4 ON 19-06-2024
15338,TERM_1,7700,0,0,2025-08-04,861,Fees Collected for TERM_1 ON 04-08-2025
15338,TERM_2,8100,0,0,2024-09-14,861,Fees Collected for TERM_2 ON 14-09-2024
15338,TERM_3,7700,0,0,2025-03-12,861,Fees Collected for TERM_3 ON 12-03-2025
15338,TERM_4,7700,0,0,2024-12-31,861,Fees Collected for TERM_4 ON 31-12-2024
15505,TERM_1,7700,0,0,2024-10-06,862,Fees Collected for TERM_1 ON 06-10-2024
15505,TERM_2,8100,0,0,2025-11-12,862,Fees Collected for TERM_2 ON 12-11-2025
15505,TERM_3,7700,0,0,2025-09-28,862,Fees Collected for TERM_3 ON 28-09-2025
15505,TERM_4,7700,0,0,2025-04-29,862,Fees Collected for TERM_4 ON 29-04-2025
15506,TERM_1,7700,0,0,2024-10-29,863,Fees Collected for TERM_1 ON 29-10-2024
15506,TERM_2,8100,0,0,2025-10-10,863,Fees Collected for TERM_2 ON 10-10-2025
15506,TERM_3,7700,0,0,2024-07-03,863,Fees Collected for TERM_3 ON 03-07-2024
15506,TERM_4,7700,0,0,2025-10-10,863,Fees Collected for TERM_4 ON 10-10-2025
15478,TERM_1,7700,0,0,2024-07-22,1035,Fees Collected for TERM_1 ON 22-07-2024
15478,TERM_2,8100,0,0,2025-01-28,1035,Fees Collected for TERM_2 ON 28-01-2025
15478,TERM_3,7700,0,0,2025-11-28,1035,Fees Collected for TERM_3 ON 28-11-2025
15478,TERM_4,7700,0,0,2024-10-08,1035,Fees Collected for TERM_4 ON 08-10-2024
15532,TERM_1,7700,0,0,2024-10-27,865,Fees Collected for TERM_1 ON 27-10-2024
15532,TERM_2,8100,0,0,2025-09-18,865,Fees Collected for TERM_2 ON 18-09-2025
15532,TERM_3,7700,0,0,2024-09-23,865,Fees Collected for TERM_3 ON 23-09-2024
15532,TERM_4,7200,500,0,2025-03-19,865,Fees Collected for TERM_4 ON 19-03-2025
15564,TERM_1,7700,0,0,2024-07-22,1106,Fees Collected for TERM_1 ON 22-07-2024
15564,TERM_2,8100,0,0,2024-12-10,1106,Fees Collected for TERM_2 ON 10-12-2024
15564,TERM_3,7700,0,0,2024-12-04,1106,Fees Collected for TERM_3 ON 04-12-2024
15564,TERM_4,7700,0,0,2025-08-24,1106,Fees Collected for TERM_4 ON 24-08-2025
17095,TERM_1,7700,0,0,2024-12-05,1042,Fees Collected for TERM_1 ON 05-12-2024
17095,TERM_2,8100,0,0,2025-03-17,1042,Fees Collected for TERM_2 ON 17-03-2025
17095,TERM_3,7700,0,0,2024-10-21,1042,Fees Collected for TERM_3 ON 21-10-2024
17095,TERM_4,7700,0,0,2025-04-21,1042,Fees Collected for TERM_4 ON 21-04-2025
15526,TERM_1,7700,0,0,2025-02-16,1043,Fees Collected for TERM_1 ON 16-02-2025
15526,TERM_2,8100,0,0,2024-06-22,1043,Fees Collected for TERM_2 ON 22-06-2024
15526,TERM_3,7200,0,0,2024-11-04,1043,Fees Collected for TERM_3 ON 04-11-2024
15526,TERM_4,0,8200,0,2024-06-21,1043,Fees Collected for TERM_4 ON 21-06-2024
15508,TERM_1,7700,0,0,2025-07-04,1044,Fees Collected for TERM_1 ON 04-07-2025
15508,TERM_2,8100,0,0,2025-03-27,1044,Fees Collected for TERM_2 ON 27-03-2025
15508,TERM_3,7700,0,0,2025-01-29,1044,Fees Collected for TERM_3 ON 29-01-2025
15508,TERM_4,7700,0,0,2025-09-16,1044,Fees Collected for TERM_4 ON 16-09-2025
15479,TERM_1,7700,0,0,2025-06-22,944,Fees Collected for TERM_1 ON 22-06-2025
15479,TERM_2,8100,0,0,2024-06-29,944,Fees Collected for TERM_2 ON 29-06-2024
15479,TERM_3,0,7700,0,2024-07-16,944,Fees Collected for TERM_3 ON 16-07-2024
15479,TERM_4,0,8100,0,2024-10-17,944,Fees Collected for TERM_4 ON 17-10-2024
15569,TERM_1,7700,0,0,2025-12-14,1190,Fees Collected for TERM_1 ON 14-12-2025
15569,TERM_2,8100,0,0,2025-06-15,1190,Fees Collected for TERM_2 ON 15-06-2025
15569,TERM_3,7700,0,0,2025-06-30,1190,Fees Collected for TERM_3 ON 30-06-2025
15569,TERM_4,7700,0,0,2024-08-08,1190,Fees Collected for TERM_4 ON 08-08-2024
15768,TERM_1,7700,0,0,2024-11-27,1045,Fees Collected for TERM_1 ON 27-11-2024
15768,TERM_2,8100,0,0,2024-12-23,1045,Fees Collected for TERM_2 ON 23-12-2024
15768,TERM_3,7700,0,0,2025-03-24,1045,Fees Collected for TERM_3 ON 24-03-2025
15768,TERM_4,7700,0,0,2025-03-11,1045,Fees Collected for TERM_4 ON 11-03-2025
15533,TERM_1,7700,0,0,2025-06-09,1144,Fees Collected for TERM_1 ON 09-06-2025
15533,TERM_2,8100,0,0,2024-11-16,1144,Fees Collected for TERM_2 ON 16-11-2024
15533,TERM_3,7700,0,0,2024-11-02,1144,Fees Collected for TERM_3 ON 02-11-2024
15533,TERM_4,7700,0,0,2024-11-12,1144,Fees Collected for TERM_4 ON 12-11-2024
15507,TERM_1,7700,0,0,2024-09-10,1046,Fees Collected for TERM_1 ON 10-09-2024
15507,TERM_2,8100,0,0,2025-05-20,1046,Fees Collected for TERM_2 ON 20-05-2025
15507,TERM_3,7700,0,0,2025-04-21,1046,Fees Collected for TERM_3 ON 21-04-2025
15507,TERM_4,7700,0,0,2025-10-11,1046,Fees Collected for TERM_4 ON 11-10-2025
16766,TERM_1,7700,0,0,2025-04-13,1047,Fees Collected for TERM_1 ON 13-04-2025
16766,TERM_2,8100,0,0,2025-07-22,1047,Fees Collected for TERM_2 ON 22-07-2025
16766,TERM_3,7700,0,0,2025-06-22,1047,Fees Collected for TERM_3 ON 22-06-2025
16766,TERM_4,7700,0,0,2024-12-25,1047,Fees Collected for TERM_4 ON 25-12-2024
15565,TERM_1,7700,0,0,2025-01-19,1136,Fees Collected for TERM_1 ON 19-01-2025
15565,TERM_2,8100,0,0,2025-10-31,1136,Fees Collected for TERM_2 ON 31-10-2025
15565,TERM_3,7700,0,0,2024-08-30,1136,Fees Collected for TERM_3 ON 30-08-2024
15565,TERM_4,7700,0,0,2025-01-05,1136,Fees Collected for TERM_4 ON 05-01-2025
15536,TERM_1,7700,0,0,2024-09-08,946,Fees Collected for TERM_1 ON 08-09-2024
15536,TERM_2,8100,0,0,2025-01-23,946,Fees Collected for TERM_2 ON 23-01-2025
15536,TERM_3,7700,0,0,2025-05-13,946,Fees Collected for TERM_3 ON 13-05-2025
15536,TERM_4,7700,0,0,2025-03-13,946,Fees Collected for TERM_4 ON 13-03-2025
15545,TERM_1,7700,0,0,2024-07-18,1048,Fees Collected for TERM_1 ON 18-07-2024
15545,TERM_2,8100,0,0,2025-11-25,1048,Fees Collected for TERM_2 ON 25-11-2025
15545,TERM_3,7700,0,0,2024-12-31,1048,Fees Collected for TERM_3 ON 31-12-2024
15545,TERM_4,7700,0,0,2025-03-17,1048,Fees Collected for TERM_4 ON 17-03-2025
15511,TERM_1,7700,0,0,2024-12-17,1049,Fees Collected for TERM_1 ON 17-12-2024
15511,TERM_2,8100,0,0,2025-07-02,1049,Fees Collected for TERM_2 ON 02-07-2025
15511,TERM_3,7700,0,0,2025-09-26,1049,Fees Collected for TERM_3 ON 26-09-2025
15511,TERM_4,0,7700,0,2025-11-13,1049,Fees Collected for TERM_4 ON 13-11-2025
15554,TERM_1,7700,0,0,2024-12-15,1050,Fees Collected for TERM_1 ON 15-12-2024
15554,TERM_2,8100,0,0,2025-11-05,1050,Fees Collected for TERM_2 ON 05-11-2025
15554,TERM_3,7700,0,0,2025-06-04,1050,Fees Collected for TERM_3 ON 04-06-2025
15554,TERM_4,2700,5000,0,2025-05-23,1050,Fees Collected for TERM_4 ON 23-05-2025
15535,TERM_1,7700,0,0,2025-06-24,841,Fees Collected for TERM_1 ON 24-06-2025
15535,TERM_2,8100,0,0,2025-07-09,841,Fees Collected for TERM_2 ON 09-07-2025
15535,TERM_3,7700,0,0,2024-07-29,841,Fees Collected for TERM_3 ON 29-07-2024
15535,TERM_4,7700,0,0,2024-09-15,841,Fees Collected for TERM_4 ON 15-09-2024
16302,TERM_1,7700,0,0,2024-12-30,842,Fees Collected for TERM_1 ON 30-12-2024
16302,TERM_2,8100,0,0,2024-08-23,842,Fees Collected for TERM_2 ON 23-08-2024
16302,TERM_3,7700,0,0,2025-05-16,842,Fees Collected for TERM_3 ON 16-05-2025
16302,TERM_4,7700,0,0,2025-06-16,842,Fees Collected for TERM_4 ON 16-06-2025
15612,TERM_1,7700,0,0,2025-09-26,1180,Fees Collected for TERM_1 ON 26-09-2025
15612,TERM_2,8100,0,0,2025-06-04,1180,Fees Collected for TERM_2 ON 04-06-2025
15612,TERM_3,7700,0,0,2025-02-11,1180,Fees Collected for TERM_3 ON 11-02-2025
15612,TERM_4,3700,4000,0,2024-07-28,1180,Fees Collected for TERM_4 ON 28-07-2024
15538,TERM_1,7700,0,0,2025-03-10,1120,Fees Collected for TERM_1 ON 10-03-2025
15538,TERM_2,8100,0,0,2025-02-17,1120,Fees Collected for TERM_2 ON 17-02-2025
15538,TERM_3,7700,0,0,2025-08-16,1120,Fees Collected for TERM_3 ON 16-08-2025
15538,TERM_4,7700,0,0,2025-07-26,1120,Fees Collected for TERM_4 ON 26-07-2025
16444,TERM_1,7700,0,0,2025-03-20,923,Fees Collected for TERM_1 ON 20-03-2025
16444,TERM_2,8100,0,0,2024-12-05,923,Fees Collected for TERM_2 ON 05-12-2024
16444,TERM_3,7700,0,0,2025-08-17,923,Fees Collected for TERM_3 ON 17-08-2025
16444,TERM_4,7700,0,0,2025-04-15,923,Fees Collected for TERM_4 ON 15-04-2025
15602,TERM_1,7700,0,0,2024-12-11,924,Fees Collected for TERM_1 ON 11-12-2024
15602,TERM_2,8100,0,0,2025-11-30,924,Fees Collected for TERM_2 ON 30-11-2025
15602,TERM_3,7700,0,0,2024-10-08,924,Fees Collected for TERM_3 ON 08-10-2024
15602,TERM_4,0,7700,0,2025-06-10,924,Fees Collected for TERM_4 ON 10-06-2025
15555,TERM_1,7700,0,0,2025-06-06,1103,Fees Collected for TERM_1 ON 06-06-2025
15555,TERM_2,8100,0,0,2025-12-03,1103,Fees Collected for TERM_2 ON 03-12-2025
15555,TERM_3,7700,0,0,2025-02-04,1103,Fees Collected for TERM_3 ON 04-02-2025
15555,TERM_4,7700,0,0,2025-10-25,1103,Fees Collected for TERM_4 ON 25-10-2025
15563,TERM_1,7700,0,0,2025-10-02,925,Fees Collected for TERM_1 ON 02-10-2025
15563,TERM_2,8100,0,0,2025-01-17,925,Fees Collected for TERM_2 ON 17-01-2025
15563,TERM_3,7700,0,0,2025-11-08,925,Fees Collected for TERM_3 ON 08-11-2025
15563,TERM_4,7700,0,0,2025-05-02,925,Fees Collected for TERM_4 ON 02-05-2025
15540,TERM_1,7700,0,0,2025-01-14,926,Fees Collected for TERM_1 ON 14-01-2025
15540,TERM_2,8100,0,0,2025-03-10,926,Fees Collected for TERM_2 ON 10-03-2025
15540,TERM_3,7700,0,0,2025-09-21,926,Fees Collected for TERM_3 ON 21-09-2025
15540,TERM_4,7700,0,0,2024-12-21,926,Fees Collected for TERM_4 ON 21-12-2024
15769,TERM_1,7700,0,0,2025-04-23,927,Fees Collected for TERM_1 ON 23-04-2025
15769,TERM_2,8100,0,0,2025-02-23,927,Fees Collected for TERM_2 ON 23-02-2025
15769,TERM_3,7700,0,0,2025-01-23,927,Fees Collected for TERM_3 ON 23-01-2025
15769,TERM_4,7700,0,0,2024-10-02,927,Fees Collected for TERM_4 ON 02-10-2024
15501,TERM_1,7700,0,0,2025-07-19,928,Fees Collected for TERM_1 ON 19-07-2025
15501,TERM_2,8100,0,0,2025-08-24,928,Fees Collected for TERM_2 ON 24-08-2025
15501,TERM_3,7700,0,0,2025-12-18,928,Fees Collected for TERM_3 ON 18-12-2025
15501,TERM_4,7700,0,0,2024-08-06,928,Fees Collected for TERM_4 ON 06-08-2024
16121,TERM_1,7700,0,0,2024-12-29,929,Fees Collected for TERM_1 ON 29-12-2024
16121,TERM_2,8100,0,0,2025-08-04,929,Fees Collected for TERM_2 ON 04-08-2025
16121,TERM_3,7700,0,0,2025-10-09,929,Fees Collected for TERM_3 ON 09-10-2025
16121,TERM_4,7700,0,0,2024-08-09,929,Fees Collected for TERM_4 ON 09-08-2024
15567,TERM_1,7700,0,0,2025-05-19,930,Fees Collected for TERM_1 ON 19-05-2025
15567,TERM_2,8100,0,0,2025-08-07,930,Fees Collected for TERM_2 ON 07-08-2025
15567,TERM_3,7700,0,0,2025-12-12,930,Fees Collected for TERM_3 ON 12-12-2025
15567,TERM_4,7700,0,0,2025-08-29,930,Fees Collected for TERM_4 ON 29-08-2025
15502,TERM_1,7700,0,0,2025-07-07,931,Fees Collected for TERM_1 ON 07-07-2025
15502,TERM_2,8100,0,0,2024-08-24,931,Fees Collected for TERM_2 ON 24-08-2024
15502,TERM_3,7700,0,0,2025-11-02,931,Fees Collected for TERM_3 ON 02-11-2025
15502,TERM_4,7700,0,0,2024-12-28,931,Fees Collected for TERM_4 ON 28-12-2024
15617,TERM_1,7700,0,0,2025-03-19,932,Fees Collected for TERM_1 ON 19-03-2025
15617,TERM_2,8100,0,0,2024-08-08,932,Fees Collected for TERM_2 ON 08-08-2024
15617,TERM_3,7700,0,0,2025-11-01,932,Fees Collected for TERM_3 ON 01-11-2025
15617,TERM_4,7700,0,0,2025-02-03,932,Fees Collected for TERM_4 ON 03-02-2025
15665,TERM_1,7700,0,0,2024-08-12,1040,Fees Collected for TERM_1 ON 12-08-2024
15665,TERM_2,8100,0,0,2025-09-01,1040,Fees Collected for TERM_2 ON 01-09-2025
15665,TERM_3,7700,0,0,2025-05-09,1040,Fees Collected for TERM_3 ON 09-05-2025
15665,TERM_4,7700,0,0,2025-02-08,1040,Fees Collected for TERM_4 ON 08-02-2025
17102,TERM_1,7700,0,0,2024-09-09,1032,Fees Collected for TERM_1 ON 09-09-2024
17102,TERM_2,8100,0,0,2024-09-13,1032,Fees Collected for TERM_2 ON 13-09-2024
17102,TERM_3,7700,0,0,2025-11-17,1032,Fees Collected for TERM_3 ON 17-11-2025
17102,TERM_4,7700,0,0,2024-09-14,1032,Fees Collected for TERM_4 ON 14-09-2024
16456,TERM_1,7700,0,0,2024-11-13,908,Fees Collected for TERM_1 ON 13-11-2024
16456,TERM_2,8100,0,0,2024-09-19,908,Fees Collected for TERM_2 ON 19-09-2024
16456,TERM_3,7700,0,0,2025-02-22,908,Fees Collected for TERM_3 ON 22-02-2025
16456,TERM_4,7700,0,0,2025-11-24,908,Fees Collected for TERM_4 ON 24-11-2025
16765,TERM_1,7700,0,0,2024-11-24,933,Fees Collected for TERM_1 ON 24-11-2024
16765,TERM_2,8100,0,0,2024-10-02,933,Fees Collected for TERM_2 ON 02-10-2024
16765,TERM_3,7700,0,0,2024-12-02,933,Fees Collected for TERM_3 ON 02-12-2024
16765,TERM_4,7200,500,0,2025-03-10,933,Fees Collected for TERM_4 ON 10-03-2025
16505,TERM_1,7700,0,0,2024-07-18,919,Fees Collected for TERM_1 ON 18-07-2024
16505,TERM_2,8100,0,0,2025-05-21,919,Fees Collected for TERM_2 ON 21-05-2025
16505,TERM_3,7700,0,0,2025-05-08,919,Fees Collected for TERM_3 ON 08-05-2025
16505,TERM_4,7700,0,0,2025-10-21,919,Fees Collected for TERM_4 ON 21-10-2025
16486,TERM_1,7700,0,0,2025-03-27,934,Fees Collected for TERM_1 ON 27-03-2025
16486,TERM_2,8100,0,0,2025-12-21,934,Fees Collected for TERM_2 ON 21-12-2025
16486,TERM_3,7700,0,0,2025-05-05,934,Fees Collected for TERM_3 ON 05-05-2025
16486,TERM_4,7700,0,0,2025-01-25,934,Fees Collected for TERM_4 ON 25-01-2025
16531,TERM_1,7700,0,0,2025-01-10,935,Fees Collected for TERM_1 ON 10-01-2025
16531,TERM_2,8100,0,0,2025-01-10,935,Fees Collected for TERM_2 ON 10-01-2025
16531,TERM_3,7700,0,0,2024-07-10,935,Fees Collected for TERM_3 ON 10-07-2024
16531,TERM_4,7700,0,0,2024-11-06,935,Fees Collected for TERM_4 ON 06-11-2024
16430,TERM_1,7700,0,0,2025-03-12,936,Fees Collected for TERM_1 ON 12-03-2025
16430,TERM_2,8100,0,0,2025-07-13,936,Fees Collected for TERM_2 ON 13-07-2025
16430,TERM_3,7700,0,0,2024-12-19,936,Fees Collected for TERM_3 ON 19-12-2024
16430,TERM_4,7700,0,0,2024-08-26,936,Fees Collected for TERM_4 ON 26-08-2024
16122,TERM_1,7700,0,0,2025-06-18,937,Fees Collected for TERM_1 ON 18-06-2025
16122,TERM_2,8100,0,0,2025-02-06,937,Fees Collected for TERM_2 ON 06-02-2025
16122,TERM_3,7700,0,0,2024-09-11,937,Fees Collected for TERM_3 ON 11-09-2024
16122,TERM_4,7700,0,0,2025-02-10,937,Fees Collected for TERM_4 ON 10-02-2025
16046,TERM_1,7700,0,0,2025-01-27,938,Fees Collected for TERM_1 ON 27-01-2025
16046,TERM_2,8100,0,0,2024-11-25,938,Fees Collected for TERM_2 ON 25-11-2024
16046,TERM_3,7700,0,0,2024-10-23,938,Fees Collected for TERM_3 ON 23-10-2024
16046,TERM_4,7700,0,0,2024-09-10,938,Fees Collected for TERM_4 ON 10-09-2024
15499,TERM_1,7700,0,0,2025-01-09,1128,Fees Collected for TERM_1 ON 09-01-2025
15499,TERM_2,8100,0,0,2024-07-21,1128,Fees Collected for TERM_2 ON 21-07-2024
15499,TERM_3,7700,0,0,2025-02-16,1128,Fees Collected for TERM_3 ON 16-02-2025
15499,TERM_4,7700,0,0,2025-02-01,1128,Fees Collected for TERM_4 ON 01-02-2025
15396,TERM_1,7700,0,0,2024-07-26,1129,Fees Collected for TERM_1 ON 26-07-2024
15396,TERM_2,8100,0,0,2025-11-12,1129,Fees Collected for TERM_2 ON 12-11-2025
15396,TERM_3,7700,0,0,2024-08-22,1129,Fees Collected for TERM_3 ON 22-08-2024
15396,TERM_4,7700,0,0,2025-03-31,1129,Fees Collected for TERM_4 ON 31-03-2025
16574,TERM_1,7700,0,0,2025-10-20,857,Fees Collected for TERM_1 ON 20-10-2025
16574,TERM_2,8100,0,0,2024-12-08,857,Fees Collected for TERM_2 ON 08-12-2024
16574,TERM_3,7700,0,0,2024-10-29,857,Fees Collected for TERM_3 ON 29-10-2024
16574,TERM_4,7700,0,0,2024-07-08,857,Fees Collected for TERM_4 ON 08-07-2024
15636,TERM_1,7700,0,0,2024-11-01,1130,Fees Collected for TERM_1 ON 01-11-2024
15636,TERM_2,8100,0,0,2024-08-23,1130,Fees Collected for TERM_2 ON 23-08-2024
15636,TERM_3,7700,0,0,2025-03-29,1130,Fees Collected for TERM_3 ON 29-03-2025
15636,TERM_4,7700,0,0,2024-06-17,1130,Fees Collected for TERM_4 ON 17-06-2024
15524,TERM_1,7700,0,0,2025-02-04,1131,Fees Collected for TERM_1 ON 04-02-2025
15524,TERM_2,8100,0,0,2025-07-16,1131,Fees Collected for TERM_2 ON 16-07-2025
15524,TERM_3,7700,0,0,2025-01-14,1131,Fees Collected for TERM_3 ON 14-01-2025
15524,TERM_4,7700,0,0,2025-08-28,1131,Fees Collected for TERM_4 ON 28-08-2025
15706,TERM_1,7700,0,0,2024-07-08,843,Fees Collected for TERM_1 ON 08-07-2024
15706,TERM_2,8100,0,0,2025-10-23,843,Fees Collected for TERM_2 ON 23-10-2025
15706,TERM_3,7700,0,0,2025-07-19,843,Fees Collected for TERM_3 ON 19-07-2025
15706,TERM_4,7700,0,0,2025-02-07,843,Fees Collected for TERM_4 ON 07-02-2025
16859,TERM_1,7700,0,0,2024-11-07,1102,Fees Collected for TERM_1 ON 07-11-2024
16859,TERM_2,8100,0,0,2025-08-23,1102,Fees Collected for TERM_2 ON 23-08-2025
16859,TERM_3,7700,0,0,2024-10-17,1102,Fees Collected for TERM_3 ON 17-10-2024
16859,TERM_4,7700,0,0,2025-02-11,1102,Fees Collected for TERM_4 ON 11-02-2025
15573,TERM_1,7700,0,0,2025-04-23,920,Fees Collected for TERM_1 ON 23-04-2025
15573,TERM_2,8100,0,0,2025-05-02,920,Fees Collected for TERM_2 ON 02-05-2025
15573,TERM_3,7700,0,0,2025-01-09,920,Fees Collected for TERM_3 ON 09-01-2025
15573,TERM_4,7700,0,0,2024-08-14,920,Fees Collected for TERM_4 ON 14-08-2024
15651,TERM_1,7700,0,0,2024-08-14,1123,Fees Collected for TERM_1 ON 14-08-2024
15651,TERM_2,8100,0,0,2025-04-07,1123,Fees Collected for TERM_2 ON 07-04-2025
15651,TERM_3,7700,0,0,2024-08-31,1123,Fees Collected for TERM_3 ON 31-08-2024
15651,TERM_4,7700,0,0,2024-09-25,1123,Fees Collected for TERM_4 ON 25-09-2024
15529,TERM_1,7700,0,0,2024-06-12,1004,Fees Collected for TERM_1 ON 12-06-2024
15529,TERM_2,8100,0,0,2025-05-27,1004,Fees Collected for TERM_2 ON 27-05-2025
15529,TERM_3,7700,0,0,2024-12-05,1004,Fees Collected for TERM_3 ON 05-12-2024
15529,TERM_4,7700,0,0,2025-02-10,1004,Fees Collected for TERM_4 ON 10-02-2025
16607,TERM_1,7700,0,0,2025-01-01,870,Fees Collected for TERM_1 ON 01-01-2025
16607,TERM_2,8100,0,0,2025-05-10,870,Fees Collected for TERM_2 ON 10-05-2025
16607,TERM_3,7700,0,0,2024-10-28,870,Fees Collected for TERM_3 ON 28-10-2024
16607,TERM_4,7700,0,0,2025-07-17,870,Fees Collected for TERM_4 ON 17-07-2025
15513,TERM_1,7700,0,0,2025-12-06,910,Fees Collected for TERM_1 ON 06-12-2025
15513,TERM_2,8100,0,0,2024-12-17,910,Fees Collected for TERM_2 ON 17-12-2024
15513,TERM_3,7700,0,0,2025-08-12,910,Fees Collected for TERM_3 ON 12-08-2025
15513,TERM_4,7700,0,0,2025-11-22,910,Fees Collected for TERM_4 ON 22-11-2025
16192,TERM_1,7700,0,0,2025-10-02,0,Fees Collected for TERM_1 ON 02-10-2025
16192,TERM_2,8100,0,0,2025-09-14,0,Fees Collected for TERM_2 ON 14-09-2025
16192,TERM_3,7700,0,0,2025-08-14,0,Fees Collected for TERM_3 ON 14-08-2025
16192,TERM_4,7200,500,0,2024-09-21,0,Fees Collected for TERM_4 ON 21-09-2024
15553,TERM_1,7700,0,0,2025-06-24,1124,Fees Collected for TERM_1 ON 24-06-2025
15553,TERM_2,8100,0,0,2024-08-24,1124,Fees Collected for TERM_2 ON 24-08-2024
15553,TERM_3,7700,0,0,2025-03-02,1124,Fees Collected for TERM_3 ON 02-03-2025
15553,TERM_4,7700,0,0,2024-12-15,1124,Fees Collected for TERM_4 ON 15-12-2024
15613,TERM_1,7700,0,0,2024-08-14,1167,Fees Collected for TERM_1 ON 14-08-2024
15613,TERM_2,8100,0,0,2025-05-21,1167,Fees Collected for TERM_2 ON 21-05-2025
15613,TERM_3,7700,0,0,2025-04-16,1167,Fees Collected for TERM_3 ON 16-04-2025
15613,TERM_4,4700,3000,0,2025-03-13,1167,Fees Collected for TERM_4 ON 13-03-2025
16177,TERM_1,7700,0,0,2024-11-24,1030,Fees Collected for TERM_1 ON 24-11-2024
16177,TERM_2,8100,0,0,2024-11-03,1030,Fees Collected for TERM_2 ON 03-11-2024
16177,TERM_3,7700,0,0,2025-01-03,1030,Fees Collected for TERM_3 ON 03-01-2025
16177,TERM_4,7700,0,0,2025-03-31,1030,Fees Collected for TERM_4 ON 31-03-2025
15347,TERM_1,7700,0,0,2025-01-09,1125,Fees Collected for TERM_1 ON 09-01-2025
15347,TERM_2,8100,0,0,2024-10-26,1125,Fees Collected for TERM_2 ON 26-10-2024
15347,TERM_3,0,7700,0,2025-04-26,1125,Fees Collected for TERM_3 ON 26-04-2025
15347,TERM_4,0,7700,0,2024-07-01,1125,Fees Collected for TERM_4 ON 01-07-2024
15520,TERM_1,7700,0,0,2025-07-14,893,Fees Collected for TERM_1 ON 14-07-2025
15520,TERM_2,8100,0,0,2025-05-21,893,Fees Collected for TERM_2 ON 21-05-2025
15520,TERM_3,7700,0,0,2025-05-03,893,Fees Collected for TERM_3 ON 03-05-2025
15520,TERM_4,4700,3000,0,2024-12-20,893,Fees Collected for TERM_4 ON 20-12-2024
17069,TERM_1,7700,0,0,2025-07-05,945,Fees Collected for TERM_1 ON 05-07-2025
17069,TERM_2,8100,0,0,2025-09-22,945,Fees Collected for TERM_2 ON 22-09-2025
17069,TERM_3,7700,0,0,2024-11-25,945,Fees Collected for TERM_3 ON 25-11-2024
17069,TERM_4,0,7700,0,2025-09-29,945,Fees Collected for TERM_4 ON 29-09-2025
15761,TERM_1,7700,0,0,2024-10-20,894,Fees Collected for TERM_1 ON 20-10-2024
15761,TERM_2,8100,0,0,2024-12-28,894,Fees Collected for TERM_2 ON 28-12-2024
15761,TERM_3,7700,0,0,2024-07-25,894,Fees Collected for TERM_3 ON 25-07-2024
15761,TERM_4,7700,0,0,2025-08-11,894,Fees Collected for TERM_4 ON 11-08-2025
16432,TERM_1,7700,0,0,2024-07-01,895,Fees Collected for TERM_1 ON 01-07-2024
16432,TERM_2,8100,0,0,2025-10-04,895,Fees Collected for TERM_2 ON 04-10-2025
16432,TERM_3,7700,0,0,2025-02-16,895,Fees Collected for TERM_3 ON 16-02-2025
16432,TERM_4,7700,0,0,2025-10-09,895,Fees Collected for TERM_4 ON 09-10-2025
15570,TERM_1,7700,0,0,2024-11-24,1189,Fees Collected for TERM_1 ON 24-11-2024
15570,TERM_2,8100,0,0,2025-01-08,1189,Fees Collected for TERM_2 ON 08-01-2025
15570,TERM_3,7700,0,0,2024-12-04,1189,Fees Collected for TERM_3 ON 04-12-2024
15570,TERM_4,7700,0,0,2025-05-18,1189,Fees Collected for TERM_4 ON 18-05-2025
16036,TERM_1,7700,0,0,2024-11-08,1036,Fees Collected for TERM_1 ON 08-11-2024
16036,TERM_2,8100,0,0,2024-12-18,1036,Fees Collected for TERM_2 ON 18-12-2024
16036,TERM_3,7700,0,0,2025-01-28,1036,Fees Collected for TERM_3 ON 28-01-2025
16036,TERM_4,7700,0,0,2025-07-27,1036,Fees Collected for TERM_4 ON 27-07-2025
16608,TERM_1,7700,0,0,2024-06-17,868,Fees Collected for TERM_1 ON 17-06-2024
16608,TERM_2,8100,0,0,2025-08-26,868,Fees Collected for TERM_2 ON 26-08-2025
16608,TERM_3,7700,0,0,2025-03-11,868,Fees Collected for TERM_3 ON 11-03-2025
16608,TERM_4,7700,0,0,2024-10-15,868,Fees Collected for TERM_4 ON 15-10-2024
15371,TERM_1,7700,0,0,2024-09-27,896,Fees Collected for TERM_1 ON 27-09-2024
15371,TERM_2,8100,0,0,2024-08-03,896,Fees Collected for TERM_2 ON 03-08-2024
15371,TERM_3,7700,0,0,2024-12-30,896,Fees Collected for TERM_3 ON 30-12-2024
15371,TERM_4,7700,0,0,2025-01-19,896,Fees Collected for TERM_4 ON 19-01-2025
15861,TERM_1,7700,0,0,2024-08-04,897,Fees Collected for TERM_1 ON 04-08-2024
15861,TERM_2,8100,0,0,2024-06-24,897,Fees Collected for TERM_2 ON 24-06-2024
15861,TERM_3,7700,0,0,2025-01-22,897,Fees Collected for TERM_3 ON 22-01-2025
15861,TERM_4,7700,0,0,2025-03-06,897,Fees Collected for TERM_4 ON 06-03-2025
15544,TERM_1,7700,0,0,2024-10-18,1142,Fees Collected for TERM_1 ON 18-10-2024
15544,TERM_2,8100,0,0,2025-05-18,1142,Fees Collected for TERM_2 ON 18-05-2025
15544,TERM_3,7700,0,0,2025-10-29,1142,Fees Collected for TERM_3 ON 29-10-2025
15544,TERM_4,7700,0,0,2024-11-14,1142,Fees Collected for TERM_4 ON 14-11-2024
16476,TERM_1,7700,0,0,2025-07-12,898,Fees Collected for TERM_1 ON 12-07-2025
16476,TERM_2,8100,0,0,2024-11-25,898,Fees Collected for TERM_2 ON 25-11-2024
16476,TERM_3,7700,0,0,2024-07-05,898,Fees Collected for TERM_3 ON 05-07-2024
16476,TERM_4,7700,0,0,2024-07-12,898,Fees Collected for TERM_4 ON 12-07-2024
15269,TERM_1,7700,0,0,2024-12-28,1023,Fees Collected for TERM_1 ON 28-12-2024
15269,TERM_2,8100,0,0,2025-03-13,1023,Fees Collected for TERM_2 ON 13-03-2025
15269,TERM_3,7700,0,0,2025-06-01,1023,Fees Collected for TERM_3 ON 01-06-2025
15269,TERM_4,7700,0,0,2025-12-01,1023,Fees Collected for TERM_4 ON 01-12-2025
15593,TERM_1,7700,0,0,2025-12-19,1037,Fees Collected for TERM_1 ON 19-12-2025
15593,TERM_2,8100,0,0,2024-12-07,1037,Fees Collected for TERM_2 ON 07-12-2024
15593,TERM_3,7700,0,0,2024-11-20,1037,Fees Collected for TERM_3 ON 20-11-2024
15593,TERM_4,7700,0,0,2024-07-25,1037,Fees Collected for TERM_4 ON 25-07-2024
15517,TERM_1,7700,0,0,2024-12-21,1137,Fees Collected for TERM_1 ON 21-12-2024
15517,TERM_2,8100,0,0,2025-05-29,1137,Fees Collected for TERM_2 ON 29-05-2025
15517,TERM_3,7700,0,0,2024-09-28,1137,Fees Collected for TERM_3 ON 28-09-2024
15517,TERM_4,7700,0,0,2025-03-25,1137,Fees Collected for TERM_4 ON 25-03-2025
15282,TERM_1,7700,0,0,2025-04-22,899,Fees Collected for TERM_1 ON 22-04-2025
15282,TERM_2,8100,0,0,2025-06-28,899,Fees Collected for TERM_2 ON 28-06-2025
15282,TERM_3,7700,0,0,2025-01-17,899,Fees Collected for TERM_3 ON 17-01-2025
15282,TERM_4,7700,0,0,2024-12-12,899,Fees Collected for TERM_4 ON 12-12-2024
16697,TERM_1,7700,0,0,2025-03-18,900,Fees Collected for TERM_1 ON 18-03-2025
16697,TERM_2,8100,0,0,2024-12-31,900,Fees Collected for TERM_2 ON 31-12-2024
16697,TERM_3,7700,0,0,2025-02-25,900,Fees Collected for TERM_3 ON 25-02-2025
16697,TERM_4,7700,0,0,2024-07-04,900,Fees Collected for TERM_4 ON 04-07-2024
15509,TERM_1,7700,0,0,2024-08-20,901,Fees Collected for TERM_1 ON 20-08-2024
15509,TERM_2,8100,0,0,2024-11-16,901,Fees Collected for TERM_2 ON 16-11-2024
15509,TERM_3,7700,0,0,2024-10-03,901,Fees Collected for TERM_3 ON 03-10-2024
15509,TERM_4,7700,0,0,2025-06-20,901,Fees Collected for TERM_4 ON 20-06-2025
16810,TERM_1,7700,0,0,2024-12-23,912,Fees Collected for TERM_1 ON 23-12-2024
16810,TERM_2,8100,0,0,2025-01-17,912,Fees Collected for TERM_2 ON 17-01-2025
16810,TERM_3,7700,0,0,2024-06-24,912,Fees Collected for TERM_3 ON 24-06-2024
16810,TERM_4,7700,0,0,2025-12-10,912,Fees Collected for TERM_4 ON 10-12-2025
16572,TERM_1,7700,0,0,2025-11-14,1038,Fees Collected for TERM_1 ON 14-11-2025
16572,TERM_2,8100,0,0,2025-06-06,1038,Fees Collected for TERM_2 ON 06-06-2025
16572,TERM_3,7700,0,0,2024-10-28,1038,Fees Collected for TERM_3 ON 28-10-2024
16572,TERM_4,7700,0,0,2025-03-14,1038,Fees Collected for TERM_4 ON 14-03-2025
16031,TERM_1,7700,0,0,2024-07-11,1122,Fees Collected for TERM_1 ON 11-07-2024
16031,TERM_2,8100,0,0,2024-10-05,1122,Fees Collected for TERM_2 ON 05-10-2024
16031,TERM_3,7700,0,0,2024-10-13,1122,Fees Collected for TERM_3 ON 13-10-2024
16031,TERM_4,7700,0,0,2024-08-18,1122,Fees Collected for TERM_4 ON 18-08-2024
15215,TERM_1,7700,0,0,2025-09-27,1070,Fees Collected for TERM_1 ON 27-09-2025
15215,TERM_2,8100,0,0,2024-06-22,1070,Fees Collected for TERM_2 ON 22-06-2024
15215,TERM_3,7700,0,0,2024-07-17,1070,Fees Collected for TERM_3 ON 17-07-2024
15215,TERM_4,0,7700,0,2024-10-29,1070,Fees Collected for TERM_4 ON 29-10-2024
17151,TERM_1,7700,0,0,2025-03-09,866,Fees Collected for TERM_1 ON 09-03-2025
17151,TERM_2,8100,0,0,2024-10-28,866,Fees Collected for TERM_2 ON 28-10-2024
17151,TERM_3,7700,0,0,2024-10-15,866,Fees Collected for TERM_3 ON 15-10-2024
17151,TERM_4,7700,0,0,2025-08-14,866,Fees Collected for TERM_4 ON 14-08-2025
16499,TERM_1,7700,0,0,2024-10-11,953,Fees Collected for TERM_1 ON 11-10-2024
16499,TERM_2,8100,0,0,2025-07-05,953,Fees Collected for TERM_2 ON 05-07-2025
16499,TERM_3,7700,0,0,2025-03-14,953,Fees Collected for TERM_3 ON 14-03-2025
16499,TERM_4,7200,500,0,2024-12-24,953,Fees Collected for TERM_4 ON 24-12-2024
15859,TERM_1,7700,0,0,2024-08-25,954,Fees Collected for TERM_1 ON 25-08-2024
15859,TERM_2,8100,0,0,2024-08-19,954,Fees Collected for TERM_2 ON 19-08-2024
15859,TERM_3,7700,0,0,2025-12-21,954,Fees Collected for TERM_3 ON 21-12-2025
15859,TERM_4,7700,0,0,2024-07-02,954,Fees Collected for TERM_4 ON 02-07-2024
16772,TERM_1,7700,0,0,2025-09-19,955,Fees Collected for TERM_1 ON 19-09-2025
16772,TERM_2,8100,0,0,2025-08-25,955,Fees Collected for TERM_2 ON 25-08-2025
16772,TERM_3,7700,0,0,2025-09-01,955,Fees Collected for TERM_3 ON 01-09-2025
16772,TERM_4,7700,0,0,2024-06-30,955,Fees Collected for TERM_4 ON 30-06-2024
15261,TERM_1,7700,0,0,2025-03-13,956,Fees Collected for TERM_1 ON 13-03-2025
15261,TERM_2,8100,0,0,2025-04-16,956,Fees Collected for TERM_2 ON 16-04-2025
15261,TERM_3,7200,500,0,2024-08-13,956,Fees Collected for TERM_3 ON 13-08-2024
15261,TERM_4,0,7700,0,2025-03-15,956,Fees Collected for TERM_4 ON 15-03-2025
15237,TERM_1,7700,0,0,2025-02-28,957,Fees Collected for TERM_1 ON 28-02-2025
15237,TERM_2,8100,0,0,2025-03-18,957,Fees Collected for TERM_2 ON 18-03-2025
15237,TERM_3,7700,0,0,2025-09-12,957,Fees Collected for TERM_3 ON 12-09-2025
15237,TERM_4,7700,0,0,2024-07-09,957,Fees Collected for TERM_4 ON 09-07-2024
16839,TERM_1,7700,0,0,2025-01-18,958,Fees Collected for TERM_1 ON 18-01-2025
16839,TERM_2,8100,0,0,2025-10-05,958,Fees Collected for TERM_2 ON 05-10-2025
16839,TERM_3,7700,0,0,2025-09-30,958,Fees Collected for TERM_3 ON 30-09-2025
16839,TERM_4,7700,0,0,2025-05-25,958,Fees Collected for TERM_4 ON 25-05-2025
15174,TERM_1,7700,0,0,2024-09-05,959,Fees Collected for TERM_1 ON 05-09-2024
15174,TERM_2,8100,0,0,2025-07-19,959,Fees Collected for TERM_2 ON 19-07-2025
15174,TERM_3,7700,0,0,2025-03-19,959,Fees Collected for TERM_3 ON 19-03-2025
15174,TERM_4,7700,0,0,2024-08-18,959,Fees Collected for TERM_4 ON 18-08-2024
15586,TERM_1,7700,0,0,2025-03-31,960,Fees Collected for TERM_1 ON 31-03-2025
15586,TERM_2,8100,0,0,2024-10-06,960,Fees Collected for TERM_2 ON 06-10-2024
15586,TERM_3,7700,0,0,2025-09-29,960,Fees Collected for TERM_3 ON 29-09-2025
15586,TERM_4,7700,0,0,2025-06-03,960,Fees Collected for TERM_4 ON 03-06-2025
15189,TERM_1,7700,0,0,2025-11-13,961,Fees Collected for TERM_1 ON 13-11-2025
15189,TERM_2,8100,0,0,2024-09-23,961,Fees Collected for TERM_2 ON 23-09-2024
15189,TERM_3,7700,0,0,2025-04-19,961,Fees Collected for TERM_3 ON 19-04-2025
15189,TERM_4,7700,0,0,2025-06-02,961,Fees Collected for TERM_4 ON 02-06-2025
15322,TERM_1,7700,0,0,2024-08-18,962,Fees Collected for TERM_1 ON 18-08-2024
15322,TERM_2,8100,0,0,2025-11-21,962,Fees Collected for TERM_2 ON 21-11-2025
15322,TERM_3,7700,0,0,2025-01-26,962,Fees Collected for TERM_3 ON 26-01-2025
15322,TERM_4,7700,0,0,2025-11-08,962,Fees Collected for TERM_4 ON 08-11-2025
15270,TERM_1,7700,0,0,2025-05-22,963,Fees Collected for TERM_1 ON 22-05-2025
15270,TERM_2,8100,0,0,2025-10-13,963,Fees Collected for TERM_2 ON 13-10-2025
15270,TERM_3,7700,0,0,2024-07-01,963,Fees Collected for TERM_3 ON 01-07-2024
15270,TERM_4,7700,0,0,2025-12-24,963,Fees Collected for TERM_4 ON 24-12-2025
15217,TERM_1,7700,0,0,2025-03-22,964,Fees Collected for TERM_1 ON 22-03-2025
15217,TERM_2,8100,0,0,2025-04-23,964,Fees Collected for TERM_2 ON 23-04-2025
15217,TERM_3,7700,0,0,2024-11-03,964,Fees Collected for TERM_3 ON 03-11-2024
15217,TERM_4,7700,0,0,2025-08-27,964,Fees Collected for TERM_4 ON 27-08-2025
15796,TERM_1,7700,0,0,2024-10-28,965,Fees Collected for TERM_1 ON 28-10-2024
15796,TERM_2,8100,0,0,2024-08-30,965,Fees Collected for TERM_2 ON 30-08-2024
15796,TERM_3,7700,0,0,2024-08-22,965,Fees Collected for TERM_3 ON 22-08-2024
15796,TERM_4,7700,0,0,2025-05-12,965,Fees Collected for TERM_4 ON 12-05-2025
15013,TERM_1,7700,0,0,2024-06-21,966,Fees Collected for TERM_1 ON 21-06-2024
15013,TERM_2,8100,0,0,2025-02-09,966,Fees Collected for TERM_2 ON 09-02-2025
15013,TERM_3,7700,0,0,2024-08-28,966,Fees Collected for TERM_3 ON 28-08-2024
15013,TERM_4,7700,0,0,2025-05-21,966,Fees Collected for TERM_4 ON 21-05-2025
15234,TERM_1,7700,0,0,2025-09-29,967,Fees Collected for TERM_1 ON 29-09-2025
15234,TERM_2,8100,0,0,2025-11-01,967,Fees Collected for TERM_2 ON 01-11-2025
15234,TERM_3,7700,0,0,2025-02-18,967,Fees Collected for TERM_3 ON 18-02-2025
15234,TERM_4,7700,0,0,2024-12-03,967,Fees Collected for TERM_4 ON 03-12-2024
15325,TERM_1,7700,0,0,2025-02-22,968,Fees Collected for TERM_1 ON 22-02-2025
15325,TERM_2,8100,0,0,2024-08-04,968,Fees Collected for TERM_2 ON 04-08-2024
15325,TERM_3,7700,0,0,2025-08-14,968,Fees Collected for TERM_3 ON 14-08-2025
15325,TERM_4,2700,5000,0,2024-12-30,968,Fees Collected for TERM_4 ON 30-12-2024
15321,TERM_1,7700,0,0,2025-08-03,969,Fees Collected for TERM_1 ON 03-08-2025
15321,TERM_2,8100,0,0,2025-08-25,969,Fees Collected for TERM_2 ON 25-08-2025
15321,TERM_3,7700,0,0,2025-05-10,969,Fees Collected for TERM_3 ON 10-05-2025
15321,TERM_4,7700,0,0,2024-06-12,969,Fees Collected for TERM_4 ON 12-06-2024
15349,TERM_1,7700,0,0,2024-09-04,988,Fees Collected for TERM_1 ON 04-09-2024
15349,TERM_2,8100,0,0,2025-08-16,988,Fees Collected for TERM_2 ON 16-08-2025
15349,TERM_3,7700,0,0,2025-11-02,988,Fees Collected for TERM_3 ON 02-11-2025
15349,TERM_4,7700,0,0,2024-08-09,988,Fees Collected for TERM_4 ON 09-08-2024
15410,TERM_1,7700,0,0,2025-09-14,971,Fees Collected for TERM_1 ON 14-09-2025
15410,TERM_2,8100,0,0,2024-06-26,971,Fees Collected for TERM_2 ON 26-06-2024
15410,TERM_3,7700,0,0,2025-08-28,971,Fees Collected for TERM_3 ON 28-08-2025
15410,TERM_4,7700,0,0,2025-02-20,971,Fees Collected for TERM_4 ON 20-02-2025
14892,TERM_1,7700,0,0,2024-10-08,973,Fees Collected for TERM_1 ON 08-10-2024
14892,TERM_2,8100,0,0,2025-04-01,973,Fees Collected for TERM_2 ON 01-04-2025
14892,TERM_3,7700,0,0,2025-06-28,973,Fees Collected for TERM_3 ON 28-06-2025
14892,TERM_4,7700,0,0,2024-09-08,973,Fees Collected for TERM_4 ON 08-09-2024
15367,TERM_1,7700,0,0,2024-09-11,974,Fees Collected for TERM_1 ON 11-09-2024
15367,TERM_2,8100,0,0,2025-08-18,974,Fees Collected for TERM_2 ON 18-08-2025
15367,TERM_3,7700,0,0,2025-09-30,974,Fees Collected for TERM_3 ON 30-09-2025
15367,TERM_4,7700,0,0,2025-06-05,974,Fees Collected for TERM_4 ON 05-06-2025
15196,TERM_1,7700,0,0,2025-05-22,975,Fees Collected for TERM_1 ON 22-05-2025
15196,TERM_2,8100,0,0,2024-09-04,975,Fees Collected for TERM_2 ON 04-09-2024
15196,TERM_3,7700,0,0,2024-11-07,975,Fees Collected for TERM_3 ON 07-11-2024
15196,TERM_4,7700,0,0,2025-07-29,975,Fees Collected for TERM_4 ON 29-07-2025
15408,TERM_1,7700,0,0,2024-08-07,976,Fees Collected for TERM_1 ON 07-08-2024
15408,TERM_2,8100,0,0,2025-06-23,976,Fees Collected for TERM_2 ON 23-06-2025
15408,TERM_3,7700,0,0,2025-09-10,976,Fees Collected for TERM_3 ON 10-09-2025
15408,TERM_4,7700,0,0,2025-01-11,976,Fees Collected for TERM_4 ON 11-01-2025
14889,TERM_1,7700,0,0,2024-08-24,977,Fees Collected for TERM_1 ON 24-08-2024
14889,TERM_2,8100,0,0,2025-07-07,977,Fees Collected for TERM_2 ON 07-07-2025
14889,TERM_3,7700,0,0,2025-06-03,977,Fees Collected for TERM_3 ON 03-06-2025
14889,TERM_4,7700,0,0,2025-01-15,977,Fees Collected for TERM_4 ON 15-01-2025
15248,TERM_1,0,0,0,2025-05-16,0,Fees Collected for TERM_1 ON 16-05-2025
15248,TERM_2,0,0,0,2024-10-27,0,Fees Collected for TERM_2 ON 27-10-2024
15248,TERM_4,0,0,0,2025-12-03,0,Fees Collected for TERM_4 ON 03-12-2025
15199,TERM_1,7700,0,0,2025-06-24,979,Fees Collected for TERM_1 ON 24-06-2025
15199,TERM_2,8100,0,0,2024-12-31,979,Fees Collected for TERM_2 ON 31-12-2024
15199,TERM_3,7700,0,0,2024-08-28,979,Fees Collected for TERM_3 ON 28-08-2024
15199,TERM_4,7700,0,0,2024-07-12,979,Fees Collected for TERM_4 ON 12-07-2024
16274,TERM_1,7700,0,0,2025-06-14,980,Fees Collected for TERM_1 ON 14-06-2025
16274,TERM_2,8100,0,0,2025-03-05,980,Fees Collected for TERM_2 ON 05-03-2025
16274,TERM_3,7700,0,0,2024-12-21,980,Fees Collected for TERM_3 ON 21-12-2024
16274,TERM_4,7700,0,0,2024-07-18,980,Fees Collected for TERM_4 ON 18-07-2024
15898,TERM_1,7700,0,0,2024-11-12,982,Fees Collected for TERM_1 ON 12-11-2024
15898,TERM_2,8100,0,0,2024-10-13,982,Fees Collected for TERM_2 ON 13-10-2024
15898,TERM_3,7700,0,0,2025-10-14,982,Fees Collected for TERM_3 ON 14-10-2025
15898,TERM_4,7700,0,0,2025-02-06,982,Fees Collected for TERM_4 ON 06-02-2025
16796,TERM_1,7700,0,0,2025-04-14,983,Fees Collected for TERM_1 ON 14-04-2025
16796,TERM_2,8100,0,0,2025-11-14,983,Fees Collected for TERM_2 ON 14-11-2025
16796,TERM_3,7700,0,0,2025-03-22,983,Fees Collected for TERM_3 ON 22-03-2025
16796,TERM_4,7700,0,0,2024-08-18,983,Fees Collected for TERM_4 ON 18-08-2024
15880,TERM_1,7700,0,0,2025-01-11,984,Fees Collected for TERM_1 ON 11-01-2025
15880,TERM_2,8100,0,0,2025-08-15,984,Fees Collected for TERM_2 ON 15-08-2025
15880,TERM_3,7700,0,0,2025-07-25,984,Fees Collected for TERM_3 ON 25-07-2025
15880,TERM_4,0,7700,0,2025-07-04,984,Fees Collected for TERM_4 ON 04-07-2025
15214,TERM_1,7700,0,0,2025-11-04,985,Fees Collected for TERM_1 ON 04-11-2025
15214,TERM_2,8100,0,0,2024-12-08,985,Fees Collected for TERM_2 ON 08-12-2024
15214,TERM_3,7700,0,0,2024-11-10,985,Fees Collected for TERM_3 ON 10-11-2024
15214,TERM_4,7700,0,0,2025-09-29,985,Fees Collected for TERM_4 ON 29-09-2025
15219,TERM_1,7700,0,0,2025-02-12,986,Fees Collected for TERM_1 ON 12-02-2025
15219,TERM_2,8100,0,0,2024-09-27,986,Fees Collected for TERM_2 ON 27-09-2024
15219,TERM_3,7700,0,0,2025-09-27,986,Fees Collected for TERM_3 ON 27-09-2025
15219,TERM_4,7700,0,0,2025-11-02,986,Fees Collected for TERM_4 ON 02-11-2025
16603,TERM_1,7700,0,0,2025-08-12,987,Fees Collected for TERM_1 ON 12-08-2025
16603,TERM_2,8100,0,0,2024-11-12,987,Fees Collected for TERM_2 ON 12-11-2024
16603,TERM_3,7700,0,0,2025-06-07,987,Fees Collected for TERM_3 ON 07-06-2025
16603,TERM_4,7700,0,0,2025-07-29,987,Fees Collected for TERM_4 ON 29-07-2025
15341,TERM_1,7700,0,0,2025-01-20,1119,Fees Collected for TERM_1 ON 20-01-2025
15341,TERM_2,8100,0,0,2024-12-12,1119,Fees Collected for TERM_2 ON 12-12-2024
15341,TERM_3,7700,0,0,2025-05-11,1119,Fees Collected for TERM_3 ON 11-05-2025
15341,TERM_4,7700,0,0,2025-07-25,1119,Fees Collected for TERM_4 ON 25-07-2025
15212,TERM_1,7700,0,0,2024-08-20,989,Fees Collected for TERM_1 ON 20-08-2024
15212,TERM_2,8100,0,0,2025-01-06,989,Fees Collected for TERM_2 ON 06-01-2025
15212,TERM_3,7700,0,0,2024-10-02,989,Fees Collected for TERM_3 ON 02-10-2024
15212,TERM_4,7700,0,0,2025-03-23,989,Fees Collected for TERM_4 ON 23-03-2025
15242,TERM_1,7700,0,0,2024-06-20,990,Fees Collected for TERM_1 ON 20-06-2024
15242,TERM_2,8100,0,0,2025-12-27,990,Fees Collected for TERM_2 ON 27-12-2025
15242,TERM_3,7700,0,0,2025-01-06,990,Fees Collected for TERM_3 ON 06-01-2025
15242,TERM_4,7700,0,0,2024-12-27,990,Fees Collected for TERM_4 ON 27-12-2024
15257,TERM_1,7700,0,0,2025-12-26,991,Fees Collected for TERM_1 ON 26-12-2025
15257,TERM_2,8100,0,0,2024-09-09,991,Fees Collected for TERM_2 ON 09-09-2024
15257,TERM_3,7700,0,0,2025-07-02,991,Fees Collected for TERM_3 ON 02-07-2025
15257,TERM_4,7700,0,0,2024-08-12,991,Fees Collected for TERM_4 ON 12-08-2024
16785,TERM_1,7700,0,0,2025-12-21,992,Fees Collected for TERM_1 ON 21-12-2025
16785,TERM_2,8100,0,0,2024-08-11,992,Fees Collected for TERM_2 ON 11-08-2024
16785,TERM_3,7700,0,0,2025-11-13,992,Fees Collected for TERM_3 ON 13-11-2025
16785,TERM_4,7700,0,0,2024-10-04,992,Fees Collected for TERM_4 ON 04-10-2024
17054,TERM_1,7700,0,0,2025-01-23,869,Fees Collected for TERM_1 ON 23-01-2025
17054,TERM_2,8100,0,0,2024-10-28,869,Fees Collected for TERM_2 ON 28-10-2024
17054,TERM_3,7700,0,0,2025-12-05,869,Fees Collected for TERM_3 ON 05-12-2025
17054,TERM_4,7700,0,0,2025-07-18,869,Fees Collected for TERM_4 ON 18-07-2025
15048,TERM_1,7700,0,0,2025-12-16,993,Fees Collected for TERM_1 ON 16-12-2025
15048,TERM_2,8100,0,0,2024-11-10,993,Fees Collected for TERM_2 ON 10-11-2024
15048,TERM_3,7700,0,0,2025-04-08,993,Fees Collected for TERM_3 ON 08-04-2025
15048,TERM_4,7200,500,0,2025-10-22,993,Fees Collected for TERM_4 ON 22-10-2025
15832,TERM_1,7700,0,0,2025-07-26,981,Fees Collected for TERM_1 ON 26-07-2025
15832,TERM_2,8100,0,0,2025-05-09,981,Fees Collected for TERM_2 ON 09-05-2025
15832,TERM_3,7700,0,0,2025-07-12,981,Fees Collected for TERM_3 ON 12-07-2025
15832,TERM_4,7700,0,0,2024-12-15,981,Fees Collected for TERM_4 ON 15-12-2024
15765,TERM_1,7700,0,0,2025-10-24,939,Fees Collected for TERM_1 ON 24-10-2025
15765,TERM_2,8100,0,0,2024-12-18,939,Fees Collected for TERM_2 ON 18-12-2024
15765,TERM_3,7700,0,0,2024-12-12,939,Fees Collected for TERM_3 ON 12-12-2024
15765,TERM_4,7700,0,0,2024-10-06,939,Fees Collected for TERM_4 ON 06-10-2024
16056,TERM_1,7700,0,0,2025-09-16,996,Fees Collected for TERM_1 ON 16-09-2025
16056,TERM_2,8100,0,0,2024-12-11,996,Fees Collected for TERM_2 ON 11-12-2024
16056,TERM_3,7700,0,0,2024-10-24,996,Fees Collected for TERM_3 ON 24-10-2024
16056,TERM_4,7700,0,0,2024-06-17,996,Fees Collected for TERM_4 ON 17-06-2024
16375,TERM_1,7700,0,0,2025-10-29,997,Fees Collected for TERM_1 ON 29-10-2025
16375,TERM_2,8100,0,0,2024-10-07,997,Fees Collected for TERM_2 ON 07-10-2024
16375,TERM_3,7700,0,0,2024-12-27,997,Fees Collected for TERM_3 ON 27-12-2024
16375,TERM_4,7700,0,0,2024-12-09,997,Fees Collected for TERM_4 ON 09-12-2024
16427,TERM_1,7700,0,0,2025-02-17,998,Fees Collected for TERM_1 ON 17-02-2025
16427,TERM_2,8100,0,0,2025-08-23,998,Fees Collected for TERM_2 ON 23-08-2025
16427,TERM_3,7700,0,0,2025-01-03,998,Fees Collected for TERM_3 ON 03-01-2025
16427,TERM_4,7700,0,0,2025-07-15,998,Fees Collected for TERM_4 ON 15-07-2025
15009,TERM_1,7700,0,0,2024-08-24,999,Fees Collected for TERM_1 ON 24-08-2024
15009,TERM_2,8100,0,0,2025-07-16,999,Fees Collected for TERM_2 ON 16-07-2025
15009,TERM_3,7700,0,0,2024-12-30,999,Fees Collected for TERM_3 ON 30-12-2024
15009,TERM_4,7700,0,0,2024-10-05,999,Fees Collected for TERM_4 ON 05-10-2024
15252,TERM_1,7700,0,0,2024-09-03,1000,Fees Collected for TERM_1 ON 03-09-2024
15252,TERM_2,8100,0,0,2025-01-29,1000,Fees Collected for TERM_2 ON 29-01-2025
15252,TERM_3,7700,0,0,2024-07-22,1000,Fees Collected for TERM_3 ON 22-07-2024
15252,TERM_4,7700,0,0,2024-11-29,1000,Fees Collected for TERM_4 ON 29-11-2024
14859,TERM_1,7700,0,0,2025-12-23,1001,Fees Collected for TERM_1 ON 23-12-2025
14859,TERM_2,8100,0,0,2025-02-13,1001,Fees Collected for TERM_2 ON 13-02-2025
14859,TERM_3,7700,0,0,2024-12-03,1001,Fees Collected for TERM_3 ON 03-12-2024
14859,TERM_4,7700,0,0,2024-08-07,1001,Fees Collected for TERM_4 ON 07-08-2024
15220,TERM_1,7700,0,0,2025-06-09,1002,Fees Collected for TERM_1 ON 09-06-2025
15220,TERM_2,8100,0,0,2025-11-13,1002,Fees Collected for TERM_2 ON 13-11-2025
15220,TERM_3,7700,0,0,2025-03-18,1002,Fees Collected for TERM_3 ON 18-03-2025
15220,TERM_4,7700,0,0,2025-01-11,1002,Fees Collected for TERM_4 ON 11-01-2025
15200,TERM_1,7700,0,0,2025-02-28,1055,Fees Collected for TERM_1 ON 28-02-2025
15200,TERM_2,8100,0,0,2025-10-26,1055,Fees Collected for TERM_2 ON 26-10-2025
15200,TERM_3,7700,0,0,2024-08-25,1055,Fees Collected for TERM_3 ON 25-08-2024
15200,TERM_4,7700,0,0,2025-06-01,1055,Fees Collected for TERM_4 ON 01-06-2025
16175,TERM_1,7700,0,0,2024-09-29,952,Fees Collected for TERM_1 ON 29-09-2024
16175,TERM_2,8100,0,0,2025-08-01,952,Fees Collected for TERM_2 ON 01-08-2025
16175,TERM_3,7700,0,0,2025-04-26,952,Fees Collected for TERM_3 ON 26-04-2025
16175,TERM_4,7700,0,0,2025-07-13,952,Fees Collected for TERM_4 ON 13-07-2025
14915,TERM_1,7700,0,0,2025-12-27,1003,Fees Collected for TERM_1 ON 27-12-2025
14915,TERM_2,8100,0,0,2024-11-06,1003,Fees Collected for TERM_2 ON 06-11-2024
14915,TERM_3,7700,0,0,2024-10-03,1003,Fees Collected for TERM_3 ON 03-10-2024
14915,TERM_4,7700,0,0,2025-06-21,1003,Fees Collected for TERM_4 ON 21-06-2025
15258,TERM_1,7700,0,0,2025-07-02,1034,Fees Collected for TERM_1 ON 02-07-2025
15258,TERM_2,8100,0,0,2025-04-19,1034,Fees Collected for TERM_2 ON 19-04-2025
15258,TERM_3,7700,0,0,2024-08-01,1034,Fees Collected for TERM_3 ON 01-08-2024
15258,TERM_4,7700,0,0,2025-04-15,1034,Fees Collected for TERM_4 ON 15-04-2025
15774,TERM_1,7700,0,0,2025-08-12,1057,Fees Collected for TERM_1 ON 12-08-2025
15774,TERM_2,8100,0,0,2025-07-07,1057,Fees Collected for TERM_2 ON 07-07-2025
15774,TERM_3,7700,0,0,2025-04-15,1057,Fees Collected for TERM_3 ON 15-04-2025
15774,TERM_4,7700,0,0,2024-10-11,1057,Fees Collected for TERM_4 ON 11-10-2024
15211,TERM_1,7700,0,0,2024-12-02,1007,Fees Collected for TERM_1 ON 02-12-2024
15211,TERM_2,8100,0,0,2025-08-23,1007,Fees Collected for TERM_2 ON 23-08-2025
15211,TERM_3,7700,0,0,2024-12-19,1007,Fees Collected for TERM_3 ON 19-12-2024
15211,TERM_4,7700,0,0,2024-11-09,1007,Fees Collected for TERM_4 ON 09-11-2024
16718,TERM_1,7700,0,0,2024-11-19,1008,Fees Collected for TERM_1 ON 19-11-2024
16718,TERM_2,8100,0,0,2025-11-03,1008,Fees Collected for TERM_2 ON 03-11-2025
16718,TERM_3,7700,0,0,2025-09-25,1008,Fees Collected for TERM_3 ON 25-09-2025
16718,TERM_4,7700,0,0,2025-10-17,1008,Fees Collected for TERM_4 ON 17-10-2025
15179,TERM_1,7700,0,0,2024-07-22,1009,Fees Collected for TERM_1 ON 22-07-2024
15179,TERM_2,8100,0,0,2025-11-15,1009,Fees Collected for TERM_2 ON 15-11-2025
15179,TERM_3,7700,0,0,2024-11-28,1009,Fees Collected for TERM_3 ON 28-11-2024
15179,TERM_4,7700,0,0,2025-09-19,1009,Fees Collected for TERM_4 ON 19-09-2025
15370,TERM_1,7700,0,0,2025-12-08,1010,Fees Collected for TERM_1 ON 08-12-2025
15370,TERM_2,8100,0,0,2025-02-27,1010,Fees Collected for TERM_2 ON 27-02-2025
15370,TERM_3,7700,0,0,2025-05-01,1010,Fees Collected for TERM_3 ON 01-05-2025
15370,TERM_4,3700,4000,0,2025-05-15,1010,Fees Collected for TERM_4 ON 15-05-2025
15255,TERM_1,7700,0,0,2025-04-23,1033,Fees Collected for TERM_1 ON 23-04-2025
15255,TERM_2,8100,0,0,2025-01-05,1033,Fees Collected for TERM_2 ON 05-01-2025
15255,TERM_3,7700,0,0,2024-09-27,1033,Fees Collected for TERM_3 ON 27-09-2024
15255,TERM_4,7700,0,0,2024-08-07,1033,Fees Collected for TERM_4 ON 07-08-2024
15318,TERM_1,7700,0,0,2025-08-16,1011,Fees Collected for TERM_1 ON 16-08-2025
15318,TERM_2,8100,0,0,2024-09-03,1011,Fees Collected for TERM_2 ON 03-09-2024
15318,TERM_3,7700,0,0,2024-07-28,1011,Fees Collected for TERM_3 ON 28-07-2024
15318,TERM_4,7700,0,0,2025-11-01,1011,Fees Collected for TERM_4 ON 01-11-2025
15365,TERM_1,7700,0,0,2025-06-09,904,Fees Collected for TERM_1 ON 09-06-2025
15365,TERM_2,8100,0,0,2025-12-27,904,Fees Collected for TERM_2 ON 27-12-2025
15365,TERM_3,7700,0,0,2025-11-05,904,Fees Collected for TERM_3 ON 05-11-2025
15365,TERM_4,7700,0,0,2024-10-21,904,Fees Collected for TERM_4 ON 21-10-2024
15477,TERM_1,7700,0,0,2024-08-24,1012,Fees Collected for TERM_1 ON 24-08-2024
15477,TERM_2,8100,0,0,2024-08-26,1012,Fees Collected for TERM_2 ON 26-08-2024
15477,TERM_3,7700,0,0,2024-09-30,1012,Fees Collected for TERM_3 ON 30-09-2024
15477,TERM_4,7700,0,0,2025-06-16,1012,Fees Collected for TERM_4 ON 16-06-2025
16579,TERM_1,7700,0,0,2024-07-23,1013,Fees Collected for TERM_1 ON 23-07-2024
16579,TERM_2,8100,0,0,2025-06-22,1013,Fees Collected for TERM_2 ON 22-06-2025
16579,TERM_3,7700,0,0,2025-03-11,1013,Fees Collected for TERM_3 ON 11-03-2025
16579,TERM_4,7700,0,0,2024-12-21,1013,Fees Collected for TERM_4 ON 21-12-2024
15187,TERM_1,7700,0,0,2024-08-05,1075,Fees Collected for TERM_1 ON 05-08-2024
15187,TERM_2,8100,0,0,2025-12-03,1075,Fees Collected for TERM_2 ON 03-12-2025
15187,TERM_3,7700,0,0,2025-08-20,1075,Fees Collected for TERM_3 ON 20-08-2025
15187,TERM_4,7700,0,0,2024-09-07,1075,Fees Collected for TERM_4 ON 07-09-2024
15204,TERM_1,7700,0,0,2024-09-16,1069,Fees Collected for TERM_1 ON 16-09-2024
15204,TERM_2,8100,0,0,2025-03-15,1069,Fees Collected for TERM_2 ON 15-03-2025
15204,TERM_3,7700,0,0,2025-08-08,1069,Fees Collected for TERM_3 ON 08-08-2025
15204,TERM_4,7700,0,0,2024-12-02,1069,Fees Collected for TERM_4 ON 02-12-2024
15614,TERM_1,7700,0,0,2025-11-02,1005,Fees Collected for TERM_1 ON 02-11-2025
15614,TERM_2,8100,0,0,2025-03-24,1005,Fees Collected for TERM_2 ON 24-03-2025
15614,TERM_3,7700,0,0,2025-01-21,1005,Fees Collected for TERM_3 ON 21-01-2025
15614,TERM_4,7700,0,0,2024-08-11,1005,Fees Collected for TERM_4 ON 11-08-2024
15490,TERM_1,7700,0,0,2024-06-21,1052,Fees Collected for TERM_1 ON 21-06-2024
15490,TERM_2,8100,0,0,2025-01-19,1052,Fees Collected for TERM_2 ON 19-01-2025
15490,TERM_3,7700,0,0,2025-08-09,1052,Fees Collected for TERM_3 ON 09-08-2025
15490,TERM_4,7700,0,0,2025-04-10,1052,Fees Collected for TERM_4 ON 10-04-2025
16993,TERM_1,7700,0,0,2025-07-03,1006,Fees Collected for TERM_1 ON 03-07-2025
16993,TERM_2,8100,0,0,2025-03-23,1006,Fees Collected for TERM_2 ON 23-03-2025
16993,TERM_3,7700,0,0,2025-11-19,1006,Fees Collected for TERM_3 ON 19-11-2025
16993,TERM_4,7700,0,0,2025-07-05,1006,Fees Collected for TERM_4 ON 05-07-2025
15191,TERM_1,7700,0,0,2025-10-16,1053,Fees Collected for TERM_1 ON 16-10-2025
15191,TERM_2,8100,0,0,2025-02-24,1053,Fees Collected for TERM_2 ON 24-02-2025
15191,TERM_3,7700,0,0,2025-06-05,1053,Fees Collected for TERM_3 ON 05-06-2025
15191,TERM_4,7700,0,0,2025-10-01,1053,Fees Collected for TERM_4 ON 01-10-2025
15231,TERM_1,7700,0,0,2024-08-13,1054,Fees Collected for TERM_1 ON 13-08-2024
15231,TERM_2,8100,0,0,2024-09-23,1054,Fees Collected for TERM_2 ON 23-09-2024
15231,TERM_3,7700,0,0,2025-08-17,1054,Fees Collected for TERM_3 ON 17-08-2025
15231,TERM_4,4700,3000,0,2025-10-17,1054,Fees Collected for TERM_4 ON 17-10-2025
16210,TERM_1,7700,0,0,2025-08-08,1066,Fees Collected for TERM_1 ON 08-08-2025
16210,TERM_2,8100,0,0,2025-11-15,1066,Fees Collected for TERM_2 ON 15-11-2025
16210,TERM_3,7700,0,0,2024-07-04,1066,Fees Collected for TERM_3 ON 04-07-2024
16210,TERM_4,7700,0,0,2025-10-24,1066,Fees Collected for TERM_4 ON 24-10-2025
16291,TERM_1,7700,0,0,2025-11-19,1056,Fees Collected for TERM_1 ON 19-11-2025
16291,TERM_2,8100,0,0,2024-09-12,1056,Fees Collected for TERM_2 ON 12-09-2024
16291,TERM_3,7700,0,0,2025-10-25,1056,Fees Collected for TERM_3 ON 25-10-2025
16291,TERM_4,7700,0,0,2025-05-27,1056,Fees Collected for TERM_4 ON 27-05-2025
15622,TERM_1,7700,0,0,2024-12-11,1071,Fees Collected for TERM_1 ON 11-12-2024
15622,TERM_2,8100,0,0,2025-12-22,1071,Fees Collected for TERM_2 ON 22-12-2025
15622,TERM_3,7700,0,0,2024-10-17,1071,Fees Collected for TERM_3 ON 17-10-2024
15622,TERM_4,7700,0,0,2025-08-25,1071,Fees Collected for TERM_4 ON 25-08-2025
16788,TERM_1,7700,0,0,2025-10-12,1014,Fees Collected for TERM_1 ON 12-10-2025
16788,TERM_2,8100,0,0,2025-07-23,1014,Fees Collected for TERM_2 ON 23-07-2025
16788,TERM_3,7700,0,0,2024-10-07,1014,Fees Collected for TERM_3 ON 07-10-2024
16788,TERM_4,7700,0,0,2025-06-29,1014,Fees Collected for TERM_4 ON 29-06-2025
15348,TERM_1,7700,0,0,2025-06-08,1063,Fees Collected for TERM_1 ON 08-06-2025
15348,TERM_2,8100,0,0,2025-06-30,1063,Fees Collected for TERM_2 ON 30-06-2025
15348,TERM_3,7700,0,0,2025-02-23,1063,Fees Collected for TERM_3 ON 23-02-2025
15348,TERM_4,7700,0,0,2025-10-09,1063,Fees Collected for TERM_4 ON 09-10-2025
15226,TERM_1,7700,0,0,2024-11-28,1059,Fees Collected for TERM_1 ON 28-11-2024
15226,TERM_2,8100,0,0,2025-11-23,1059,Fees Collected for TERM_2 ON 23-11-2025
15226,TERM_3,7700,0,0,2025-07-08,1059,Fees Collected for TERM_3 ON 08-07-2025
15226,TERM_4,7700,0,0,2024-07-10,1059,Fees Collected for TERM_4 ON 10-07-2024
15235,TERM_1,7700,0,0,2024-11-27,1061,Fees Collected for TERM_1 ON 27-11-2024
15235,TERM_2,8100,0,0,2025-02-19,1061,Fees Collected for TERM_2 ON 19-02-2025
15235,TERM_3,7700,0,0,2025-01-13,1061,Fees Collected for TERM_3 ON 13-01-2025
15235,TERM_4,7700,0,0,2025-06-29,1061,Fees Collected for TERM_4 ON 29-06-2025
14938,TERM_1,7700,0,0,2025-07-05,916,Fees Collected for TERM_1 ON 05-07-2025
14938,TERM_2,8100,0,0,2025-02-26,916,Fees Collected for TERM_2 ON 26-02-2025
14938,TERM_3,7700,0,0,2024-10-29,916,Fees Collected for TERM_3 ON 29-10-2024
14938,TERM_4,7700,0,0,2025-01-31,916,Fees Collected for TERM_4 ON 31-01-2025
15163,TERM_1,7700,0,0,2024-07-08,1188,Fees Collected for TERM_1 ON 08-07-2024
15163,TERM_2,8100,0,0,2024-12-15,1188,Fees Collected for TERM_2 ON 15-12-2024
15163,TERM_3,7700,0,0,2025-02-15,1188,Fees Collected for TERM_3 ON 15-02-2025
15163,TERM_4,7700,0,0,2025-07-16,1188,Fees Collected for TERM_4 ON 16-07-2025
15203,TERM_1,7700,0,0,2025-06-17,1072,Fees Collected for TERM_1 ON 17-06-2025
15203,TERM_2,8100,0,0,2025-09-16,1072,Fees Collected for TERM_2 ON 16-09-2025
15203,TERM_3,7700,0,0,2025-02-06,1072,Fees Collected for TERM_3 ON 06-02-2025
15203,TERM_4,7700,0,0,2025-12-27,1072,Fees Collected for TERM_4 ON 27-12-2025
16060,TERM_1,7700,0,0,2024-06-14,1073,Fees Collected for TERM_1 ON 14-06-2024
16060,TERM_2,8100,0,0,2025-08-11,1073,Fees Collected for TERM_2 ON 11-08-2025
16060,TERM_3,7700,0,0,2025-03-20,1073,Fees Collected for TERM_3 ON 20-03-2025
16060,TERM_4,7700,0,0,2025-01-09,1073,Fees Collected for TERM_4 ON 09-01-2025
15271,TERM_1,7700,0,0,2024-09-26,1067,Fees Collected for TERM_1 ON 26-09-2024
15271,TERM_2,8100,0,0,2025-04-19,1067,Fees Collected for TERM_2 ON 19-04-2025
15271,TERM_3,7700,0,0,2025-01-27,1067,Fees Collected for TERM_3 ON 27-01-2025
15271,TERM_4,7700,0,0,2025-08-14,1067,Fees Collected for TERM_4 ON 14-08-2025
16893,TERM_1,7700,0,0,2025-11-18,1064,Fees Collected for TERM_1 ON 18-11-2025
16893,TERM_2,8100,0,0,2024-12-16,1064,Fees Collected for TERM_2 ON 16-12-2024
16893,TERM_3,7700,0,0,2024-11-18,1064,Fees Collected for TERM_3 ON 18-11-2024
16893,TERM_4,7700,0,0,2024-12-23,1064,Fees Collected for TERM_4 ON 23-12-2024
14905,TERM_1,7700,0,0,2025-01-22,1065,Fees Collected for TERM_1 ON 22-01-2025
14905,TERM_2,8100,0,0,2025-05-16,1065,Fees Collected for TERM_2 ON 16-05-2025
14905,TERM_3,7700,0,0,2025-09-09,1065,Fees Collected for TERM_3 ON 09-09-2025
14905,TERM_4,7700,0,0,2025-09-20,1065,Fees Collected for TERM_4 ON 20-09-2025
15186,TERM_1,7700,0,0,2024-10-19,1076,Fees Collected for TERM_1 ON 19-10-2024
15186,TERM_2,8100,0,0,2024-11-18,1076,Fees Collected for TERM_2 ON 18-11-2024
15186,TERM_3,7700,0,0,2024-11-30,1076,Fees Collected for TERM_3 ON 30-11-2024
15186,TERM_4,7700,0,0,2024-10-19,1076,Fees Collected for TERM_4 ON 19-10-2024
16801,TERM_1,7700,0,0,2025-08-16,1077,Fees Collected for TERM_1 ON 16-08-2025
16801,TERM_2,8100,0,0,2025-06-29,1077,Fees Collected for TERM_2 ON 29-06-2025
16801,TERM_3,7700,0,0,2024-10-18,1077,Fees Collected for TERM_3 ON 18-10-2024
16801,TERM_4,7700,0,0,2025-04-17,1077,Fees Collected for TERM_4 ON 17-04-2025
15802,TERM_1,7700,0,0,2025-06-20,1134,Fees Collected for TERM_1 ON 20-06-2025
15802,TERM_2,8100,0,0,2024-11-08,1134,Fees Collected for TERM_2 ON 08-11-2024
15802,TERM_3,7700,0,0,2024-12-16,1134,Fees Collected for TERM_3 ON 16-12-2024
15802,TERM_4,7700,0,0,2024-08-10,1134,Fees Collected for TERM_4 ON 10-08-2024
15047,TERM_1,7700,0,0,2025-10-05,1078,Fees Collected for TERM_1 ON 05-10-2025
15047,TERM_2,8100,0,0,2025-06-01,1078,Fees Collected for TERM_2 ON 01-06-2025
15047,TERM_3,7700,0,0,2025-07-10,1078,Fees Collected for TERM_3 ON 10-07-2025
15047,TERM_4,7700,0,0,2025-06-23,1078,Fees Collected for TERM_4 ON 23-06-2025
15262,TERM_1,7700,0,0,2025-11-07,1113,Fees Collected for TERM_1 ON 07-11-2025
15262,TERM_2,8100,0,0,2025-08-29,1113,Fees Collected for TERM_2 ON 29-08-2025
15262,TERM_3,7700,0,0,2025-05-30,1113,Fees Collected for TERM_3 ON 30-05-2025
15262,TERM_4,7700,0,0,2025-04-01,1113,Fees Collected for TERM_4 ON 01-04-2025
15343,TERM_1,7700,0,0,2025-10-03,1079,Fees Collected for TERM_1 ON 03-10-2025
15343,TERM_2,8100,0,0,2025-12-01,1079,Fees Collected for TERM_2 ON 01-12-2025
15343,TERM_3,7700,0,0,2024-12-21,1079,Fees Collected for TERM_3 ON 21-12-2024
15343,TERM_4,7700,0,0,2025-01-16,1079,Fees Collected for TERM_4 ON 16-01-2025
15368,TERM_1,7700,0,0,2025-03-09,1080,Fees Collected for TERM_1 ON 09-03-2025
15368,TERM_2,8100,0,0,2025-03-13,1080,Fees Collected for TERM_2 ON 13-03-2025
15368,TERM_3,7700,0,0,2025-02-20,1080,Fees Collected for TERM_3 ON 20-02-2025
15368,TERM_4,7700,0,0,2025-10-26,1080,Fees Collected for TERM_4 ON 26-10-2025
15039,TERM_1,7700,0,0,2025-03-14,1081,Fees Collected for TERM_1 ON 14-03-2025
15039,TERM_2,8100,0,0,2025-12-27,1081,Fees Collected for TERM_2 ON 27-12-2025
15039,TERM_3,7700,0,0,2025-11-17,1081,Fees Collected for TERM_3 ON 17-11-2025
15039,TERM_4,7700,0,0,2025-01-13,1081,Fees Collected for TERM_4 ON 13-01-2025
16886,TERM_1,7700,0,0,2025-05-15,1082,Fees Collected for TERM_1 ON 15-05-2025
16886,TERM_2,8100,0,0,2025-11-06,1082,Fees Collected for TERM_2 ON 06-11-2025
16886,TERM_3,7700,0,0,2025-06-05,1082,Fees Collected for TERM_3 ON 05-06-2025
16886,TERM_4,4700,3000,0,2025-02-21,1082,Fees Collected for TERM_4 ON 21-02-2025
17124,TERM_1,7700,0,0,2024-09-22,906,Fees Collected for TERM_1 ON 22-09-2024
17124,TERM_2,8100,0,0,2025-04-08,906,Fees Collected for TERM_2 ON 08-04-2025
17124,TERM_3,7700,0,0,2024-09-20,906,Fees Collected for TERM_3 ON 20-09-2024
17124,TERM_4,7700,0,0,2024-07-06,906,Fees Collected for TERM_4 ON 06-07-2024
15398,TERM_1,7700,0,0,2024-07-30,1181,Fees Collected for TERM_1 ON 30-07-2024
15398,TERM_2,8100,0,0,2025-05-27,1181,Fees Collected for TERM_2 ON 27-05-2025
15398,TERM_3,7700,0,0,2024-09-15,1181,Fees Collected for TERM_3 ON 15-09-2024
15398,TERM_4,7700,0,0,2024-09-20,1181,Fees Collected for TERM_4 ON 20-09-2024
15393,TERM_1,7700,0,0,2025-01-20,1083,Fees Collected for TERM_1 ON 20-01-2025
15393,TERM_2,8100,0,0,2025-06-28,1083,Fees Collected for TERM_2 ON 28-06-2025
15393,TERM_3,7700,0,0,2025-12-06,1083,Fees Collected for TERM_3 ON 06-12-2025
15393,TERM_4,7700,0,0,2025-03-10,1083,Fees Collected for TERM_4 ON 10-03-2025
15392,TERM_1,7700,0,0,2024-12-21,1084,Fees Collected for TERM_1 ON 21-12-2024
15392,TERM_2,8100,0,0,2025-08-10,1084,Fees Collected for TERM_2 ON 10-08-2025
15392,TERM_3,7700,0,0,2024-07-25,1084,Fees Collected for TERM_3 ON 25-07-2024
15392,TERM_4,7700,0,0,2024-12-04,1084,Fees Collected for TERM_4 ON 04-12-2024
17107,TERM_1,7700,0,0,2025-05-31,972,Fees Collected for TERM_1 ON 31-05-2025
17107,TERM_2,8100,0,0,2025-01-22,972,Fees Collected for TERM_2 ON 22-01-2025
17107,TERM_3,7700,0,0,2025-08-04,972,Fees Collected for TERM_3 ON 04-08-2025
17107,TERM_4,7700,0,0,2024-07-21,972,Fees Collected for TERM_4 ON 21-07-2024
16782,TERM_1,7700,0,0,2025-11-21,1085,Fees Collected for TERM_1 ON 21-11-2025
16782,TERM_2,8100,0,0,2024-12-19,1085,Fees Collected for TERM_2 ON 19-12-2024
16782,TERM_3,7700,0,0,2024-08-08,1085,Fees Collected for TERM_3 ON 08-08-2024
16782,TERM_4,3700,4000,0,2025-02-11,1085,Fees Collected for TERM_4 ON 11-02-2025
16076,TERM_1,7700,0,0,2025-04-08,1114,Fees Collected for TERM_1 ON 08-04-2025
16076,TERM_2,8100,0,0,2024-07-27,1114,Fees Collected for TERM_2 ON 27-07-2024
16076,TERM_3,7700,0,0,2025-11-20,1114,Fees Collected for TERM_3 ON 20-11-2025
16076,TERM_4,3700,4000,0,2025-05-07,1114,Fees Collected for TERM_4 ON 07-05-2025
15240,TERM_1,7700,0,0,2025-03-04,1182,Fees Collected for TERM_1 ON 04-03-2025
15240,TERM_2,8100,0,0,2024-06-21,1182,Fees Collected for TERM_2 ON 21-06-2024
15240,TERM_3,7700,0,0,2025-11-26,1182,Fees Collected for TERM_3 ON 26-11-2025
15240,TERM_4,7700,0,0,2024-10-23,1182,Fees Collected for TERM_4 ON 23-10-2024
15197,TERM_1,7700,0,0,2024-06-18,1086,Fees Collected for TERM_1 ON 18-06-2024
15197,TERM_2,8100,0,0,2025-09-28,1086,Fees Collected for TERM_2 ON 28-09-2025
15197,TERM_3,7700,0,0,2024-06-16,1086,Fees Collected for TERM_3 ON 16-06-2024
15197,TERM_4,7700,0,0,2024-09-28,1086,Fees Collected for TERM_4 ON 28-09-2024
16417,TERM_1,7700,0,0,2025-06-19,1088,Fees Collected for TERM_1 ON 19-06-2025
16417,TERM_2,8100,0,0,2025-12-13,1088,Fees Collected for TERM_2 ON 13-12-2025
16417,TERM_3,7700,0,0,2024-07-02,1088,Fees Collected for TERM_3 ON 02-07-2024
16417,TERM_4,7700,0,0,2025-01-11,1088,Fees Collected for TERM_4 ON 11-01-2025
15209,TERM_1,7700,0,0,2024-12-04,1087,Fees Collected for TERM_1 ON 04-12-2024
15209,TERM_2,8100,0,0,2025-05-15,1087,Fees Collected for TERM_2 ON 15-05-2025
15209,TERM_3,7700,0,0,2025-03-30,1087,Fees Collected for TERM_3 ON 30-03-2025
15209,TERM_4,7700,0,0,2025-10-11,1087,Fees Collected for TERM_4 ON 11-10-2025
15405,TERM_1,7700,0,0,2025-09-13,1115,Fees Collected for TERM_1 ON 13-09-2025
15405,TERM_2,8100,0,0,2024-10-05,1115,Fees Collected for TERM_2 ON 05-10-2024
15405,TERM_3,7700,0,0,2024-09-02,1115,Fees Collected for TERM_3 ON 02-09-2024
15405,TERM_4,7700,0,0,2024-08-21,1115,Fees Collected for TERM_4 ON 21-08-2024
15869,TERM_1,7700,0,0,2025-03-28,1089,Fees Collected for TERM_1 ON 28-03-2025
15869,TERM_2,8100,0,0,2024-08-25,1089,Fees Collected for TERM_2 ON 25-08-2024
15869,TERM_3,7700,0,0,2025-01-19,1089,Fees Collected for TERM_3 ON 19-01-2025
15869,TERM_4,0,7700,0,2025-11-28,1089,Fees Collected for TERM_4 ON 28-11-2025
14895,TERM_1,7700,0,0,2024-09-15,1090,Fees Collected for TERM_1 ON 15-09-2024
14895,TERM_2,8100,0,0,2025-02-19,1090,Fees Collected for TERM_2 ON 19-02-2025
14895,TERM_3,7700,0,0,2024-11-17,1090,Fees Collected for TERM_3 ON 17-11-2024
14895,TERM_4,7700,0,0,2025-06-11,1090,Fees Collected for TERM_4 ON 11-06-2025
15578,TERM_1,7700,0,0,2025-11-02,1184,Fees Collected for TERM_1 ON 02-11-2025
15578,TERM_2,8100,0,0,2025-04-14,1184,Fees Collected for TERM_2 ON 14-04-2025
15578,TERM_3,7700,0,0,2024-09-02,1184,Fees Collected for TERM_3 ON 02-09-2024
15578,TERM_4,7700,0,0,2025-12-27,1184,Fees Collected for TERM_4 ON 27-12-2025
16862,TERM_1,7700,0,0,2025-08-31,1116,Fees Collected for TERM_1 ON 31-08-2025
16862,TERM_2,8100,0,0,2025-01-18,1116,Fees Collected for TERM_2 ON 18-01-2025
16862,TERM_3,7700,0,0,2025-06-14,1116,Fees Collected for TERM_3 ON 14-06-2025
16862,TERM_4,7700,0,0,2024-09-12,1116,Fees Collected for TERM_4 ON 12-09-2024
15483,TERM_1,7700,0,0,2024-07-26,1091,Fees Collected for TERM_1 ON 26-07-2024
15483,TERM_2,8100,0,0,2025-11-04,1091,Fees Collected for TERM_2 ON 04-11-2025
15483,TERM_3,7700,0,0,2025-10-06,1091,Fees Collected for TERM_3 ON 06-10-2025
15483,TERM_4,7700,0,0,2024-07-27,1091,Fees Collected for TERM_4 ON 27-07-2024
15464,TERM_1,7700,0,0,2025-11-02,1117,Fees Collected for TERM_1 ON 02-11-2025
15464,TERM_2,8100,0,0,2024-06-13,1117,Fees Collected for TERM_2 ON 13-06-2024
15464,TERM_3,7700,0,0,2025-07-25,1117,Fees Collected for TERM_3 ON 25-07-2025
15464,TERM_4,7700,0,0,2024-12-11,1117,Fees Collected for TERM_4 ON 11-12-2024
15594,TERM_1,7700,0,0,2025-10-17,1126,Fees Collected for TERM_1 ON 17-10-2025
15594,TERM_2,8100,0,0,2024-07-08,1126,Fees Collected for TERM_2 ON 08-07-2024
15594,TERM_3,7700,0,0,2024-07-26,1126,Fees Collected for TERM_3 ON 26-07-2024
15594,TERM_4,7700,0,0,2024-08-29,1126,Fees Collected for TERM_4 ON 29-08-2024
16726,TERM_1,7700,0,0,2025-11-27,1092,Fees Collected for TERM_1 ON 27-11-2025
16726,TERM_2,8100,0,0,2024-07-16,1092,Fees Collected for TERM_2 ON 16-07-2024
16726,TERM_3,7700,0,0,2025-05-05,1092,Fees Collected for TERM_3 ON 05-05-2025
16726,TERM_4,7700,0,0,2025-03-16,1092,Fees Collected for TERM_4 ON 16-03-2025
16234,TERM_1,7700,0,0,2025-01-05,1183,Fees Collected for TERM_1 ON 05-01-2025
16234,TERM_2,8100,0,0,2025-07-05,1183,Fees Collected for TERM_2 ON 05-07-2025
16234,TERM_3,7700,0,0,2024-07-12,1183,Fees Collected for TERM_3 ON 12-07-2024
16234,TERM_4,7700,0,0,2024-09-26,1183,Fees Collected for TERM_4 ON 26-09-2024
16215,TERM_1,7700,0,0,2025-07-29,1093,Fees Collected for TERM_1 ON 29-07-2025
16215,TERM_2,8100,0,0,2024-11-10,1093,Fees Collected for TERM_2 ON 10-11-2024
16215,TERM_3,7700,0,0,2024-08-15,1093,Fees Collected for TERM_3 ON 15-08-2024
16215,TERM_4,7700,0,0,2025-10-07,1093,Fees Collected for TERM_4 ON 07-10-2025
16313,TERM_1,7700,0,0,2025-05-15,1094,Fees Collected for TERM_1 ON 15-05-2025
16313,TERM_2,8100,0,0,2025-01-29,1094,Fees Collected for TERM_2 ON 29-01-2025
16313,TERM_3,7700,0,0,2025-09-16,1094,Fees Collected for TERM_3 ON 16-09-2025
16313,TERM_4,7700,0,0,2025-01-02,1094,Fees Collected for TERM_4 ON 02-01-2025
16615,TERM_1,7700,0,0,2025-01-13,1095,Fees Collected for TERM_1 ON 13-01-2025
16615,TERM_2,8100,0,0,2025-03-27,1095,Fees Collected for TERM_2 ON 27-03-2025
16615,TERM_3,7700,0,0,2025-09-06,1095,Fees Collected for TERM_3 ON 06-09-2025
16615,TERM_4,7700,0,0,2025-03-17,1095,Fees Collected for TERM_4 ON 17-03-2025
15078,TERM_1,7700,0,0,2025-08-10,1096,Fees Collected for TERM_1 ON 10-08-2025
15078,TERM_2,8100,0,0,2024-09-18,1096,Fees Collected for TERM_2 ON 18-09-2024
15078,TERM_3,7700,0,0,2024-08-30,1096,Fees Collected for TERM_3 ON 30-08-2024
15078,TERM_4,7700,0,0,2024-08-18,1096,Fees Collected for TERM_4 ON 18-08-2024
15185,TERM_1,7700,0,0,2024-07-13,1127,Fees Collected for TERM_1 ON 13-07-2024
15185,TERM_2,8100,0,0,2024-08-26,1127,Fees Collected for TERM_2 ON 26-08-2024
15185,TERM_3,7700,0,0,2024-07-18,1127,Fees Collected for TERM_3 ON 18-07-2024
15185,TERM_4,3700,4000,0,2025-10-02,1127,Fees Collected for TERM_4 ON 02-10-2025
14969,TERM_1,7700,0,0,2025-11-23,1133,Fees Collected for TERM_1 ON 23-11-2025
14969,TERM_2,8100,0,0,2025-01-11,1133,Fees Collected for TERM_2 ON 11-01-2025
14969,TERM_3,7700,0,0,2025-01-09,1133,Fees Collected for TERM_3 ON 09-01-2025
14969,TERM_4,7700,0,0,2024-08-26,1133,Fees Collected for TERM_4 ON 26-08-2024
15224,TERM_1,7700,0,0,2025-05-10,1097,Fees Collected for TERM_1 ON 10-05-2025
15224,TERM_2,8100,0,0,2024-12-12,1097,Fees Collected for TERM_2 ON 12-12-2024
15224,TERM_3,7700,0,0,2025-03-04,1097,Fees Collected for TERM_3 ON 04-03-2025
15224,TERM_4,7700,0,0,2024-10-10,1097,Fees Collected for TERM_4 ON 10-10-2024
15298,TERM_1,7700,0,0,2025-09-20,1058,Fees Collected for TERM_1 ON 20-09-2025
15298,TERM_2,8100,0,0,2025-06-11,1058,Fees Collected for TERM_2 ON 11-06-2025
15298,TERM_3,7700,0,0,2025-06-02,1058,Fees Collected for TERM_3 ON 02-06-2025
15298,TERM_4,7700,0,0,2025-06-06,1058,Fees Collected for TERM_4 ON 06-06-2025
16761,TERM_1,7700,0,0,2025-04-02,1098,Fees Collected for TERM_1 ON 02-04-2025
16761,TERM_2,8100,0,0,2025-11-24,1098,Fees Collected for TERM_2 ON 24-11-2025
16761,TERM_3,7700,0,0,2024-11-16,1098,Fees Collected for TERM_3 ON 16-11-2024
16761,TERM_4,7700,0,0,2024-10-16,1098,Fees Collected for TERM_4 ON 16-10-2024
15404,TERM_1,7700,0,0,2025-07-28,1099,Fees Collected for TERM_1 ON 28-07-2025
15404,TERM_2,8100,0,0,2025-10-09,1099,Fees Collected for TERM_2 ON 09-10-2025
15404,TERM_3,7700,0,0,2025-10-18,1099,Fees Collected for TERM_3 ON 18-10-2025
15404,TERM_4,7700,0,0,2024-11-21,1099,Fees Collected for TERM_4 ON 21-11-2024
15795,TERM_1,7700,0,0,2024-10-07,0,Fees Collected for TERM_1 ON 07-10-2024
15795,TERM_2,8100,0,0,2025-01-25,0,Fees Collected for TERM_2 ON 25-01-2025
15795,TERM_3,7700,0,0,2024-07-22,0,Fees Collected for TERM_3 ON 22-07-2024
15795,TERM_4,7700,0,0,2025-01-28,0,Fees Collected for TERM_4 ON 28-01-2025
15379,TERM_1,7700,0,0,2025-12-11,1100,Fees Collected for TERM_1 ON 11-12-2025
15379,TERM_2,8100,0,0,2024-08-13,1100,Fees Collected for TERM_2 ON 13-08-2024
15379,TERM_3,7700,0,0,2025-10-14,1100,Fees Collected for TERM_3 ON 14-10-2025
15379,TERM_4,7700,0,0,2025-09-14,1100,Fees Collected for TERM_4 ON 14-09-2025
15919,TERM_1,7700,0,0,2025-11-13,1051,Fees Collected for TERM_1 ON 13-11-2025
15919,TERM_2,8100,0,0,2025-03-11,1051,Fees Collected for TERM_2 ON 11-03-2025
15919,TERM_3,7700,0,0,2025-03-24,1051,Fees Collected for TERM_3 ON 24-03-2025
15919,TERM_4,7700,0,0,2024-11-29,1051,Fees Collected for TERM_4 ON 29-11-2024
16416,TERM_1,7700,0,0,2025-04-14,1145,Fees Collected for TERM_1 ON 14-04-2025
16416,TERM_2,8100,0,0,2025-05-14,1145,Fees Collected for TERM_2 ON 14-05-2025
16416,TERM_3,7700,0,0,2024-06-23,1145,Fees Collected for TERM_3 ON 23-06-2024
16416,TERM_4,7200,500,0,2025-12-23,1145,Fees Collected for TERM_4 ON 23-12-2025
15357,TERM_1,7700,0,0,2024-09-25,1108,Fees Collected for TERM_1 ON 25-09-2024
15357,TERM_2,8100,0,0,2024-07-23,1108,Fees Collected for TERM_2 ON 23-07-2024
15357,TERM_3,7700,0,0,2025-01-24,1108,Fees Collected for TERM_3 ON 24-01-2025
15357,TERM_4,7700,0,0,2025-07-27,1108,Fees Collected for TERM_4 ON 27-07-2025
17117,TERM_1,7700,0,0,2025-02-20,1141,Fees Collected for TERM_1 ON 20-02-2025
17117,TERM_2,8100,0,0,2025-06-02,1141,Fees Collected for TERM_2 ON 02-06-2025
17117,TERM_3,7700,0,0,2025-05-17,1141,Fees Collected for TERM_3 ON 17-05-2025
17117,TERM_4,7700,0,0,2025-07-20,1141,Fees Collected for TERM_4 ON 20-07-2025
16752,TERM_1,7700,0,0,2025-08-06,1146,Fees Collected for TERM_1 ON 06-08-2025
16752,TERM_2,8100,0,0,2024-12-18,1146,Fees Collected for TERM_2 ON 18-12-2024
16752,TERM_3,7700,0,0,2025-07-14,1146,Fees Collected for TERM_3 ON 14-07-2025
16752,TERM_4,7700,0,0,2024-09-27,1146,Fees Collected for TERM_4 ON 27-09-2024
15229,TERM_1,7700,0,0,2024-10-19,903,Fees Collected for TERM_1 ON 19-10-2024
15229,TERM_2,8100,0,0,2024-11-14,903,Fees Collected for TERM_2 ON 14-11-2024
15229,TERM_3,7700,0,0,2025-10-28,903,Fees Collected for TERM_3 ON 28-10-2025
15229,TERM_4,7700,0,0,2024-10-19,903,Fees Collected for TERM_4 ON 19-10-2024
15708,TERM_1,7700,0,0,2025-10-09,1147,Fees Collected for TERM_1 ON 09-10-2025
15708,TERM_2,8100,0,0,2025-08-09,1147,Fees Collected for TERM_2 ON 09-08-2025
15708,TERM_3,7700,0,0,2024-07-10,1147,Fees Collected for TERM_3 ON 10-07-2024
15708,TERM_4,7700,0,0,2025-03-26,1147,Fees Collected for TERM_4 ON 26-03-2025
16239,TERM_1,7700,0,0,2025-04-06,1112,Fees Collected for TERM_1 ON 06-04-2025
16239,TERM_2,8100,0,0,2024-12-11,1112,Fees Collected for TERM_2 ON 11-12-2024
16239,TERM_3,7700,0,0,2024-09-09,1112,Fees Collected for TERM_3 ON 09-09-2024
16239,TERM_4,7700,0,0,2025-09-01,1112,Fees Collected for TERM_4 ON 01-09-2025
17045,TERM_1,7700,0,0,2025-11-03,942,Fees Collected for TERM_1 ON 03-11-2025
17045,TERM_2,8100,0,0,2025-12-25,942,Fees Collected for TERM_2 ON 25-12-2025
17045,TERM_3,0,0,0,2025-11-27,942,Fees Collected for TERM_3 ON 27-11-2025
17045,TERM_4,0,0,0,2024-08-21,942,Fees Collected for TERM_4 ON 21-08-2024
16231,TERM_1,7700,0,0,2025-08-12,1105,Fees Collected for TERM_1 ON 12-08-2025
16231,TERM_2,8100,0,0,2025-04-24,1105,Fees Collected for TERM_2 ON 24-04-2025
16231,TERM_3,7700,0,0,2025-05-23,1105,Fees Collected for TERM_3 ON 23-05-2025
16231,TERM_4,7700,0,0,2024-11-16,1105,Fees Collected for TERM_4 ON 16-11-2024
15901,TERM_1,7700,0,0,2025-02-02,1148,Fees Collected for TERM_1 ON 02-02-2025
15901,TERM_2,8100,0,0,2025-06-30,1148,Fees Collected for TERM_2 ON 30-06-2025
15901,TERM_3,7700,0,0,2025-09-27,1148,Fees Collected for TERM_3 ON 27-09-2025
15901,TERM_4,7700,0,0,2025-07-28,1148,Fees Collected for TERM_4 ON 28-07-2025
15327,TERM_1,7700,0,0,2024-09-02,1149,Fees Collected for TERM_1 ON 02-09-2024
15327,TERM_2,8100,0,0,2025-05-05,1149,Fees Collected for TERM_2 ON 05-05-2025
15327,TERM_3,7700,0,0,2025-07-08,1149,Fees Collected for TERM_3 ON 08-07-2025
15327,TERM_4,7700,0,0,2025-04-29,1149,Fees Collected for TERM_4 ON 29-04-2025
15155,TERM_1,7700,0,0,2024-08-01,1150,Fees Collected for TERM_1 ON 01-08-2024
15155,TERM_2,8100,0,0,2024-12-19,1150,Fees Collected for TERM_2 ON 19-12-2024
15155,TERM_3,7700,0,0,2025-04-04,1150,Fees Collected for TERM_3 ON 04-04-2025
15155,TERM_4,0,7700,0,2024-08-28,1150,Fees Collected for TERM_4 ON 28-08-2024
17081,TERM_1,7700,0,0,2025-09-17,1101,Fees Collected for TERM_1 ON 17-09-2025
17081,TERM_2,8100,0,0,2025-05-12,1101,Fees Collected for TERM_2 ON 12-05-2025
17081,TERM_3,7700,0,0,2024-12-17,1101,Fees Collected for TERM_3 ON 17-12-2024
17081,TERM_4,7700,0,0,2025-07-10,1101,Fees Collected for TERM_4 ON 10-07-2025
16621,TERM_1,7700,0,0,2024-12-06,905,Fees Collected for TERM_1 ON 06-12-2024
16621,TERM_2,8100,0,0,2024-10-23,905,Fees Collected for TERM_2 ON 23-10-2024
16621,TERM_3,7700,0,0,2025-08-01,905,Fees Collected for TERM_3 ON 01-08-2025
16621,TERM_4,7700,0,0,2025-04-19,905,Fees Collected for TERM_4 ON 19-04-2025
14976,TERM_1,7700,0,0,2025-05-20,1151,Fees Collected for TERM_1 ON 20-05-2025
14976,TERM_2,8100,0,0,2025-12-04,1151,Fees Collected for TERM_2 ON 04-12-2025
14976,TERM_3,7700,0,0,2024-07-19,1151,Fees Collected for TERM_3 ON 19-07-2024
14976,TERM_4,7700,0,0,2024-07-21,1151,Fees Collected for TERM_4 ON 21-07-2024
16564,TERM_1,7700,0,0,2024-12-14,1152,Fees Collected for TERM_1 ON 14-12-2024
16564,TERM_2,8100,0,0,2025-10-22,1152,Fees Collected for TERM_2 ON 22-10-2025
16564,TERM_3,7700,0,0,2025-09-10,1152,Fees Collected for TERM_3 ON 10-09-2025
16564,TERM_4,0,7700,0,2025-06-04,1152,Fees Collected for TERM_4 ON 04-06-2025
16041,TERM_1,7700,0,0,2025-08-14,1153,Fees Collected for TERM_1 ON 14-08-2025
16041,TERM_2,8100,0,0,2025-02-02,1153,Fees Collected for TERM_2 ON 02-02-2025
16041,TERM_3,7700,0,0,2024-08-09,1153,Fees Collected for TERM_3 ON 09-08-2024
16041,TERM_4,7700,0,0,2024-12-04,1153,Fees Collected for TERM_4 ON 04-12-2024
16221,TERM_1,7700,0,0,2024-07-15,949,Fees Collected for TERM_1 ON 15-07-2024
16221,TERM_2,8100,0,0,2024-11-22,949,Fees Collected for TERM_2 ON 22-11-2024
16221,TERM_3,7700,0,0,2025-08-15,949,Fees Collected for TERM_3 ON 15-08-2025
16221,TERM_4,7700,0,0,2024-07-03,949,Fees Collected for TERM_4 ON 03-07-2024
15335,TERM_1,7700,0,0,2025-09-16,950,Fees Collected for TERM_1 ON 16-09-2025
15335,TERM_2,8100,0,0,2024-11-05,950,Fees Collected for TERM_2 ON 05-11-2024
15335,TERM_3,7700,0,0,2025-09-02,950,Fees Collected for TERM_3 ON 02-09-2025
15335,TERM_4,7700,0,0,2025-03-08,950,Fees Collected for TERM_4 ON 08-03-2025
15416,TERM_1,7700,0,0,2024-09-13,1154,Fees Collected for TERM_1 ON 13-09-2024
15416,TERM_2,8100,0,0,2025-01-18,1154,Fees Collected for TERM_2 ON 18-01-2025
15416,TERM_3,7700,0,0,2024-11-18,1154,Fees Collected for TERM_3 ON 18-11-2024
15416,TERM_4,7700,0,0,2024-12-15,1154,Fees Collected for TERM_4 ON 15-12-2024
15559,TERM_1,7700,0,0,2024-10-23,873,Fees Collected for TERM_1 ON 23-10-2024
15559,TERM_2,8100,0,0,2025-10-06,873,Fees Collected for TERM_2 ON 06-10-2025
15559,TERM_3,7700,0,0,2024-07-06,873,Fees Collected for TERM_3 ON 06-07-2024
15559,TERM_4,7700,0,0,2025-07-17,873,Fees Collected for TERM_4 ON 17-07-2025
15208,TERM_1,7700,0,0,2025-11-22,1155,Fees Collected for TERM_1 ON 22-11-2025
15208,TERM_2,8100,0,0,2024-09-04,1155,Fees Collected for TERM_2 ON 04-09-2024
15208,TERM_3,7700,0,0,2024-12-12,1155,Fees Collected for TERM_3 ON 12-12-2024
15208,TERM_4,7700,0,0,2025-02-20,1155,Fees Collected for TERM_4 ON 20-02-2025
15595,TERM_1,7700,0,0,2025-04-21,1156,Fees Collected for TERM_1 ON 21-04-2025
15595,TERM_2,8100,0,0,2024-12-13,1156,Fees Collected for TERM_2 ON 13-12-2024
15595,TERM_3,7700,0,0,2025-05-23,1156,Fees Collected for TERM_3 ON 23-05-2025
15595,TERM_4,7700,0,0,2025-05-10,1156,Fees Collected for TERM_4 ON 10-05-2025
16745,TERM_1,7700,0,0,2024-06-22,1157,Fees Collected for TERM_1 ON 22-06-2024
16745,TERM_2,8100,0,0,2024-11-10,1157,Fees Collected for TERM_2 ON 10-11-2024
16745,TERM_3,7700,0,0,2025-01-03,1157,Fees Collected for TERM_3 ON 03-01-2025
16745,TERM_4,7700,0,0,2024-07-31,1157,Fees Collected for TERM_4 ON 31-07-2024
15195,TERM_1,7700,0,0,2024-10-08,909,Fees Collected for TERM_1 ON 08-10-2024
15195,TERM_2,8100,0,0,2024-12-03,909,Fees Collected for TERM_2 ON 03-12-2024
15195,TERM_3,7700,0,0,2025-01-27,909,Fees Collected for TERM_3 ON 27-01-2025
15195,TERM_4,7700,0,0,2025-08-05,909,Fees Collected for TERM_4 ON 05-08-2025
15351,TERM_1,7700,0,0,2024-08-20,1158,Fees Collected for TERM_1 ON 20-08-2024
15351,TERM_2,8100,0,0,2025-04-19,1158,Fees Collected for TERM_2 ON 19-04-2025
15351,TERM_3,0,0,0,2025-05-02,1158,Fees Collected for TERM_3 ON 02-05-2025
15351,TERM_4,0,0,0,2025-07-20,1158,Fees Collected for TERM_4 ON 20-07-2025
15201,TERM_1,7700,0,0,2024-11-11,1159,Fees Collected for TERM_1 ON 11-11-2024
15201,TERM_2,8100,0,0,2024-06-14,1159,Fees Collected for TERM_2 ON 14-06-2024
15201,TERM_3,7700,0,0,2024-08-25,1159,Fees Collected for TERM_3 ON 25-08-2024
15201,TERM_4,7700,0,0,2025-03-13,1159,Fees Collected for TERM_4 ON 13-03-2025
16182,TERM_1,7700,0,0,2024-10-02,1109,Fees Collected for TERM_1 ON 02-10-2024
16182,TERM_2,8100,0,0,2024-11-20,1109,Fees Collected for TERM_2 ON 20-11-2024
16182,TERM_3,7700,0,0,2025-01-15,1109,Fees Collected for TERM_3 ON 15-01-2025
16182,TERM_4,7700,0,0,2024-08-06,1109,Fees Collected for TERM_4 ON 06-08-2024
15713,TERM_1,7700,0,0,2025-07-11,1187,Fees Collected for TERM_1 ON 11-07-2025
15713,TERM_2,8100,0,0,2024-06-30,1187,Fees Collected for TERM_2 ON 30-06-2024
15713,TERM_3,7700,0,0,2025-12-08,1187,Fees Collected for TERM_3 ON 08-12-2025
15713,TERM_4,7700,0,0,2025-03-31,1187,Fees Collected for TERM_4 ON 31-03-2025
16203,TERM_1,7700,0,0,2025-07-26,1110,Fees Collected for TERM_1 ON 26-07-2025
16203,TERM_2,8100,0,0,2024-10-25,1110,Fees Collected for TERM_2 ON 25-10-2024
16203,TERM_3,7700,0,0,2024-10-06,1110,Fees Collected for TERM_3 ON 06-10-2024
16203,TERM_4,7700,0,0,2025-03-23,1110,Fees Collected for TERM_4 ON 23-03-2025
16155,TERM_1,7700,0,0,2025-11-15,1160,Fees Collected for TERM_1 ON 15-11-2025
16155,TERM_2,8100,0,0,2025-09-05,1160,Fees Collected for TERM_2 ON 05-09-2025
16155,TERM_3,7700,0,0,2024-08-02,1160,Fees Collected for TERM_3 ON 02-08-2024
16155,TERM_4,7700,0,0,2025-12-18,1160,Fees Collected for TERM_4 ON 18-12-2025
17035,TERM_1,7700,0,0,2024-07-31,943,Fees Collected for TERM_1 ON 31-07-2024
17035,TERM_2,8100,0,0,2024-08-18,943,Fees Collected for TERM_2 ON 18-08-2024
17035,TERM_3,7700,0,0,2024-12-16,943,Fees Collected for TERM_3 ON 16-12-2024
17035,TERM_4,7700,0,0,2025-12-21,943,Fees Collected for TERM_4 ON 21-12-2025
15302,TERM_1,7700,0,0,2025-09-17,1161,Fees Collected for TERM_1 ON 17-09-2025
15302,TERM_2,8100,0,0,2024-12-04,1161,Fees Collected for TERM_2 ON 04-12-2024
15302,TERM_3,7700,0,0,2024-11-02,1161,Fees Collected for TERM_3 ON 02-11-2024
15302,TERM_4,7700,0,0,2025-01-28,1161,Fees Collected for TERM_4 ON 28-01-2025
16895,TERM_1,7700,0,0,2024-10-15,913,Fees Collected for TERM_1 ON 15-10-2024
16895,TERM_2,8100,0,0,2025-05-11,913,Fees Collected for TERM_2 ON 11-05-2025
16895,TERM_3,7700,0,0,2024-10-22,913,Fees Collected for TERM_3 ON 22-10-2024
16895,TERM_4,7700,0,0,2025-02-12,913,Fees Collected for TERM_4 ON 12-02-2025
15225,TERM_1,7700,0,0,2025-01-06,922,Fees Collected for TERM_1 ON 06-01-2025
15225,TERM_2,8100,0,0,2025-08-02,922,Fees Collected for TERM_2 ON 02-08-2025
15225,TERM_3,7700,0,0,2025-07-13,922,Fees Collected for TERM_3 ON 13-07-2025
15225,TERM_4,7700,0,0,2024-12-08,922,Fees Collected for TERM_4 ON 08-12-2024
16872,TERM_1,7700,0,0,2025-12-09,1111,Fees Collected for TERM_1 ON 09-12-2025
16872,TERM_2,8100,0,0,2024-10-04,1111,Fees Collected for TERM_2 ON 04-10-2024
16872,TERM_3,7700,0,0,2025-09-08,1111,Fees Collected for TERM_3 ON 08-09-2025
16872,TERM_4,7700,0,0,2024-11-04,1111,Fees Collected for TERM_4 ON 04-11-2024
15324,TERM_1,7700,0,0,2025-05-30,500,Fees Collected for TERM_1 ON 30-05-2025
15324,TERM_2,8100,0,0,2024-08-11,500,Fees Collected for TERM_2 ON 11-08-2024
15324,TERM_3,7700,0,0,2024-09-03,500,Fees Collected for TERM_3 ON 03-09-2024
15324,TERM_4,7200,500,0,2025-04-23,500,Fees Collected for TERM_4 ON 23-04-2025
15310,TERM_1,7700,0,0,2025-09-16,947,Fees Collected for TERM_1 ON 16-09-2025
15310,TERM_2,8100,0,0,2025-09-17,947,Fees Collected for TERM_2 ON 17-09-2025
15310,TERM_3,7700,0,0,2024-10-30,947,Fees Collected for TERM_3 ON 30-10-2024
15310,TERM_4,7700,0,0,2025-11-09,947,Fees Collected for TERM_4 ON 09-11-2025
16894,TERM_1,7700,0,0,2025-08-08,1185,Fees Collected for TERM_1 ON 08-08-2025
16894,TERM_2,8100,0,0,2025-11-13,1185,Fees Collected for TERM_2 ON 13-11-2025
16894,TERM_3,7700,0,0,2025-05-23,1185,Fees Collected for TERM_3 ON 23-05-2025
16894,TERM_4,7700,0,0,2025-05-18,1185,Fees Collected for TERM_4 ON 18-05-2025
17134,TERM_1,7700,0,0,2024-06-23,0,Fees Collected for TERM_1 ON 23-06-2024
17134,TERM_2,8100,0,0,2025-01-24,0,Fees Collected for TERM_2 ON 24-01-2025
17134,TERM_3,7700,0,0,2025-07-02,0,Fees Collected for TERM_3 ON 02-07-2025
17134,TERM_4,7700,0,0,2025-06-08,0,Fees Collected for TERM_4 ON 08-06-2025
17149,TERM_1,7700,0,0,2024-10-07,872,Fees Collected for TERM_1 ON 07-10-2024
17149,TERM_2,8100,0,0,2025-06-05,872,Fees Collected for TERM_2 ON 05-06-2025
17149,TERM_3,7700,0,0,2024-12-03,872,Fees Collected for TERM_3 ON 03-12-2024
17149,TERM_4,7700,0,0,2025-01-24,872,Fees Collected for TERM_4 ON 24-01-2025
16870,TERM_1,7975,0,0,2024-10-05,1286,Fees Collected for TERM_1 ON 05-10-2024
16870,TERM_2,8375,0,0,2024-10-26,1286,Fees Collected for TERM_2 ON 26-10-2024
16870,TERM_3,7975,0,0,2025-06-09,1286,Fees Collected for TERM_3 ON 09-06-2025
16870,TERM_4,7975,0,0,2024-08-07,1286,Fees Collected for TERM_4 ON 07-08-2024
14908,TERM_1,7975,0,0,2025-02-20,1280,Fees Collected for TERM_1 ON 20-02-2025
14908,TERM_2,8375,0,0,2024-10-24,1280,Fees Collected for TERM_2 ON 24-10-2024
14908,TERM_3,7975,0,0,2025-11-20,1280,Fees Collected for TERM_3 ON 20-11-2025
14908,TERM_4,7975,0,0,2025-04-02,1280,Fees Collected for TERM_4 ON 02-04-2025
16461,TERM_1,7975,0,0,2025-12-19,1260,Fees Collected for TERM_1 ON 19-12-2025
16461,TERM_2,8375,0,0,2025-12-26,1260,Fees Collected for TERM_2 ON 26-12-2025
16461,TERM_3,7975,0,0,2024-07-03,1260,Fees Collected for TERM_3 ON 03-07-2024
16461,TERM_4,7975,0,0,2025-09-07,1260,Fees Collected for TERM_4 ON 07-09-2025
14855,TERM_1,7975,0,0,2025-05-20,1261,Fees Collected for TERM_1 ON 20-05-2025
14855,TERM_2,8375,0,0,2025-01-13,1261,Fees Collected for TERM_2 ON 13-01-2025
14855,TERM_3,7975,0,0,2025-12-07,1261,Fees Collected for TERM_3 ON 07-12-2025
14855,TERM_4,7975,0,0,2025-06-23,1261,Fees Collected for TERM_4 ON 23-06-2025
16042,TERM_1,7975,0,0,2024-10-24,1277,Fees Collected for TERM_1 ON 24-10-2024
16042,TERM_2,8375,0,0,2024-08-14,1277,Fees Collected for TERM_2 ON 14-08-2024
16042,TERM_3,7975,0,0,2024-11-30,1277,Fees Collected for TERM_3 ON 30-11-2024
16042,TERM_4,7975,0,0,2025-03-22,1277,Fees Collected for TERM_4 ON 22-03-2025
15664,TERM_1,7975,0,0,2024-07-25,1325,Fees Collected for TERM_1 ON 25-07-2024
15664,TERM_2,8375,0,0,2025-09-15,1325,Fees Collected for TERM_2 ON 15-09-2025
15664,TERM_3,7975,0,0,2025-11-02,1325,Fees Collected for TERM_3 ON 02-11-2025
15664,TERM_4,7975,0,0,2025-09-01,1325,Fees Collected for TERM_4 ON 01-09-2025
17061,TERM_1,7975,0,0,2025-12-14,1302,Fees Collected for TERM_1 ON 14-12-2025
17061,TERM_2,8375,0,0,2025-03-17,1302,Fees Collected for TERM_2 ON 17-03-2025
17061,TERM_3,7975,0,0,2025-08-02,1302,Fees Collected for TERM_3 ON 02-08-2025
17061,TERM_4,7975,0,0,2025-12-03,1302,Fees Collected for TERM_4 ON 03-12-2025
14868,TERM_1,7975,0,0,2025-12-24,1265,Fees Collected for TERM_1 ON 24-12-2025
14868,TERM_2,8375,0,0,2024-07-21,1265,Fees Collected for TERM_2 ON 21-07-2024
14868,TERM_3,7975,0,0,2025-04-07,1265,Fees Collected for TERM_3 ON 07-04-2025
14868,TERM_4,4975,3000,0,2025-02-01,1265,Fees Collected for TERM_4 ON 01-02-2025
14869,TERM_1,7975,0,0,2024-06-25,1372,Fees Collected for TERM_1 ON 25-06-2024
14869,TERM_2,8375,0,0,2025-04-01,1372,Fees Collected for TERM_2 ON 01-04-2025
14869,TERM_3,7975,0,0,2024-11-22,1372,Fees Collected for TERM_3 ON 22-11-2024
14869,TERM_4,7975,0,0,2025-07-16,1372,Fees Collected for TERM_4 ON 16-07-2025
15645,TERM_1,7975,0,0,2025-12-11,1274,Fees Collected for TERM_1 ON 11-12-2025
15645,TERM_2,8375,0,0,2025-06-01,1274,Fees Collected for TERM_2 ON 01-06-2025
15645,TERM_3,7975,0,0,2025-05-22,1274,Fees Collected for TERM_3 ON 22-05-2025
15645,TERM_4,7975,0,0,2025-10-14,1274,Fees Collected for TERM_4 ON 14-10-2025
17115,TERM_1,7975,0,0,2025-11-29,1248,Fees Collected for TERM_1 ON 29-11-2025
17115,TERM_2,8375,0,0,2025-08-03,1248,Fees Collected for TERM_2 ON 03-08-2025
17115,TERM_3,7975,0,0,2024-12-01,1248,Fees Collected for TERM_3 ON 01-12-2024
17115,TERM_4,7975,0,0,2025-09-21,1248,Fees Collected for TERM_4 ON 21-09-2025
16455,TERM_1,7975,0,0,2025-06-02,1285,Fees Collected for TERM_1 ON 02-06-2025
16455,TERM_2,8375,0,0,2024-07-13,1285,Fees Collected for TERM_2 ON 13-07-2024
16455,TERM_3,7975,0,0,2025-05-19,1285,Fees Collected for TERM_3 ON 19-05-2025
16455,TERM_4,7975,0,0,2025-04-15,1285,Fees Collected for TERM_4 ON 15-04-2025
14856,TERM_1,7975,0,0,2025-11-04,1281,Fees Collected for TERM_1 ON 04-11-2025
14856,TERM_2,8375,0,0,2025-10-09,1281,Fees Collected for TERM_2 ON 09-10-2025
14856,TERM_3,7975,0,0,2025-12-12,1281,Fees Collected for TERM_3 ON 12-12-2025
14856,TERM_4,7975,0,0,2025-07-26,1281,Fees Collected for TERM_4 ON 26-07-2025
14963,TERM_1,7975,0,0,2025-08-12,1271,Fees Collected for TERM_1 ON 12-08-2025
14963,TERM_2,8375,0,0,2025-09-10,1271,Fees Collected for TERM_2 ON 10-09-2025
14963,TERM_3,7975,0,0,2024-12-27,1271,Fees Collected for TERM_3 ON 27-12-2024
14963,TERM_4,7975,0,0,2025-01-29,1271,Fees Collected for TERM_4 ON 29-01-2025
16150,TERM_1,7975,0,0,2024-12-29,1252,Fees Collected for TERM_1 ON 29-12-2024
16150,TERM_2,8375,0,0,2025-10-10,1252,Fees Collected for TERM_2 ON 10-10-2025
16150,TERM_3,7975,0,0,2025-03-10,1252,Fees Collected for TERM_3 ON 10-03-2025
16150,TERM_4,7975,0,0,2025-03-26,1252,Fees Collected for TERM_4 ON 26-03-2025
15004,TERM_1,7975,0,0,2024-08-29,1257,Fees Collected for TERM_1 ON 29-08-2024
15004,TERM_2,8375,0,0,2025-07-01,1257,Fees Collected for TERM_2 ON 01-07-2025
15004,TERM_3,7975,0,0,2025-08-24,1257,Fees Collected for TERM_3 ON 24-08-2025
15004,TERM_4,7975,0,0,2024-12-17,1257,Fees Collected for TERM_4 ON 17-12-2024
14958,TERM_1,7975,0,0,2025-10-16,1309,Fees Collected for TERM_1 ON 16-10-2025
14958,TERM_2,8375,0,0,2024-12-30,1309,Fees Collected for TERM_2 ON 30-12-2024
14958,TERM_3,7975,0,0,2024-09-03,1309,Fees Collected for TERM_3 ON 03-09-2024
14958,TERM_4,0,7975,0,2025-03-07,1309,Fees Collected for TERM_4 ON 07-03-2025
14883,TERM_1,7975,0,0,2025-02-07,1269,Fees Collected for TERM_1 ON 07-02-2025
14883,TERM_2,8375,0,0,2024-09-05,1269,Fees Collected for TERM_2 ON 05-09-2024
14883,TERM_3,7975,0,0,2024-07-11,1269,Fees Collected for TERM_3 ON 11-07-2024
14883,TERM_4,7975,0,0,2025-12-27,1269,Fees Collected for TERM_4 ON 27-12-2025
14906,TERM_1,7975,0,0,2025-02-04,1282,Fees Collected for TERM_1 ON 04-02-2025
14906,TERM_2,8375,0,0,2025-03-29,1282,Fees Collected for TERM_2 ON 29-03-2025
14906,TERM_3,7975,0,0,2024-06-17,1282,Fees Collected for TERM_3 ON 17-06-2024
14906,TERM_4,7975,0,0,2025-07-16,1282,Fees Collected for TERM_4 ON 16-07-2025
14904,TERM_1,7975,0,0,2025-04-10,1266,Fees Collected for TERM_1 ON 10-04-2025
14904,TERM_2,8375,0,0,2024-07-09,1266,Fees Collected for TERM_2 ON 09-07-2024
14904,TERM_3,7975,0,0,2025-09-12,1266,Fees Collected for TERM_3 ON 12-09-2025
14904,TERM_4,7975,0,0,2025-02-28,1266,Fees Collected for TERM_4 ON 28-02-2025
16906,TERM_1,7975,0,0,2025-10-16,1255,Fees Collected for TERM_1 ON 16-10-2025
16906,TERM_2,8375,0,0,2024-09-17,1255,Fees Collected for TERM_2 ON 17-09-2024
16906,TERM_3,7975,0,0,2025-06-03,1255,Fees Collected for TERM_3 ON 03-06-2025
16906,TERM_4,7975,0,0,2025-11-02,1255,Fees Collected for TERM_4 ON 02-11-2025
15305,TERM_1,7975,0,0,2025-03-01,1287,Fees Collected for TERM_1 ON 01-03-2025
15305,TERM_2,8375,0,0,2024-12-02,1287,Fees Collected for TERM_2 ON 02-12-2024
15305,TERM_3,7975,0,0,2024-12-05,1287,Fees Collected for TERM_3 ON 05-12-2024
15305,TERM_4,7975,0,0,2025-05-21,1287,Fees Collected for TERM_4 ON 21-05-2025
15583,TERM_1,7975,0,0,2025-05-25,1303,Fees Collected for TERM_1 ON 25-05-2025
15583,TERM_2,8375,0,0,2025-12-06,1303,Fees Collected for TERM_2 ON 06-12-2025
15583,TERM_3,7975,0,0,2024-09-07,1303,Fees Collected for TERM_3 ON 07-09-2024
15583,TERM_4,7975,0,0,2025-09-30,1303,Fees Collected for TERM_4 ON 30-09-2025
15434,TERM_1,7975,0,0,2025-04-19,1264,Fees Collected for TERM_1 ON 19-04-2025
15434,TERM_2,8375,0,0,2025-08-12,1264,Fees Collected for TERM_2 ON 12-08-2025
15434,TERM_3,7975,0,0,2025-06-23,1264,Fees Collected for TERM_3 ON 23-06-2025
15434,TERM_4,7975,0,0,2024-07-16,1264,Fees Collected for TERM_4 ON 16-07-2024
14977,TERM_1,7975,0,0,2025-04-13,1278,Fees Collected for TERM_1 ON 13-04-2025
14977,TERM_2,8375,0,0,2025-04-28,1278,Fees Collected for TERM_2 ON 28-04-2025
14977,TERM_3,0,7975,0,2025-09-13,1278,Fees Collected for TERM_3 ON 13-09-2025
14977,TERM_4,0,7975,0,2024-10-03,1278,Fees Collected for TERM_4 ON 03-10-2024
16874,TERM_1,7975,0,0,2025-03-21,1263,Fees Collected for TERM_1 ON 21-03-2025
16874,TERM_2,8375,0,0,2024-09-15,1263,Fees Collected for TERM_2 ON 15-09-2024
16874,TERM_3,7975,0,0,2025-04-07,1263,Fees Collected for TERM_3 ON 07-04-2025
16874,TERM_4,7975,0,0,2024-12-16,1263,Fees Collected for TERM_4 ON 16-12-2024
14925,TERM_1,7975,0,0,2025-08-17,1199,Fees Collected for TERM_1 ON 17-08-2025
14925,TERM_2,8375,0,0,2025-02-21,1199,Fees Collected for TERM_2 ON 21-02-2025
14925,TERM_3,7975,0,0,2025-02-12,1199,Fees Collected for TERM_3 ON 12-02-2025
14925,TERM_4,7975,0,0,2025-04-13,1199,Fees Collected for TERM_4 ON 13-04-2025
14989,TERM_1,7975,0,0,2025-08-09,1275,Fees Collected for TERM_1 ON 09-08-2025
14989,TERM_2,8375,0,0,2024-07-17,1275,Fees Collected for TERM_2 ON 17-07-2024
14989,TERM_3,7975,0,0,2025-10-11,1275,Fees Collected for TERM_3 ON 11-10-2025
14989,TERM_4,7975,0,0,2024-10-22,1275,Fees Collected for TERM_4 ON 22-10-2024
17056,TERM_1,7975,0,0,2025-09-26,1200,Fees Collected for TERM_1 ON 26-09-2025
17056,TERM_2,8375,0,0,2025-06-04,1200,Fees Collected for TERM_2 ON 04-06-2025
17056,TERM_3,7975,0,0,2025-07-07,1200,Fees Collected for TERM_3 ON 07-07-2025
17056,TERM_4,7975,0,0,2025-07-17,1200,Fees Collected for TERM_4 ON 17-07-2025
16883,TERM_1,7975,0,0,2025-12-24,1276,Fees Collected for TERM_1 ON 24-12-2025
16883,TERM_2,8375,0,0,2025-11-27,1276,Fees Collected for TERM_2 ON 27-11-2025
16883,TERM_3,7975,0,0,2025-06-10,1276,Fees Collected for TERM_3 ON 10-06-2025
16883,TERM_4,7975,0,0,2025-10-08,1276,Fees Collected for TERM_4 ON 08-10-2025
15076,TERM_1,7975,0,0,2024-12-15,1250,Fees Collected for TERM_1 ON 15-12-2024
15076,TERM_2,8375,0,0,2025-02-02,1250,Fees Collected for TERM_2 ON 02-02-2025
15076,TERM_3,7975,0,0,2024-07-26,1250,Fees Collected for TERM_3 ON 26-07-2024
15076,TERM_4,7975,0,0,2024-06-22,1250,Fees Collected for TERM_4 ON 22-06-2024
17014,TERM_1,7975,0,0,2025-11-11,1191,Fees Collected for TERM_1 ON 11-11-2025
17014,TERM_2,8375,0,0,2024-06-12,1191,Fees Collected for TERM_2 ON 12-06-2024
17014,TERM_3,7975,0,0,2025-07-09,1191,Fees Collected for TERM_3 ON 09-07-2025
17014,TERM_4,7475,500,0,2025-05-25,1191,Fees Collected for TERM_4 ON 25-05-2025
14953,TERM_1,7975,0,0,2024-07-21,1295,Fees Collected for TERM_1 ON 21-07-2024
14953,TERM_2,8375,0,0,2024-08-02,1295,Fees Collected for TERM_2 ON 02-08-2024
14953,TERM_3,7975,0,0,2025-10-26,1295,Fees Collected for TERM_3 ON 26-10-2025
14953,TERM_4,4975,3000,0,2025-10-23,1295,Fees Collected for TERM_4 ON 23-10-2025
15642,TERM_1,7975,0,0,2025-03-04,1262,Fees Collected for TERM_1 ON 04-03-2025
15642,TERM_2,8375,0,0,2025-02-09,1262,Fees Collected for TERM_2 ON 09-02-2025
15642,TERM_3,7975,0,0,2025-11-27,1262,Fees Collected for TERM_3 ON 27-11-2025
15642,TERM_4,7975,0,0,2024-10-04,1262,Fees Collected for TERM_4 ON 04-10-2024
15278,TERM_1,7975,0,0,2024-12-23,1272,Fees Collected for TERM_1 ON 23-12-2024
15278,TERM_2,8375,0,0,2024-06-18,1272,Fees Collected for TERM_2 ON 18-06-2024
15278,TERM_3,7975,0,0,2025-07-14,1272,Fees Collected for TERM_3 ON 14-07-2025
15278,TERM_4,7475,500,0,2025-09-15,1272,Fees Collected for TERM_4 ON 15-09-2025
14955,TERM_1,7975,0,0,2024-10-29,1283,Fees Collected for TERM_1 ON 29-10-2024
14955,TERM_2,8375,0,0,2025-11-12,1283,Fees Collected for TERM_2 ON 12-11-2025
14955,TERM_3,7975,0,0,2025-09-10,1283,Fees Collected for TERM_3 ON 10-09-2025
14955,TERM_4,7975,0,0,2025-02-01,1283,Fees Collected for TERM_4 ON 01-02-2025
14919,TERM_1,7975,0,0,2025-10-24,1203,Fees Collected for TERM_1 ON 24-10-2025
14919,TERM_2,8375,0,0,2025-06-14,1203,Fees Collected for TERM_2 ON 14-06-2025
14919,TERM_3,7975,0,0,2024-08-18,1203,Fees Collected for TERM_3 ON 18-08-2024
14919,TERM_4,7975,0,0,2025-11-23,1203,Fees Collected for TERM_4 ON 23-11-2025
15003,TERM_1,7975,0,0,2025-08-24,1306,Fees Collected for TERM_1 ON 24-08-2025
15003,TERM_2,8375,0,0,2025-12-05,1306,Fees Collected for TERM_2 ON 05-12-2025
15003,TERM_3,7975,0,0,2025-03-30,1306,Fees Collected for TERM_3 ON 30-03-2025
15003,TERM_4,7975,0,0,2024-10-07,1306,Fees Collected for TERM_4 ON 07-10-2024
14874,TERM_1,7975,0,0,2025-03-25,1371,Fees Collected for TERM_1 ON 25-03-2025
14874,TERM_2,8375,0,0,2025-02-06,1371,Fees Collected for TERM_2 ON 06-02-2025
14874,TERM_3,7975,0,0,2025-07-28,1371,Fees Collected for TERM_3 ON 28-07-2025
14874,TERM_4,7975,0,0,2025-02-13,1371,Fees Collected for TERM_4 ON 13-02-2025
16309,TERM_1,7975,0,0,2025-09-08,1347,Fees Collected for TERM_1 ON 08-09-2025
16309,TERM_2,8375,0,0,2025-12-20,1347,Fees Collected for TERM_2 ON 20-12-2025
16309,TERM_3,7975,0,0,2025-05-10,1347,Fees Collected for TERM_3 ON 10-05-2025
16309,TERM_4,7975,0,0,2025-02-27,1347,Fees Collected for TERM_4 ON 27-02-2025
15308,TERM_1,7975,0,0,2025-05-18,1304,Fees Collected for TERM_1 ON 18-05-2025
15308,TERM_2,8375,0,0,2025-02-22,1304,Fees Collected for TERM_2 ON 22-02-2025
15308,TERM_3,7975,0,0,2025-06-09,1304,Fees Collected for TERM_3 ON 09-06-2025
15308,TERM_4,7975,0,0,2025-05-13,1304,Fees Collected for TERM_4 ON 13-05-2025
15611,TERM_1,7975,0,0,2025-10-17,1201,Fees Collected for TERM_1 ON 17-10-2025
15611,TERM_2,8375,0,0,2025-04-28,1201,Fees Collected for TERM_2 ON 28-04-2025
15611,TERM_3,7975,0,0,2025-08-06,1201,Fees Collected for TERM_3 ON 06-08-2025
15611,TERM_4,7975,0,0,2024-11-11,1201,Fees Collected for TERM_4 ON 11-11-2024
14848,TERM_1,7975,0,0,2025-11-30,1279,Fees Collected for TERM_1 ON 30-11-2025
14848,TERM_2,8375,0,0,2025-04-15,1279,Fees Collected for TERM_2 ON 15-04-2025
14848,TERM_3,7975,0,0,2025-12-19,1279,Fees Collected for TERM_3 ON 19-12-2025
14848,TERM_4,7975,0,0,2024-12-24,1279,Fees Collected for TERM_4 ON 24-12-2024
14931,TERM_1,7975,0,0,2025-08-22,1284,Fees Collected for TERM_1 ON 22-08-2025
14931,TERM_2,8375,0,0,2024-08-15,1284,Fees Collected for TERM_2 ON 15-08-2024
14931,TERM_3,7975,0,0,2025-11-30,1284,Fees Collected for TERM_3 ON 30-11-2025
14931,TERM_4,5475,2500,0,2025-08-21,1284,Fees Collected for TERM_4 ON 21-08-2025
16832,TERM_1,7975,0,0,2025-03-25,1316,Fees Collected for TERM_1 ON 25-03-2025
16832,TERM_2,8375,0,0,2024-07-12,1316,Fees Collected for TERM_2 ON 12-07-2024
16832,TERM_3,7975,0,0,2024-09-29,1316,Fees Collected for TERM_3 ON 29-09-2024
16832,TERM_4,7975,0,0,2025-03-04,1316,Fees Collected for TERM_4 ON 04-03-2025
17019,TERM_1,7975,0,0,2025-06-27,1270,Fees Collected for TERM_1 ON 27-06-2025
17019,TERM_2,8375,0,0,2025-09-19,1270,Fees Collected for TERM_2 ON 19-09-2025
17019,TERM_3,7975,0,0,2025-02-22,1270,Fees Collected for TERM_3 ON 22-02-2025
17019,TERM_4,7975,0,0,2025-09-26,1270,Fees Collected for TERM_4 ON 26-09-2025
16890,TERM_1,7975,0,0,2024-09-03,1348,Fees Collected for TERM_1 ON 03-09-2024
16890,TERM_2,8375,0,0,2025-02-04,1348,Fees Collected for TERM_2 ON 04-02-2025
16890,TERM_3,7975,0,0,2024-07-23,1348,Fees Collected for TERM_3 ON 23-07-2024
16890,TERM_4,7975,0,0,2025-10-17,1348,Fees Collected for TERM_4 ON 17-10-2025
16191,TERM_1,7975,0,0,2024-06-13,1349,Fees Collected for TERM_1 ON 13-06-2024
16191,TERM_2,8375,0,0,2025-09-30,1349,Fees Collected for TERM_2 ON 30-09-2025
16191,TERM_3,7975,0,0,2025-11-12,1349,Fees Collected for TERM_3 ON 12-11-2025
16191,TERM_4,7975,0,0,2024-08-06,1349,Fees Collected for TERM_4 ON 06-08-2024
17070,TERM_1,7975,0,0,2025-04-03,1305,Fees Collected for TERM_1 ON 03-04-2025
17070,TERM_2,8375,0,0,2025-03-23,1305,Fees Collected for TERM_2 ON 23-03-2025
17070,TERM_3,7975,0,0,2025-10-21,1305,Fees Collected for TERM_3 ON 21-10-2025
17070,TERM_4,0,7975,0,2025-05-11,1305,Fees Collected for TERM_4 ON 11-05-2025
15577,TERM_1,7975,0,0,2025-01-26,1363,Fees Collected for TERM_1 ON 26-01-2025
15577,TERM_2,8375,0,0,2025-10-14,1363,Fees Collected for TERM_2 ON 14-10-2025
15577,TERM_3,7975,0,0,2024-08-08,1363,Fees Collected for TERM_3 ON 08-08-2024
15577,TERM_4,7975,0,0,2024-09-11,1363,Fees Collected for TERM_4 ON 11-09-2024
14888,TERM_1,7975,0,0,2025-03-19,1364,Fees Collected for TERM_1 ON 19-03-2025
14888,TERM_2,8375,0,0,2024-07-14,1364,Fees Collected for TERM_2 ON 14-07-2024
14888,TERM_3,7975,0,0,2025-11-22,1364,Fees Collected for TERM_3 ON 22-11-2025
14888,TERM_4,7975,0,0,2025-02-23,1364,Fees Collected for TERM_4 ON 23-02-2025
15119,TERM_1,7975,0,0,2024-12-07,1365,Fees Collected for TERM_1 ON 07-12-2024
15119,TERM_2,8375,0,0,2025-06-13,1365,Fees Collected for TERM_2 ON 13-06-2025
15119,TERM_3,7975,0,0,2025-05-14,1365,Fees Collected for TERM_3 ON 14-05-2025
15119,TERM_4,7975,0,0,2025-12-25,1365,Fees Collected for TERM_4 ON 25-12-2025
15014,TERM_1,7975,0,0,2025-09-20,1366,Fees Collected for TERM_1 ON 20-09-2025
15014,TERM_2,8375,0,0,2025-12-05,1366,Fees Collected for TERM_2 ON 05-12-2025
15014,TERM_3,7975,0,0,2025-04-12,1366,Fees Collected for TERM_3 ON 12-04-2025
15014,TERM_4,7975,0,0,2025-04-07,1366,Fees Collected for TERM_4 ON 07-04-2025
14965,TERM_1,7975,0,0,2024-06-15,1367,Fees Collected for TERM_1 ON 15-06-2024
14965,TERM_2,8375,0,0,2024-08-27,1367,Fees Collected for TERM_2 ON 27-08-2024
14965,TERM_3,7975,0,0,2025-05-31,1367,Fees Collected for TERM_3 ON 31-05-2025
14965,TERM_4,7975,0,0,2025-09-07,1367,Fees Collected for TERM_4 ON 07-09-2025
16571,TERM_1,7975,0,0,2024-07-16,1256,Fees Collected for TERM_1 ON 16-07-2024
16571,TERM_2,8375,0,0,2024-06-14,1256,Fees Collected for TERM_2 ON 14-06-2024
16571,TERM_3,7975,0,0,2024-09-02,1256,Fees Collected for TERM_3 ON 02-09-2024
16571,TERM_4,7975,0,0,2025-09-06,1256,Fees Collected for TERM_4 ON 06-09-2025
16817,TERM_1,7975,0,0,2024-08-21,1369,Fees Collected for TERM_1 ON 21-08-2024
16817,TERM_2,8375,0,0,2024-10-08,1369,Fees Collected for TERM_2 ON 08-10-2024
16817,TERM_3,7975,0,0,2025-12-05,1369,Fees Collected for TERM_3 ON 05-12-2025
16817,TERM_4,7975,0,0,2025-10-28,1369,Fees Collected for TERM_4 ON 28-10-2025
14604,TERM_1,7975,0,0,2025-09-22,1370,Fees Collected for TERM_1 ON 22-09-2025
14604,TERM_2,8375,0,0,2025-01-21,1370,Fees Collected for TERM_2 ON 21-01-2025
14604,TERM_3,7975,0,0,2024-08-07,1370,Fees Collected for TERM_3 ON 07-08-2024
14604,TERM_4,7975,0,0,2025-07-05,1370,Fees Collected for TERM_4 ON 05-07-2025
16851,TERM_1,7975,0,0,2024-07-25,1307,Fees Collected for TERM_1 ON 25-07-2024
16851,TERM_2,8375,0,0,2024-11-12,1307,Fees Collected for TERM_2 ON 12-11-2024
16851,TERM_3,7975,0,0,2024-12-16,1307,Fees Collected for TERM_3 ON 16-12-2024
16851,TERM_4,7975,0,0,2025-01-10,1307,Fees Collected for TERM_4 ON 10-01-2025
15088,TERM_1,7975,0,0,2025-12-04,1192,Fees Collected for TERM_1 ON 04-12-2025
15088,TERM_2,8375,0,0,2024-11-13,1192,Fees Collected for TERM_2 ON 13-11-2024
15088,TERM_3,7975,0,0,2025-02-04,1192,Fees Collected for TERM_3 ON 04-02-2025
15088,TERM_4,7975,0,0,2025-01-23,1192,Fees Collected for TERM_4 ON 23-01-2025
14988,TERM_1,7975,0,0,2025-09-15,1373,Fees Collected for TERM_1 ON 15-09-2025
14988,TERM_2,8375,0,0,2024-08-07,1373,Fees Collected for TERM_2 ON 07-08-2024
14988,TERM_3,7975,0,0,2024-06-21,1373,Fees Collected for TERM_3 ON 21-06-2024
14988,TERM_4,7975,0,0,2025-06-18,1373,Fees Collected for TERM_4 ON 18-06-2025
14871,TERM_1,7975,0,0,2024-08-15,1374,Fees Collected for TERM_1 ON 15-08-2024
14871,TERM_2,8375,0,0,2025-10-10,1374,Fees Collected for TERM_2 ON 10-10-2025
14871,TERM_3,7975,0,0,2025-01-11,1374,Fees Collected for TERM_3 ON 11-01-2025
14871,TERM_4,7975,0,0,2024-09-21,1374,Fees Collected for TERM_4 ON 21-09-2024
16536,TERM_1,7975,0,0,2025-09-26,1375,Fees Collected for TERM_1 ON 26-09-2025
16536,TERM_2,8375,0,0,2025-08-06,1375,Fees Collected for TERM_2 ON 06-08-2025
16536,TERM_3,7975,0,0,2025-02-02,1375,Fees Collected for TERM_3 ON 02-02-2025
16536,TERM_4,7975,0,0,2024-07-25,1375,Fees Collected for TERM_4 ON 25-07-2024
14922,TERM_1,7975,0,0,2025-11-17,1376,Fees Collected for TERM_1 ON 17-11-2025
14922,TERM_2,8375,0,0,2024-07-31,1376,Fees Collected for TERM_2 ON 31-07-2024
14922,TERM_3,7975,0,0,2025-10-17,1376,Fees Collected for TERM_3 ON 17-10-2025
14922,TERM_4,7975,0,0,2025-11-21,1376,Fees Collected for TERM_4 ON 21-11-2025
14862,TERM_1,7975,0,0,2025-02-15,1377,Fees Collected for TERM_1 ON 15-02-2025
14862,TERM_2,8375,0,0,2025-02-09,1377,Fees Collected for TERM_2 ON 09-02-2025
14862,TERM_3,7975,0,0,2025-09-05,1377,Fees Collected for TERM_3 ON 05-09-2025
14862,TERM_4,7975,0,0,2024-09-20,1377,Fees Collected for TERM_4 ON 20-09-2024
16860,TERM_1,7975,0,0,2025-08-11,1378,Fees Collected for TERM_1 ON 11-08-2025
16860,TERM_2,8375,0,0,2025-09-09,1378,Fees Collected for TERM_2 ON 09-09-2025
16860,TERM_3,7975,0,0,2025-10-21,1378,Fees Collected for TERM_3 ON 21-10-2025
16860,TERM_4,7975,0,0,2025-10-17,1378,Fees Collected for TERM_4 ON 17-10-2025
14879,TERM_1,7975,0,0,2025-06-04,1379,Fees Collected for TERM_1 ON 04-06-2025
14879,TERM_2,8375,0,0,2025-06-08,1379,Fees Collected for TERM_2 ON 08-06-2025
14879,TERM_3,0,7975,0,2025-04-30,1379,Fees Collected for TERM_3 ON 30-04-2025
14879,TERM_4,0,7975,0,2025-02-11,1379,Fees Collected for TERM_4 ON 11-02-2025
16809,TERM_1,7975,0,0,2025-04-18,1380,Fees Collected for TERM_1 ON 18-04-2025
16809,TERM_2,8375,0,0,2025-11-06,1380,Fees Collected for TERM_2 ON 06-11-2025
16809,TERM_3,7975,0,0,2025-02-24,1380,Fees Collected for TERM_3 ON 24-02-2025
16809,TERM_4,7975,0,0,2024-07-14,1380,Fees Collected for TERM_4 ON 14-07-2024
15116,TERM_1,7975,0,0,2024-09-06,1381,Fees Collected for TERM_1 ON 06-09-2024
15116,TERM_2,8375,0,0,2025-11-21,1381,Fees Collected for TERM_2 ON 21-11-2025
15116,TERM_3,7975,0,0,2025-07-15,1381,Fees Collected for TERM_3 ON 15-07-2025
15116,TERM_4,7975,0,0,2025-02-09,1381,Fees Collected for TERM_4 ON 09-02-2025
14645,TERM_1,7975,0,0,2025-04-14,1382,Fees Collected for TERM_1 ON 14-04-2025
14645,TERM_2,8375,0,0,2025-12-19,1382,Fees Collected for TERM_2 ON 19-12-2025
14645,TERM_3,7975,0,0,2024-07-12,1382,Fees Collected for TERM_3 ON 12-07-2024
14645,TERM_4,7975,0,0,2024-07-09,1382,Fees Collected for TERM_4 ON 09-07-2024
14946,TERM_1,7975,0,0,2025-03-18,1383,Fees Collected for TERM_1 ON 18-03-2025
14946,TERM_2,8375,0,0,2024-09-04,1383,Fees Collected for TERM_2 ON 04-09-2024
14946,TERM_3,7975,0,0,2024-10-01,1383,Fees Collected for TERM_3 ON 01-10-2024
14946,TERM_4,7975,0,0,2025-09-20,1383,Fees Collected for TERM_4 ON 20-09-2025
14896,TERM_1,7975,0,0,2025-05-27,1384,Fees Collected for TERM_1 ON 27-05-2025
14896,TERM_2,8375,0,0,2024-12-12,1384,Fees Collected for TERM_2 ON 12-12-2024
14896,TERM_3,7975,0,0,2024-09-11,1384,Fees Collected for TERM_3 ON 11-09-2024
14896,TERM_4,7975,0,0,2024-07-08,1384,Fees Collected for TERM_4 ON 08-07-2024
15026,TERM_1,7975,0,0,2025-12-17,1385,Fees Collected for TERM_1 ON 17-12-2025
15026,TERM_2,8375,0,0,2025-12-24,1385,Fees Collected for TERM_2 ON 24-12-2025
15026,TERM_3,7975,0,0,2025-07-12,1385,Fees Collected for TERM_3 ON 12-07-2025
15026,TERM_4,7975,0,0,2025-05-02,1385,Fees Collected for TERM_4 ON 02-05-2025
14934,TERM_1,7975,0,0,2025-06-14,1386,Fees Collected for TERM_1 ON 14-06-2025
14934,TERM_2,8375,0,0,2025-01-31,1386,Fees Collected for TERM_2 ON 31-01-2025
14934,TERM_3,7975,0,0,2025-04-02,1386,Fees Collected for TERM_3 ON 02-04-2025
14934,TERM_4,7975,0,0,2024-09-21,1386,Fees Collected for TERM_4 ON 21-09-2024
15444,TERM_1,7975,0,0,2024-09-30,1387,Fees Collected for TERM_1 ON 30-09-2024
15444,TERM_2,8375,0,0,2024-11-04,1387,Fees Collected for TERM_2 ON 04-11-2024
15444,TERM_3,7975,0,0,2025-07-11,1387,Fees Collected for TERM_3 ON 11-07-2025
15444,TERM_4,7975,0,0,2024-11-08,1387,Fees Collected for TERM_4 ON 08-11-2024
15400,TERM_1,7975,0,0,2024-09-23,1388,Fees Collected for TERM_1 ON 23-09-2024
15400,TERM_2,8375,0,0,2024-10-13,1388,Fees Collected for TERM_2 ON 13-10-2024
15400,TERM_3,7975,0,0,2025-02-01,1388,Fees Collected for TERM_3 ON 01-02-2025
15400,TERM_4,0,7975,0,2025-10-06,1388,Fees Collected for TERM_4 ON 06-10-2025
15988,TERM_1,7975,0,0,2024-12-24,1389,Fees Collected for TERM_1 ON 24-12-2024
15988,TERM_2,8375,0,0,2024-08-04,1389,Fees Collected for TERM_2 ON 04-08-2024
15988,TERM_3,7975,0,0,2025-10-04,1389,Fees Collected for TERM_3 ON 04-10-2025
15988,TERM_4,7975,0,0,2025-04-10,1389,Fees Collected for TERM_4 ON 10-04-2025
15301,TERM_1,7975,0,0,2024-09-20,1390,Fees Collected for TERM_1 ON 20-09-2024
15301,TERM_2,8375,0,0,2025-10-31,1390,Fees Collected for TERM_2 ON 31-10-2025
15301,TERM_3,7975,0,0,2025-09-02,1390,Fees Collected for TERM_3 ON 02-09-2025
15301,TERM_4,0,7975,0,2024-12-25,1390,Fees Collected for TERM_4 ON 25-12-2024
16629,TERM_1,7975,0,0,2025-01-10,1204,Fees Collected for TERM_1 ON 10-01-2025
16629,TERM_2,8375,0,0,2024-08-14,1204,Fees Collected for TERM_2 ON 14-08-2024
16629,TERM_3,7975,0,0,2025-01-18,1204,Fees Collected for TERM_3 ON 18-01-2025
16629,TERM_4,7975,0,0,2025-11-11,1204,Fees Collected for TERM_4 ON 11-11-2025
15085,TERM_1,7975,0,0,2025-08-09,1301,Fees Collected for TERM_1 ON 09-08-2025
15085,TERM_2,8375,0,0,2025-08-21,1301,Fees Collected for TERM_2 ON 21-08-2025
15085,TERM_3,7975,0,0,2024-10-13,1301,Fees Collected for TERM_3 ON 13-10-2024
15085,TERM_4,7975,0,0,2024-06-19,1301,Fees Collected for TERM_4 ON 19-06-2024
14877,TERM_1,7975,0,0,2025-10-23,1206,Fees Collected for TERM_1 ON 23-10-2025
14877,TERM_2,8375,0,0,2024-10-26,1206,Fees Collected for TERM_2 ON 26-10-2024
14877,TERM_3,7975,0,0,2025-07-19,1206,Fees Collected for TERM_3 ON 19-07-2025
14877,TERM_4,7975,0,0,2025-05-12,1206,Fees Collected for TERM_4 ON 12-05-2025
14886,TERM_1,7975,0,0,2024-08-16,1207,Fees Collected for TERM_1 ON 16-08-2024
14886,TERM_2,8375,0,0,2025-06-04,1207,Fees Collected for TERM_2 ON 04-06-2025
14886,TERM_3,7975,0,0,2025-11-21,1207,Fees Collected for TERM_3 ON 21-11-2025
14886,TERM_4,7975,0,0,2025-09-04,1207,Fees Collected for TERM_4 ON 04-09-2025
14867,TERM_1,7975,0,0,2024-09-22,1208,Fees Collected for TERM_1 ON 22-09-2024
14867,TERM_2,8375,0,0,2025-05-12,1208,Fees Collected for TERM_2 ON 12-05-2025
14867,TERM_3,0,7975,0,2025-03-22,1208,Fees Collected for TERM_3 ON 22-03-2025
14867,TERM_4,0,7975,0,2025-10-21,1208,Fees Collected for TERM_4 ON 21-10-2025
16240,TERM_1,7975,0,0,2024-08-29,1209,Fees Collected for TERM_1 ON 29-08-2024
16240,TERM_2,8375,0,0,2025-08-28,1209,Fees Collected for TERM_2 ON 28-08-2025
16240,TERM_3,7975,0,0,2025-03-14,1209,Fees Collected for TERM_3 ON 14-03-2025
16240,TERM_4,7975,0,0,2025-11-27,1209,Fees Collected for TERM_4 ON 27-11-2025
14918,TERM_1,7975,0,0,2024-07-05,1210,Fees Collected for TERM_1 ON 05-07-2024
14918,TERM_2,8375,0,0,2025-09-07,1210,Fees Collected for TERM_2 ON 07-09-2025
14918,TERM_3,7975,0,0,2024-07-23,1210,Fees Collected for TERM_3 ON 23-07-2024
14918,TERM_4,7975,0,0,2025-03-06,1210,Fees Collected for TERM_4 ON 06-03-2025
14897,TERM_1,7975,0,0,2024-10-20,1211,Fees Collected for TERM_1 ON 20-10-2024
14897,TERM_2,8375,0,0,2024-12-31,1211,Fees Collected for TERM_2 ON 31-12-2024
14897,TERM_3,7975,0,0,2025-07-27,1211,Fees Collected for TERM_3 ON 27-07-2025
14897,TERM_4,7975,0,0,2024-08-04,1211,Fees Collected for TERM_4 ON 04-08-2024
16871,TERM_1,7975,0,0,2025-12-03,1212,Fees Collected for TERM_1 ON 03-12-2025
16871,TERM_2,8375,0,0,2025-04-23,1212,Fees Collected for TERM_2 ON 23-04-2025
16871,TERM_3,7975,0,0,2025-08-17,1212,Fees Collected for TERM_3 ON 17-08-2025
16871,TERM_4,7975,0,0,2025-07-21,1212,Fees Collected for TERM_4 ON 21-07-2025
14944,TERM_1,7975,0,0,2025-03-22,1213,Fees Collected for TERM_1 ON 22-03-2025
14944,TERM_2,8375,0,0,2025-09-06,1213,Fees Collected for TERM_2 ON 06-09-2025
14944,TERM_3,7975,0,0,2024-08-29,1213,Fees Collected for TERM_3 ON 29-08-2024
14944,TERM_4,2975,5000,0,2024-08-21,1213,Fees Collected for TERM_4 ON 21-08-2024
15158,TERM_1,7975,0,0,2025-12-14,1214,Fees Collected for TERM_1 ON 14-12-2025
15158,TERM_2,8375,0,0,2024-11-28,1214,Fees Collected for TERM_2 ON 28-11-2024
15158,TERM_3,7975,0,0,2025-04-06,1214,Fees Collected for TERM_3 ON 06-04-2025
15158,TERM_4,0,7975,0,2025-02-23,1214,Fees Collected for TERM_4 ON 23-02-2025
14872,TERM_1,7975,0,0,2024-12-29,1215,Fees Collected for TERM_1 ON 29-12-2024
14872,TERM_2,8375,0,0,2025-05-10,1215,Fees Collected for TERM_2 ON 10-05-2025
14872,TERM_3,7975,0,0,2025-08-30,1215,Fees Collected for TERM_3 ON 30-08-2025
14872,TERM_4,7975,0,0,2025-02-19,1215,Fees Collected for TERM_4 ON 19-02-2025
14849,TERM_1,7975,0,0,2025-02-21,1216,Fees Collected for TERM_1 ON 21-02-2025
14849,TERM_2,8375,0,0,2024-12-01,1216,Fees Collected for TERM_2 ON 01-12-2024
14849,TERM_3,7975,0,0,2024-08-13,1216,Fees Collected for TERM_3 ON 13-08-2024
14849,TERM_4,7975,0,0,2024-10-29,1216,Fees Collected for TERM_4 ON 29-10-2024
14964,TERM_1,7975,0,0,2024-06-16,1361,Fees Collected for TERM_1 ON 16-06-2024
14964,TERM_2,8375,0,0,2025-04-23,1361,Fees Collected for TERM_2 ON 23-04-2025
14964,TERM_3,7975,0,0,2025-01-11,1361,Fees Collected for TERM_3 ON 11-01-2025
14964,TERM_4,7975,0,0,2025-06-10,1361,Fees Collected for TERM_4 ON 10-06-2025
14861,TERM_1,7975,0,0,2024-10-13,1238,Fees Collected for TERM_1 ON 13-10-2024
14861,TERM_2,8375,0,0,2025-06-09,1238,Fees Collected for TERM_2 ON 09-06-2025
14861,TERM_3,7975,0,0,2025-02-02,1238,Fees Collected for TERM_3 ON 02-02-2025
14861,TERM_4,7475,500,0,2025-12-09,1238,Fees Collected for TERM_4 ON 09-12-2025
16292,TERM_1,7975,0,0,2025-04-30,1311,Fees Collected for TERM_1 ON 30-04-2025
16292,TERM_2,8375,0,0,2025-01-29,1311,Fees Collected for TERM_2 ON 29-01-2025
16292,TERM_3,7975,0,0,2024-09-11,1311,Fees Collected for TERM_3 ON 11-09-2024
16292,TERM_4,7975,0,0,2025-05-26,1311,Fees Collected for TERM_4 ON 26-05-2025
15837,TERM_1,7975,0,0,2024-07-29,1231,Fees Collected for TERM_1 ON 29-07-2024
15837,TERM_2,8375,0,0,2025-07-12,1231,Fees Collected for TERM_2 ON 12-07-2025
15837,TERM_3,7975,0,0,2025-12-13,1231,Fees Collected for TERM_3 ON 13-12-2025
15837,TERM_4,7975,0,0,2024-08-02,1231,Fees Collected for TERM_4 ON 02-08-2024
15572,TERM_1,7975,0,0,2025-06-29,1251,Fees Collected for TERM_1 ON 29-06-2025
15572,TERM_2,8375,0,0,2024-11-06,1251,Fees Collected for TERM_2 ON 06-11-2024
15572,TERM_3,7975,0,0,2025-07-26,1251,Fees Collected for TERM_3 ON 26-07-2025
15572,TERM_4,7975,0,0,2025-06-08,1251,Fees Collected for TERM_4 ON 08-06-2025
14873,TERM_1,7975,0,0,2025-06-05,1249,Fees Collected for TERM_1 ON 05-06-2025
14873,TERM_2,8375,0,0,2024-11-23,1249,Fees Collected for TERM_2 ON 23-11-2024
14873,TERM_3,7975,0,0,2025-05-15,1249,Fees Collected for TERM_3 ON 15-05-2025
14873,TERM_4,7975,0,0,2024-09-30,1249,Fees Collected for TERM_4 ON 30-09-2024
15019,TERM_1,7975,0,0,2025-09-22,1242,Fees Collected for TERM_1 ON 22-09-2025
15019,TERM_2,8375,0,0,2024-12-19,1242,Fees Collected for TERM_2 ON 19-12-2024
15019,TERM_3,7975,0,0,2025-10-30,1242,Fees Collected for TERM_3 ON 30-10-2025
15019,TERM_4,7475,500,0,2025-12-26,1242,Fees Collected for TERM_4 ON 26-12-2025
16696,TERM_1,7975,0,0,2025-07-24,1228,Fees Collected for TERM_1 ON 24-07-2025
16696,TERM_2,8375,0,0,2025-03-28,1228,Fees Collected for TERM_2 ON 28-03-2025
16696,TERM_3,7975,0,0,2025-06-21,1228,Fees Collected for TERM_3 ON 21-06-2025
16696,TERM_4,7975,0,0,2025-02-24,1228,Fees Collected for TERM_4 ON 24-02-2025
17030,TERM_1,7975,0,0,2025-10-26,1194,Fees Collected for TERM_1 ON 26-10-2025
17030,TERM_2,8375,0,0,2024-09-04,1194,Fees Collected for TERM_2 ON 04-09-2024
17030,TERM_3,7975,0,0,2024-11-05,1194,Fees Collected for TERM_3 ON 05-11-2024
17030,TERM_4,7975,0,0,2024-08-12,1194,Fees Collected for TERM_4 ON 12-08-2024
14997,TERM_1,7975,0,0,2024-09-14,1253,Fees Collected for TERM_1 ON 14-09-2024
14997,TERM_2,8375,0,0,2025-10-21,1253,Fees Collected for TERM_2 ON 21-10-2025
14997,TERM_3,7975,0,0,2025-05-03,1253,Fees Collected for TERM_3 ON 03-05-2025
14997,TERM_4,7975,0,0,2024-09-27,1253,Fees Collected for TERM_4 ON 27-09-2024
15222,TERM_1,7975,0,0,2025-02-25,1221,Fees Collected for TERM_1 ON 25-02-2025
15222,TERM_2,8375,0,0,2025-08-07,1221,Fees Collected for TERM_2 ON 07-08-2025
15222,TERM_3,7975,0,0,2024-07-26,1221,Fees Collected for TERM_3 ON 26-07-2024
15222,TERM_4,7975,0,0,2024-11-23,1221,Fees Collected for TERM_4 ON 23-11-2024
14902,TERM_1,7975,0,0,2025-03-26,1223,Fees Collected for TERM_1 ON 26-03-2025
14902,TERM_2,8375,0,0,2025-02-10,1223,Fees Collected for TERM_2 ON 10-02-2025
14902,TERM_3,7975,0,0,2025-01-05,1223,Fees Collected for TERM_3 ON 05-01-2025
14902,TERM_4,7975,0,0,2025-07-10,1223,Fees Collected for TERM_4 ON 10-07-2025
15089,TERM_1,7975,0,0,2024-06-26,1362,Fees Collected for TERM_1 ON 26-06-2024
15089,TERM_2,8375,0,0,2025-11-05,1362,Fees Collected for TERM_2 ON 05-11-2025
15089,TERM_3,7975,0,0,2025-05-03,1362,Fees Collected for TERM_3 ON 03-05-2025
15089,TERM_4,7975,0,0,2025-05-12,1362,Fees Collected for TERM_4 ON 12-05-2025
14499,TERM_1,7975,0,0,2025-10-14,1288,Fees Collected for TERM_1 ON 14-10-2025
14499,TERM_2,8375,0,0,2025-08-19,1288,Fees Collected for TERM_2 ON 19-08-2025
14499,TERM_3,7975,0,0,2025-03-12,1288,Fees Collected for TERM_3 ON 12-03-2025
14499,TERM_4,7975,0,0,2025-12-20,1288,Fees Collected for TERM_4 ON 20-12-2025
15254,TERM_1,7975,0,0,2024-08-11,1219,Fees Collected for TERM_1 ON 11-08-2024
15254,TERM_2,8375,0,0,2024-12-30,1219,Fees Collected for TERM_2 ON 30-12-2024
15254,TERM_3,7975,0,0,2025-10-09,1219,Fees Collected for TERM_3 ON 09-10-2025
15254,TERM_4,7975,0,0,2024-12-16,1219,Fees Collected for TERM_4 ON 16-12-2024
15300,TERM_1,7975,0,0,2024-10-16,1217,Fees Collected for TERM_1 ON 16-10-2024
15300,TERM_2,8375,0,0,2024-11-20,1217,Fees Collected for TERM_2 ON 20-11-2024
15300,TERM_3,7975,0,0,2024-10-19,1217,Fees Collected for TERM_3 ON 19-10-2024
15300,TERM_4,7975,0,0,2024-08-14,1217,Fees Collected for TERM_4 ON 14-08-2024
15038,TERM_1,7975,0,0,2025-09-14,1289,Fees Collected for TERM_1 ON 14-09-2025
15038,TERM_2,8375,0,0,2025-01-04,1289,Fees Collected for TERM_2 ON 04-01-2025
15038,TERM_3,7975,0,0,2025-12-18,1289,Fees Collected for TERM_3 ON 18-12-2025
15038,TERM_4,7975,0,0,2024-11-07,1289,Fees Collected for TERM_4 ON 07-11-2024
14863,TERM_1,7975,0,0,2025-07-15,1230,Fees Collected for TERM_1 ON 15-07-2025
14863,TERM_2,8375,0,0,2024-07-01,1230,Fees Collected for TERM_2 ON 01-07-2024
14863,TERM_3,7975,0,0,2025-01-18,1230,Fees Collected for TERM_3 ON 18-01-2025
14863,TERM_4,4475,3500,0,2024-10-12,1230,Fees Collected for TERM_4 ON 12-10-2024
15358,TERM_1,7975,0,0,2025-04-24,1245,Fees Collected for TERM_1 ON 24-04-2025
15358,TERM_2,8375,0,0,2024-12-01,1245,Fees Collected for TERM_2 ON 01-12-2024
15358,TERM_3,7975,0,0,2025-11-13,1245,Fees Collected for TERM_3 ON 13-11-2025
15358,TERM_4,7975,0,0,2025-04-10,1245,Fees Collected for TERM_4 ON 10-04-2025
15087,TERM_1,7975,0,0,2025-06-24,1227,Fees Collected for TERM_1 ON 24-06-2025
15087,TERM_2,8375,0,0,2025-11-28,1227,Fees Collected for TERM_2 ON 28-11-2025
15087,TERM_3,7975,0,0,2024-06-30,1227,Fees Collected for TERM_3 ON 30-06-2024
15087,TERM_4,7975,0,0,2025-03-23,1227,Fees Collected for TERM_4 ON 23-03-2025
14937,TERM_1,7975,0,0,2025-09-02,1229,Fees Collected for TERM_1 ON 02-09-2025
14937,TERM_2,8375,0,0,2024-07-08,1229,Fees Collected for TERM_2 ON 08-07-2024
14937,TERM_3,7975,0,0,2025-01-28,1229,Fees Collected for TERM_3 ON 28-01-2025
14937,TERM_4,7975,0,0,2025-10-04,1229,Fees Collected for TERM_4 ON 04-10-2025
16503,TERM_1,7975,0,0,2025-06-24,1239,Fees Collected for TERM_1 ON 24-06-2025
16503,TERM_2,8375,0,0,2025-02-01,1239,Fees Collected for TERM_2 ON 01-02-2025
16503,TERM_3,7975,0,0,2025-03-10,1239,Fees Collected for TERM_3 ON 10-03-2025
16503,TERM_4,7975,0,0,2025-07-31,1239,Fees Collected for TERM_4 ON 31-07-2025
14497,TERM_1,7975,0,0,2024-06-17,1313,Fees Collected for TERM_1 ON 17-06-2024
14497,TERM_2,8375,0,0,2024-11-07,1313,Fees Collected for TERM_2 ON 07-11-2024
14497,TERM_3,7975,0,0,2025-12-04,1313,Fees Collected for TERM_3 ON 04-12-2025
14497,TERM_4,7475,500,0,2025-03-02,1313,Fees Collected for TERM_4 ON 02-03-2025
14970,TERM_1,7975,0,0,2025-05-20,1224,Fees Collected for TERM_1 ON 20-05-2025
14970,TERM_2,8375,0,0,2025-02-04,1224,Fees Collected for TERM_2 ON 04-02-2025
14970,TERM_3,7975,0,0,2025-12-18,1224,Fees Collected for TERM_3 ON 18-12-2025
14970,TERM_4,7975,0,0,2025-12-20,1224,Fees Collected for TERM_4 ON 20-12-2025
15025,TERM_1,7975,0,0,2025-02-22,1218,Fees Collected for TERM_1 ON 22-02-2025
15025,TERM_2,8375,0,0,2024-06-12,1218,Fees Collected for TERM_2 ON 12-06-2024
15025,TERM_3,7975,0,0,2025-04-06,1218,Fees Collected for TERM_3 ON 06-04-2025
15025,TERM_4,7975,0,0,2025-12-21,1218,Fees Collected for TERM_4 ON 21-12-2025
14932,TERM_1,7975,0,0,2025-06-12,1220,Fees Collected for TERM_1 ON 12-06-2025
14932,TERM_2,8375,0,0,2025-07-07,1220,Fees Collected for TERM_2 ON 07-07-2025
14932,TERM_3,7975,0,0,2025-04-29,1220,Fees Collected for TERM_3 ON 29-04-2025
14932,TERM_4,0,7975,0,2025-08-03,1220,Fees Collected for TERM_4 ON 03-08-2025
14968,TERM_1,7975,0,0,2024-09-29,1247,Fees Collected for TERM_1 ON 29-09-2024
14968,TERM_2,8375,0,0,2024-08-22,1247,Fees Collected for TERM_2 ON 22-08-2024
14968,TERM_3,7975,0,0,2025-05-14,1247,Fees Collected for TERM_3 ON 14-05-2025
14968,TERM_4,7975,0,0,2024-07-13,1247,Fees Collected for TERM_4 ON 13-07-2024
17094,TERM_1,7975,0,0,2025-07-20,1244,Fees Collected for TERM_1 ON 20-07-2025
17094,TERM_2,8375,0,0,2025-06-07,1244,Fees Collected for TERM_2 ON 07-06-2025
17094,TERM_3,7975,0,0,2024-08-01,1244,Fees Collected for TERM_3 ON 01-08-2024
17094,TERM_4,7975,0,0,2025-04-22,1244,Fees Collected for TERM_4 ON 22-04-2025
14852,TERM_1,7975,0,0,2025-04-14,1240,Fees Collected for TERM_1 ON 14-04-2025
14852,TERM_2,8375,0,0,2025-03-04,1240,Fees Collected for TERM_2 ON 04-03-2025
14852,TERM_3,7975,0,0,2025-06-06,1240,Fees Collected for TERM_3 ON 06-06-2025
14852,TERM_4,7975,0,0,2025-01-29,1240,Fees Collected for TERM_4 ON 29-01-2025
17040,TERM_1,7975,0,0,2025-05-19,1237,Fees Collected for TERM_1 ON 19-05-2025
17040,TERM_2,8375,0,0,2025-12-26,1237,Fees Collected for TERM_2 ON 26-12-2025
17040,TERM_3,7975,0,0,2025-03-02,1237,Fees Collected for TERM_3 ON 02-03-2025
17040,TERM_4,7975,0,0,2025-11-07,1237,Fees Collected for TERM_4 ON 07-11-2025
15896,TERM_1,7975,0,0,2025-12-16,1314,Fees Collected for TERM_1 ON 16-12-2025
15896,TERM_2,8375,0,0,2025-08-30,1314,Fees Collected for TERM_2 ON 30-08-2025
15896,TERM_3,7975,0,0,2024-11-27,1314,Fees Collected for TERM_3 ON 27-11-2024
15896,TERM_4,7975,0,0,2025-11-13,1314,Fees Collected for TERM_4 ON 13-11-2025
15005,TERM_1,7975,0,0,2024-08-03,1236,Fees Collected for TERM_1 ON 03-08-2024
15005,TERM_2,8375,0,0,2025-02-13,1236,Fees Collected for TERM_2 ON 13-02-2025
15005,TERM_3,7975,0,0,2025-06-03,1236,Fees Collected for TERM_3 ON 03-06-2025
15005,TERM_4,7975,0,0,2025-11-09,1236,Fees Collected for TERM_4 ON 09-11-2025
15976,TERM_1,7975,0,0,2024-06-30,1222,Fees Collected for TERM_1 ON 30-06-2024
15976,TERM_2,8375,0,0,2025-10-20,1222,Fees Collected for TERM_2 ON 20-10-2025
15976,TERM_3,7975,0,0,2025-07-17,1222,Fees Collected for TERM_3 ON 17-07-2025
15976,TERM_4,7975,0,0,2025-04-14,1222,Fees Collected for TERM_4 ON 14-04-2025
16527,TERM_1,7975,0,0,2025-04-06,1294,Fees Collected for TERM_1 ON 06-04-2025
16527,TERM_2,8375,0,0,2025-05-10,1294,Fees Collected for TERM_2 ON 10-05-2025
16527,TERM_3,7975,0,0,2025-07-04,1294,Fees Collected for TERM_3 ON 04-07-2025
16527,TERM_4,7975,0,0,2024-06-30,1294,Fees Collected for TERM_4 ON 30-06-2024
14693,TERM_1,7975,0,0,2025-09-23,1232,Fees Collected for TERM_1 ON 23-09-2025
14693,TERM_2,8375,0,0,2025-02-21,1232,Fees Collected for TERM_2 ON 21-02-2025
14693,TERM_3,7975,0,0,2025-08-07,1232,Fees Collected for TERM_3 ON 07-08-2025
14693,TERM_4,7975,0,0,2024-12-19,1232,Fees Collected for TERM_4 ON 19-12-2024
15582,TERM_1,7975,0,0,2025-09-03,1310,Fees Collected for TERM_1 ON 03-09-2025
15582,TERM_2,8375,0,0,2024-10-16,1310,Fees Collected for TERM_2 ON 16-10-2024
15582,TERM_3,7975,0,0,2024-10-27,1310,Fees Collected for TERM_3 ON 27-10-2024
15582,TERM_4,7975,0,0,2024-06-23,1310,Fees Collected for TERM_4 ON 23-06-2024
16573,TERM_1,7975,0,0,2024-10-16,1235,Fees Collected for TERM_1 ON 16-10-2024
16573,TERM_2,8375,0,0,2025-05-21,1235,Fees Collected for TERM_2 ON 21-05-2025
16573,TERM_3,7975,0,0,2024-10-09,1235,Fees Collected for TERM_3 ON 09-10-2024
16573,TERM_4,7975,0,0,2025-12-09,1235,Fees Collected for TERM_4 ON 09-12-2025
14860,TERM_1,7975,0,0,2025-06-24,1225,Fees Collected for TERM_1 ON 24-06-2025
14860,TERM_2,8375,0,0,2025-04-17,1225,Fees Collected for TERM_2 ON 17-04-2025
14860,TERM_3,7975,0,0,2024-06-20,1225,Fees Collected for TERM_3 ON 20-06-2024
14860,TERM_4,7975,0,0,2025-06-07,1225,Fees Collected for TERM_4 ON 07-06-2025
16764,TERM_1,7975,0,0,2025-07-14,1346,Fees Collected for TERM_1 ON 14-07-2025
16764,TERM_2,8375,0,0,2024-06-23,1346,Fees Collected for TERM_2 ON 23-06-2024
16764,TERM_3,7975,0,0,2024-09-28,1346,Fees Collected for TERM_3 ON 28-09-2024
16764,TERM_4,7975,0,0,2024-12-15,1346,Fees Collected for TERM_4 ON 15-12-2024
15669,TERM_1,7975,0,0,2025-10-30,1297,Fees Collected for TERM_1 ON 30-10-2025
15669,TERM_2,8375,0,0,2025-10-01,1297,Fees Collected for TERM_2 ON 01-10-2025
15669,TERM_3,7975,0,0,2024-07-26,1297,Fees Collected for TERM_3 ON 26-07-2024
15669,TERM_4,2975,5000,0,2025-11-26,1297,Fees Collected for TERM_4 ON 26-11-2025
14899,TERM_1,7975,0,0,2025-04-13,1322,Fees Collected for TERM_1 ON 13-04-2025
14899,TERM_2,8375,0,0,2024-08-28,1322,Fees Collected for TERM_2 ON 28-08-2024
14899,TERM_3,7975,0,0,2024-08-20,1322,Fees Collected for TERM_3 ON 20-08-2024
14899,TERM_4,7975,0,0,2024-11-03,1322,Fees Collected for TERM_4 ON 03-11-2024
14907,TERM_1,7975,0,0,2025-04-27,1234,Fees Collected for TERM_1 ON 27-04-2025
14907,TERM_2,8375,0,0,2025-11-16,1234,Fees Collected for TERM_2 ON 16-11-2025
14907,TERM_3,0,7975,0,2025-01-28,1234,Fees Collected for TERM_3 ON 28-01-2025
14907,TERM_4,0,7975,0,2024-09-08,1234,Fees Collected for TERM_4 ON 08-09-2024
15603,TERM_1,7975,0,0,2025-10-01,1233,Fees Collected for TERM_1 ON 01-10-2025
15603,TERM_2,8375,0,0,2024-07-22,1233,Fees Collected for TERM_2 ON 22-07-2024
15603,TERM_3,7975,0,0,2024-11-12,1233,Fees Collected for TERM_3 ON 12-11-2024
15603,TERM_4,7975,0,0,2025-01-17,1233,Fees Collected for TERM_4 ON 17-01-2025
15011,TERM_1,7975,0,0,2025-05-13,1293,Fees Collected for TERM_1 ON 13-05-2025
15011,TERM_2,8375,0,0,2024-08-24,1293,Fees Collected for TERM_2 ON 24-08-2024
15011,TERM_3,7975,0,0,2025-05-05,1293,Fees Collected for TERM_3 ON 05-05-2025
15011,TERM_4,475,7500,0,2025-02-10,1293,Fees Collected for TERM_4 ON 10-02-2025
14733,TERM_1,7975,0,0,2025-03-04,1246,Fees Collected for TERM_1 ON 04-03-2025
14733,TERM_2,8375,0,0,2025-11-28,1246,Fees Collected for TERM_2 ON 28-11-2025
14733,TERM_3,7975,0,0,2025-07-02,1246,Fees Collected for TERM_3 ON 02-07-2025
14733,TERM_4,7975,0,0,2025-07-16,1246,Fees Collected for TERM_4 ON 16-07-2025
14880,TERM_1,7975,0,0,2025-01-02,1226,Fees Collected for TERM_1 ON 02-01-2025
14880,TERM_2,8375,0,0,2025-09-21,1226,Fees Collected for TERM_2 ON 21-09-2025
14880,TERM_3,7975,0,0,2025-08-13,1226,Fees Collected for TERM_3 ON 13-08-2025
14880,TERM_4,7975,0,0,2024-07-03,1226,Fees Collected for TERM_4 ON 03-07-2024
16781,TERM_1,7975,0,0,2025-12-24,1350,Fees Collected for TERM_1 ON 24-12-2025
16781,TERM_2,8375,0,0,2025-10-12,1350,Fees Collected for TERM_2 ON 12-10-2025
16781,TERM_3,7975,0,0,2025-09-13,1350,Fees Collected for TERM_3 ON 13-09-2025
16781,TERM_4,7975,0,0,2024-12-09,1350,Fees Collected for TERM_4 ON 09-12-2024
15041,TERM_1,7975,0,0,2025-10-11,1351,Fees Collected for TERM_1 ON 11-10-2025
15041,TERM_2,8375,0,0,2025-06-12,1351,Fees Collected for TERM_2 ON 12-06-2025
15041,TERM_3,7975,0,0,2024-12-28,1351,Fees Collected for TERM_3 ON 28-12-2024
15041,TERM_4,7975,0,0,2025-08-04,1351,Fees Collected for TERM_4 ON 04-08-2025
16578,TERM_1,7975,0,0,2024-09-09,1197,Fees Collected for TERM_1 ON 09-09-2024
16578,TERM_2,8375,0,0,2025-08-26,1197,Fees Collected for TERM_2 ON 26-08-2025
16578,TERM_3,7975,0,0,2025-01-02,1197,Fees Collected for TERM_3 ON 02-01-2025
16578,TERM_4,7975,0,0,2025-02-16,1197,Fees Collected for TERM_4 ON 16-02-2025
14881,TERM_1,7975,0,0,2025-10-26,1352,Fees Collected for TERM_1 ON 26-10-2025
14881,TERM_2,8375,0,0,2025-11-23,1352,Fees Collected for TERM_2 ON 23-11-2025
14881,TERM_3,7975,0,0,2025-12-19,1352,Fees Collected for TERM_3 ON 19-12-2025
14881,TERM_4,7475,500,0,2025-02-07,1352,Fees Collected for TERM_4 ON 07-02-2025
14924,TERM_1,7975,0,0,2025-03-29,1353,Fees Collected for TERM_1 ON 29-03-2025
14924,TERM_2,8375,0,0,2025-11-25,1353,Fees Collected for TERM_2 ON 25-11-2025
14924,TERM_3,7975,0,0,2024-07-31,1353,Fees Collected for TERM_3 ON 31-07-2024
14924,TERM_4,7975,0,0,2025-07-28,1353,Fees Collected for TERM_4 ON 28-07-2025
14854,TERM_1,7975,0,0,2024-08-12,1354,Fees Collected for TERM_1 ON 12-08-2024
14854,TERM_2,8375,0,0,2024-08-23,1354,Fees Collected for TERM_2 ON 23-08-2024
14854,TERM_3,7975,0,0,2025-05-26,1354,Fees Collected for TERM_3 ON 26-05-2025
14854,TERM_4,7975,0,0,2024-10-25,1354,Fees Collected for TERM_4 ON 25-10-2024
14875,TERM_1,7975,0,0,2024-09-21,1355,Fees Collected for TERM_1 ON 21-09-2024
14875,TERM_2,8375,0,0,2025-07-10,1355,Fees Collected for TERM_2 ON 10-07-2025
14875,TERM_3,7975,0,0,2025-04-16,1355,Fees Collected for TERM_3 ON 16-04-2025
14875,TERM_4,7975,0,0,2025-01-11,1355,Fees Collected for TERM_4 ON 11-01-2025
14870,TERM_1,7975,0,0,2024-07-12,1356,Fees Collected for TERM_1 ON 12-07-2024
14870,TERM_2,8375,0,0,2024-06-13,1356,Fees Collected for TERM_2 ON 13-06-2024
14870,TERM_3,7975,0,0,2025-12-26,1356,Fees Collected for TERM_3 ON 26-12-2025
14870,TERM_4,7975,0,0,2025-09-05,1356,Fees Collected for TERM_4 ON 05-09-2025
15599,TERM_1,7975,0,0,2025-11-08,1357,Fees Collected for TERM_1 ON 08-11-2025
15599,TERM_2,8375,0,0,2025-08-27,1357,Fees Collected for TERM_2 ON 27-08-2025
15599,TERM_3,7975,0,0,2024-07-22,1357,Fees Collected for TERM_3 ON 22-07-2024
15599,TERM_4,7975,0,0,2025-05-29,1357,Fees Collected for TERM_4 ON 29-05-2025
14936,TERM_1,7975,0,0,2025-01-19,1358,Fees Collected for TERM_1 ON 19-01-2025
14936,TERM_2,8375,0,0,2024-08-09,1358,Fees Collected for TERM_2 ON 09-08-2024
14936,TERM_3,7975,0,0,2025-08-27,1358,Fees Collected for TERM_3 ON 27-08-2025
14936,TERM_4,7975,0,0,2024-10-23,1358,Fees Collected for TERM_4 ON 23-10-2024
15134,TERM_1,7975,0,0,2025-11-29,1359,Fees Collected for TERM_1 ON 29-11-2025
15134,TERM_2,8375,0,0,2025-02-23,1359,Fees Collected for TERM_2 ON 23-02-2025
15134,TERM_3,7975,0,0,2025-02-27,1359,Fees Collected for TERM_3 ON 27-02-2025
15134,TERM_4,7975,0,0,2025-05-14,1359,Fees Collected for TERM_4 ON 14-05-2025
14739,TERM_1,7975,0,0,2024-06-12,1317,Fees Collected for TERM_1 ON 12-06-2024
14739,TERM_2,8375,0,0,2025-07-25,1317,Fees Collected for TERM_2 ON 25-07-2025
14739,TERM_3,7975,0,0,2025-12-19,1317,Fees Collected for TERM_3 ON 19-12-2025
14739,TERM_4,7975,0,0,2024-08-22,1317,Fees Collected for TERM_4 ON 22-08-2024
14850,TERM_1,7975,0,0,2024-11-16,1345,Fees Collected for TERM_1 ON 16-11-2024
14850,TERM_2,8375,0,0,2024-06-26,1345,Fees Collected for TERM_2 ON 26-06-2024
14850,TERM_3,7975,0,0,2024-09-01,1345,Fees Collected for TERM_3 ON 01-09-2024
14850,TERM_4,4975,3000,0,2025-06-11,1345,Fees Collected for TERM_4 ON 11-06-2025
15118,TERM_1,7975,0,0,2025-06-28,1318,Fees Collected for TERM_1 ON 28-06-2025
15118,TERM_2,8375,0,0,2024-10-12,1318,Fees Collected for TERM_2 ON 12-10-2024
15118,TERM_3,7975,0,0,2025-05-15,1318,Fees Collected for TERM_3 ON 15-05-2025
15118,TERM_4,7975,0,0,2025-05-04,1318,Fees Collected for TERM_4 ON 04-05-2025
14536,TERM_1,7975,0,0,2024-12-07,1319,Fees Collected for TERM_1 ON 07-12-2024
14536,TERM_2,8375,0,0,2025-07-12,1319,Fees Collected for TERM_2 ON 12-07-2025
14536,TERM_3,7975,0,0,2025-09-10,1319,Fees Collected for TERM_3 ON 10-09-2025
14536,TERM_4,7975,0,0,2025-05-04,1319,Fees Collected for TERM_4 ON 04-05-2025
14987,TERM_1,7975,0,0,2025-04-26,1320,Fees Collected for TERM_1 ON 26-04-2025
14987,TERM_2,8375,0,0,2025-05-25,1320,Fees Collected for TERM_2 ON 25-05-2025
14987,TERM_3,7975,0,0,2025-04-25,1320,Fees Collected for TERM_3 ON 25-04-2025
14987,TERM_4,7975,0,0,2024-06-29,1320,Fees Collected for TERM_4 ON 29-06-2024
14864,TERM_1,7975,0,0,2024-09-01,1321,Fees Collected for TERM_1 ON 01-09-2024
14864,TERM_2,8375,0,0,2025-08-17,1321,Fees Collected for TERM_2 ON 17-08-2025
14864,TERM_3,7975,0,0,2025-08-23,1321,Fees Collected for TERM_3 ON 23-08-2025
14864,TERM_4,7975,0,0,2025-02-18,1321,Fees Collected for TERM_4 ON 18-02-2025
15616,TERM_1,7975,0,0,2025-05-12,1323,Fees Collected for TERM_1 ON 12-05-2025
15616,TERM_2,8375,0,0,2025-08-02,1323,Fees Collected for TERM_2 ON 02-08-2025
15616,TERM_3,7975,0,0,2025-01-31,1323,Fees Collected for TERM_3 ON 31-01-2025
15616,TERM_4,7975,0,0,2025-03-29,1323,Fees Collected for TERM_4 ON 29-03-2025
15925,TERM_1,7975,0,0,2025-09-04,1324,Fees Collected for TERM_1 ON 04-09-2025
15925,TERM_2,8375,0,0,2025-03-17,1324,Fees Collected for TERM_2 ON 17-03-2025
15925,TERM_3,7975,0,0,2025-05-22,1324,Fees Collected for TERM_3 ON 22-05-2025
15925,TERM_4,7975,0,0,2025-09-16,1324,Fees Collected for TERM_4 ON 16-09-2025
16725,TERM_1,7975,0,0,2025-03-21,1325,Fees Collected for TERM_1 ON 21-03-2025
16725,TERM_2,8375,0,0,2024-12-01,1325,Fees Collected for TERM_2 ON 01-12-2024
16725,TERM_3,7975,0,0,2024-11-12,1325,Fees Collected for TERM_3 ON 12-11-2024
16725,TERM_4,7975,0,0,2025-02-26,1325,Fees Collected for TERM_4 ON 26-02-2025
14975,TERM_1,7975,0,0,2024-10-20,1984,Fees Collected for TERM_1 ON 20-10-2024
14975,TERM_2,8375,0,0,2025-01-22,1984,Fees Collected for TERM_2 ON 22-01-2025
14975,TERM_3,7975,0,0,2025-07-08,1984,Fees Collected for TERM_3 ON 08-07-2025
14975,TERM_4,7975,0,0,2025-06-24,1984,Fees Collected for TERM_4 ON 24-06-2025
16457,TERM_1,7975,0,0,2024-11-10,1327,Fees Collected for TERM_1 ON 10-11-2024
16457,TERM_2,8375,0,0,2025-08-13,1327,Fees Collected for TERM_2 ON 13-08-2025
16457,TERM_3,7975,0,0,2024-07-03,1327,Fees Collected for TERM_3 ON 03-07-2024
16457,TERM_4,7975,0,0,2024-11-19,1327,Fees Collected for TERM_4 ON 19-11-2024
15355,TERM_1,7975,0,0,2025-12-16,1292,Fees Collected for TERM_1 ON 16-12-2025
15355,TERM_2,8375,0,0,2025-05-22,1292,Fees Collected for TERM_2 ON 22-05-2025
15355,TERM_3,7975,0,0,2025-09-16,1292,Fees Collected for TERM_3 ON 16-09-2025
15355,TERM_4,7975,0,0,2024-12-11,1292,Fees Collected for TERM_4 ON 11-12-2024
14972,TERM_1,7975,0,0,2024-06-19,1329,Fees Collected for TERM_1 ON 19-06-2024
14972,TERM_2,8375,0,0,2025-08-13,1329,Fees Collected for TERM_2 ON 13-08-2025
14972,TERM_3,7975,0,0,2025-11-11,1329,Fees Collected for TERM_3 ON 11-11-2025
14972,TERM_4,7975,0,0,2024-12-22,1329,Fees Collected for TERM_4 ON 22-12-2024
15899,TERM_1,7975,0,0,2025-06-01,1330,Fees Collected for TERM_1 ON 01-06-2025
15899,TERM_2,8375,0,0,2025-04-21,1330,Fees Collected for TERM_2 ON 21-04-2025
15899,TERM_4,0,0,0,2024-06-16,1330,Fees Collected for TERM_4 ON 16-06-2024
14966,TERM_1,7975,0,0,2024-07-29,1331,Fees Collected for TERM_1 ON 29-07-2024
14966,TERM_2,8375,0,0,2025-06-28,1331,Fees Collected for TERM_2 ON 28-06-2025
14966,TERM_3,7975,0,0,2025-05-11,1331,Fees Collected for TERM_3 ON 11-05-2025
14966,TERM_4,7975,0,0,2025-07-02,1331,Fees Collected for TERM_4 ON 02-07-2025
15990,TERM_1,7975,0,0,2025-12-18,1332,Fees Collected for TERM_1 ON 18-12-2025
15990,TERM_2,8375,0,0,2025-05-12,1332,Fees Collected for TERM_2 ON 12-05-2025
15990,TERM_3,7975,0,0,2024-10-09,1332,Fees Collected for TERM_3 ON 09-10-2024
15990,TERM_4,7975,0,0,2024-08-05,1332,Fees Collected for TERM_4 ON 05-08-2024
16546,TERM_1,7975,0,0,2025-03-15,1296,Fees Collected for TERM_1 ON 15-03-2025
16546,TERM_2,8375,0,0,2024-07-13,1296,Fees Collected for TERM_2 ON 13-07-2024
16546,TERM_3,7975,0,0,2025-12-05,1296,Fees Collected for TERM_3 ON 05-12-2025
16546,TERM_4,7975,0,0,2024-11-03,1296,Fees Collected for TERM_4 ON 03-11-2024
14962,TERM_1,7975,0,0,2025-08-22,1334,Fees Collected for TERM_1 ON 22-08-2025
14962,TERM_2,8375,0,0,2025-10-16,1334,Fees Collected for TERM_2 ON 16-10-2025
14962,TERM_3,7975,0,0,2025-05-13,1334,Fees Collected for TERM_3 ON 13-05-2025
14962,TERM_4,7975,0,0,2025-09-12,1334,Fees Collected for TERM_4 ON 12-09-2025
14990,TERM_1,7975,0,0,2024-12-15,1202,Fees Collected for TERM_1 ON 15-12-2024
14990,TERM_2,8375,0,0,2024-06-20,1202,Fees Collected for TERM_2 ON 20-06-2024
14990,TERM_3,7975,0,0,2025-10-07,1202,Fees Collected for TERM_3 ON 07-10-2025
14990,TERM_4,7975,0,0,2025-04-05,1202,Fees Collected for TERM_4 ON 05-04-2025
16575,TERM_1,7975,0,0,2024-09-18,1335,Fees Collected for TERM_1 ON 18-09-2024
16575,TERM_2,8375,0,0,2025-07-21,1335,Fees Collected for TERM_2 ON 21-07-2025
16575,TERM_3,7975,0,0,2024-11-22,1335,Fees Collected for TERM_3 ON 22-11-2024
16575,TERM_4,7975,0,0,2024-12-30,1335,Fees Collected for TERM_4 ON 30-12-2024
15381,TERM_1,7975,0,0,2025-10-05,1298,Fees Collected for TERM_1 ON 05-10-2025
15381,TERM_2,8375,0,0,2025-11-12,1298,Fees Collected for TERM_2 ON 12-11-2025
15381,TERM_3,7975,0,0,2025-04-06,1298,Fees Collected for TERM_3 ON 06-04-2025
15381,TERM_4,7975,0,0,2025-04-08,1298,Fees Collected for TERM_4 ON 08-04-2025
16067,TERM_1,7975,0,0,2024-09-23,1337,Fees Collected for TERM_1 ON 23-09-2024
16067,TERM_2,8375,0,0,2025-02-08,1337,Fees Collected for TERM_2 ON 08-02-2025
16067,TERM_3,7975,0,0,2024-08-30,1337,Fees Collected for TERM_3 ON 30-08-2024
16067,TERM_4,7975,0,0,2025-08-19,1337,Fees Collected for TERM_4 ON 19-08-2025
14923,TERM_1,7975,0,0,2025-09-05,1338,Fees Collected for TERM_1 ON 05-09-2025
14923,TERM_2,8375,0,0,2025-06-03,1338,Fees Collected for TERM_2 ON 03-06-2025
14923,TERM_3,7975,0,0,2025-08-04,1338,Fees Collected for TERM_3 ON 04-08-2025
14923,TERM_4,7975,0,0,2024-12-25,1338,Fees Collected for TERM_4 ON 25-12-2024
16212,TERM_1,7975,0,0,2025-08-11,1339,Fees Collected for TERM_1 ON 11-08-2025
16212,TERM_2,8375,0,0,2025-06-30,1339,Fees Collected for TERM_2 ON 30-06-2025
16212,TERM_3,7975,0,0,2025-02-17,1339,Fees Collected for TERM_3 ON 17-02-2025
16212,TERM_4,7975,0,0,2025-03-30,1339,Fees Collected for TERM_4 ON 30-03-2025
15623,TERM_1,7975,0,0,2024-10-11,1340,Fees Collected for TERM_1 ON 11-10-2024
15623,TERM_2,8375,0,0,2025-05-26,1340,Fees Collected for TERM_2 ON 26-05-2025
15623,TERM_3,7975,0,0,2025-08-28,1340,Fees Collected for TERM_3 ON 28-08-2025
15623,TERM_4,7975,0,0,2025-01-03,1340,Fees Collected for TERM_4 ON 03-01-2025
14947,TERM_1,7975,0,0,2024-06-21,1315,Fees Collected for TERM_1 ON 21-06-2024
14947,TERM_2,8375,0,0,2024-08-12,1315,Fees Collected for TERM_2 ON 12-08-2024
14947,TERM_3,0,7975,0,2024-10-17,1315,Fees Collected for TERM_3 ON 17-10-2024
14947,TERM_4,0,7975,0,2024-09-05,1315,Fees Collected for TERM_4 ON 05-09-2024
14882,TERM_1,7975,0,0,2024-09-02,1342,Fees Collected for TERM_1 ON 02-09-2024
14882,TERM_2,8375,0,0,2025-12-19,1342,Fees Collected for TERM_2 ON 19-12-2025
14882,TERM_3,7975,0,0,2025-12-24,1342,Fees Collected for TERM_3 ON 24-12-2025
14882,TERM_4,7975,0,0,2025-08-25,1342,Fees Collected for TERM_4 ON 25-08-2025
16052,TERM_1,7975,0,0,2025-04-30,1343,Fees Collected for TERM_1 ON 30-04-2025
16052,TERM_2,8375,0,0,2024-07-31,1343,Fees Collected for TERM_2 ON 31-07-2024
16052,TERM_3,7975,0,0,2025-03-11,1343,Fees Collected for TERM_3 ON 11-03-2025
16052,TERM_4,7975,0,0,2025-12-03,1343,Fees Collected for TERM_4 ON 03-12-2025
14949,TERM_1,7975,0,0,2025-06-26,1344,Fees Collected for TERM_1 ON 26-06-2025
14949,TERM_2,8375,0,0,2025-04-11,1344,Fees Collected for TERM_2 ON 11-04-2025
14949,TERM_3,7975,0,0,2025-07-30,1344,Fees Collected for TERM_3 ON 30-07-2025
14949,TERM_4,7975,0,0,2025-03-08,1344,Fees Collected for TERM_4 ON 08-03-2025
14669,TERM_1,7975,0,0,2025-02-06,1267,Fees Collected for TERM_1 ON 06-02-2025
14669,TERM_2,8375,0,0,2025-10-12,1267,Fees Collected for TERM_2 ON 12-10-2025
14669,TERM_3,7975,0,0,2025-02-28,1267,Fees Collected for TERM_3 ON 28-02-2025
14669,TERM_4,0,7975,0,2025-10-18,1267,Fees Collected for TERM_4 ON 18-10-2025
16168,TERM_1,7975,0,0,2025-11-16,1268,Fees Collected for TERM_1 ON 16-11-2025
16168,TERM_2,8375,0,0,2024-08-21,1268,Fees Collected for TERM_2 ON 21-08-2024
16168,TERM_3,7975,0,0,2024-07-12,1268,Fees Collected for TERM_3 ON 12-07-2024
16168,TERM_4,7975,0,0,2025-06-13,1268,Fees Collected for TERM_4 ON 13-06-2025
14967,TERM_1,7975,0,0,2024-11-30,1195,Fees Collected for TERM_1 ON 30-11-2024
14967,TERM_2,8375,0,0,2025-04-09,1195,Fees Collected for TERM_2 ON 09-04-2025
14967,TERM_3,7975,0,0,2024-12-14,1195,Fees Collected for TERM_3 ON 14-12-2024
14967,TERM_4,7975,0,0,2024-10-20,1195,Fees Collected for TERM_4 ON 20-10-2024
16879,TERM_1,7975,0,0,2025-12-22,1258,Fees Collected for TERM_1 ON 22-12-2025
16879,TERM_2,8375,0,0,2025-10-29,1258,Fees Collected for TERM_2 ON 29-10-2025
16879,TERM_3,7975,0,0,2025-04-01,1258,Fees Collected for TERM_3 ON 01-04-2025
16879,TERM_4,7975,0,0,2025-08-27,1258,Fees Collected for TERM_4 ON 27-08-2025
17144,TERM_1,7975,0,0,2025-02-18,1290,Fees Collected for TERM_1 ON 18-02-2025
17144,TERM_2,8375,0,0,2025-03-29,1290,Fees Collected for TERM_2 ON 29-03-2025
17144,TERM_3,7975,0,0,2025-09-15,1290,Fees Collected for TERM_3 ON 15-09-2025
17144,TERM_4,7975,0,0,2025-12-15,1290,Fees Collected for TERM_4 ON 15-12-2025
17150,TERM_1,7975,0,0,2025-10-12,1291,Fees Collected for TERM_1 ON 12-10-2025
17150,TERM_2,8375,0,0,2024-10-18,1291,Fees Collected for TERM_2 ON 18-10-2024
17150,TERM_3,7975,0,0,2025-11-13,1291,Fees Collected for TERM_3 ON 13-11-2025
17150,TERM_4,7975,0,0,2025-11-14,1291,Fees Collected for TERM_4 ON 14-11-2025
15277,TERM_1,9900,0,0,2024-07-27,1402,Fees Collected for TERM_1 ON 27-07-2024
15277,TERM_2,10300,0,0,2025-03-04,1402,Fees Collected for TERM_2 ON 04-03-2025
15277,TERM_3,9900,0,0,2025-08-02,1402,Fees Collected for TERM_3 ON 02-08-2025
15277,TERM_4,9400,500,0,2025-03-08,1402,Fees Collected for TERM_4 ON 08-03-2025
14174,TERM_1,9900,0,0,2025-10-20,1407,Fees Collected for TERM_1 ON 20-10-2025
14174,TERM_2,10300,0,0,2025-02-24,1407,Fees Collected for TERM_2 ON 24-02-2025
14174,TERM_3,9900,0,0,2025-09-15,1407,Fees Collected for TERM_3 ON 15-09-2025
14174,TERM_4,9900,0,0,2024-11-28,1407,Fees Collected for TERM_4 ON 28-11-2024
14540,TERM_1,9900,0,0,2024-10-03,1406,Fees Collected for TERM_1 ON 03-10-2024
14540,TERM_2,10300,0,0,2025-10-22,1406,Fees Collected for TERM_2 ON 22-10-2025
14540,TERM_3,9900,0,0,2025-01-28,1406,Fees Collected for TERM_3 ON 28-01-2025
14540,TERM_4,9900,0,0,2024-08-06,1406,Fees Collected for TERM_4 ON 06-08-2024
14732,TERM_1,9900,0,0,2024-10-30,1405,Fees Collected for TERM_1 ON 30-10-2024
14732,TERM_2,10300,0,0,2025-06-15,1405,Fees Collected for TERM_2 ON 15-06-2025
14732,TERM_3,9900,0,0,2024-09-26,1405,Fees Collected for TERM_3 ON 26-09-2024
14732,TERM_4,9900,0,0,2025-08-03,1405,Fees Collected for TERM_4 ON 03-08-2025
14607,TERM_1,9900,0,0,2025-01-05,1404,Fees Collected for TERM_1 ON 05-01-2025
14607,TERM_2,10300,0,0,2025-07-18,1404,Fees Collected for TERM_2 ON 18-07-2025
14607,TERM_3,9900,0,0,2024-12-29,1404,Fees Collected for TERM_3 ON 29-12-2024
14607,TERM_4,9900,0,0,2024-07-19,1404,Fees Collected for TERM_4 ON 19-07-2024
14511,TERM_1,9900,0,0,2025-06-09,1509,Fees Collected for TERM_1 ON 09-06-2025
14511,TERM_2,10300,0,0,2024-07-21,1509,Fees Collected for TERM_2 ON 21-07-2024
14511,TERM_3,9900,0,0,2025-05-31,1509,Fees Collected for TERM_3 ON 31-05-2025
14511,TERM_4,9900,0,0,2025-02-16,1509,Fees Collected for TERM_4 ON 16-02-2025
14523,TERM_1,9900,0,0,2025-05-12,1411,Fees Collected for TERM_1 ON 12-05-2025
14523,TERM_2,10300,0,0,2025-09-19,1411,Fees Collected for TERM_2 ON 19-09-2025
14523,TERM_3,9900,0,0,2025-11-11,1411,Fees Collected for TERM_3 ON 11-11-2025
14523,TERM_4,9900,0,0,2025-01-31,1411,Fees Collected for TERM_4 ON 31-01-2025
14630,TERM_1,9900,0,0,2025-12-05,1541,Fees Collected for TERM_1 ON 05-12-2025
14630,TERM_2,10300,0,0,2024-07-07,1541,Fees Collected for TERM_2 ON 07-07-2024
14630,TERM_3,0,9900,0,2025-08-25,1541,Fees Collected for TERM_3 ON 25-08-2025
14630,TERM_4,0,9900,0,2024-07-11,1541,Fees Collected for TERM_4 ON 11-07-2024
17033,TERM_1,9900,0,0,2025-05-18,1539,Fees Collected for TERM_1 ON 18-05-2025
17033,TERM_2,10300,0,0,2024-08-28,1539,Fees Collected for TERM_2 ON 28-08-2024
17033,TERM_3,9900,0,0,2025-04-24,1539,Fees Collected for TERM_3 ON 24-04-2025
17033,TERM_4,9900,0,0,2025-11-29,1539,Fees Collected for TERM_4 ON 29-11-2025
16051,TERM_1,9900,0,0,2025-07-13,1397,Fees Collected for TERM_1 ON 13-07-2025
16051,TERM_2,10300,0,0,2025-02-19,1397,Fees Collected for TERM_2 ON 19-02-2025
16051,TERM_3,9900,0,0,2024-07-22,1397,Fees Collected for TERM_3 ON 22-07-2024
16051,TERM_4,9900,0,0,2024-08-21,1397,Fees Collected for TERM_4 ON 21-08-2024
14727,TERM_1,9900,0,0,2025-12-26,1415,Fees Collected for TERM_1 ON 26-12-2025
14727,TERM_2,10300,0,0,2025-07-04,1415,Fees Collected for TERM_2 ON 04-07-2025
14727,TERM_3,9900,0,0,2024-06-27,1415,Fees Collected for TERM_3 ON 27-06-2024
14727,TERM_4,9900,0,0,2025-04-19,1415,Fees Collected for TERM_4 ON 19-04-2025
16602,TERM_1,9900,0,0,2025-05-26,1513,Fees Collected for TERM_1 ON 26-05-2025
16602,TERM_2,10300,0,0,2025-12-03,1513,Fees Collected for TERM_2 ON 03-12-2025
16602,TERM_3,9900,0,0,2025-10-14,1513,Fees Collected for TERM_3 ON 14-10-2025
16602,TERM_4,9900,0,0,2024-12-31,1513,Fees Collected for TERM_4 ON 31-12-2024
14620,TERM_1,9900,0,0,2024-08-01,1424,Fees Collected for TERM_1 ON 01-08-2024
14620,TERM_2,10300,0,0,2024-06-25,1424,Fees Collected for TERM_2 ON 25-06-2024
14620,TERM_3,9900,0,0,2025-06-15,1424,Fees Collected for TERM_3 ON 15-06-2025
14620,TERM_4,9900,0,0,2024-11-08,1424,Fees Collected for TERM_4 ON 08-11-2024
16450,TERM_1,9900,0,0,2025-03-25,1507,Fees Collected for TERM_1 ON 25-03-2025
16450,TERM_2,10300,0,0,2025-08-20,1507,Fees Collected for TERM_2 ON 20-08-2025
16450,TERM_3,9900,0,0,2025-05-11,1507,Fees Collected for TERM_3 ON 11-05-2025
16450,TERM_4,9900,0,0,2024-10-31,1507,Fees Collected for TERM_4 ON 31-10-2024
15247,TERM_1,9900,0,0,2025-03-08,1427,Fees Collected for TERM_1 ON 08-03-2025
15247,TERM_2,10300,0,0,2025-06-26,1427,Fees Collected for TERM_2 ON 26-06-2025
15247,TERM_3,9900,0,0,2025-02-22,1427,Fees Collected for TERM_3 ON 22-02-2025
15247,TERM_4,9900,0,0,2025-12-13,1427,Fees Collected for TERM_4 ON 13-12-2025
14791,TERM_1,9900,0,0,2025-01-09,1430,Fees Collected for TERM_1 ON 09-01-2025
14791,TERM_2,10300,0,0,2025-04-05,1430,Fees Collected for TERM_2 ON 05-04-2025
14791,TERM_3,9900,0,0,2025-03-19,1430,Fees Collected for TERM_3 ON 19-03-2025
14791,TERM_4,9900,0,0,2024-06-29,1430,Fees Collected for TERM_4 ON 29-06-2024
14532,TERM_1,9900,0,0,2025-06-01,1412,Fees Collected for TERM_1 ON 01-06-2025
14532,TERM_2,10300,0,0,2025-04-22,1412,Fees Collected for TERM_2 ON 22-04-2025
14532,TERM_3,9900,0,0,2025-09-25,1412,Fees Collected for TERM_3 ON 25-09-2025
14532,TERM_4,9900,0,0,2025-06-05,1412,Fees Collected for TERM_4 ON 05-06-2025
16059,TERM_1,9900,0,0,2024-12-06,1429,Fees Collected for TERM_1 ON 06-12-2024
16059,TERM_2,10300,0,0,2025-04-18,1429,Fees Collected for TERM_2 ON 18-04-2025
16059,TERM_3,9900,0,0,2024-07-30,1429,Fees Collected for TERM_3 ON 30-07-2024
16059,TERM_4,9900,0,0,2024-06-20,1429,Fees Collected for TERM_4 ON 20-06-2024
14544,TERM_1,9900,0,0,2025-12-19,1403,Fees Collected for TERM_1 ON 19-12-2025
14544,TERM_2,10300,0,0,2025-05-21,1403,Fees Collected for TERM_2 ON 21-05-2025
14544,TERM_3,9900,0,0,2024-06-22,1403,Fees Collected for TERM_3 ON 22-06-2024
14544,TERM_4,9900,0,0,2024-12-20,1403,Fees Collected for TERM_4 ON 20-12-2024
14772,TERM_1,9900,0,0,2025-09-14,1417,Fees Collected for TERM_1 ON 14-09-2025
14772,TERM_2,10300,0,0,2025-06-28,1417,Fees Collected for TERM_2 ON 28-06-2025
14772,TERM_3,9900,0,0,2025-01-12,1417,Fees Collected for TERM_3 ON 12-01-2025
14772,TERM_4,9900,0,0,2025-08-08,1417,Fees Collected for TERM_4 ON 08-08-2025
14920,TERM_1,9900,0,0,2025-02-07,1432,Fees Collected for TERM_1 ON 07-02-2025
14920,TERM_2,10300,0,0,2025-12-22,1432,Fees Collected for TERM_2 ON 22-12-2025
14920,TERM_3,9900,0,0,2025-04-04,1432,Fees Collected for TERM_3 ON 04-04-2025
14920,TERM_4,9900,0,0,2025-07-12,1432,Fees Collected for TERM_4 ON 12-07-2025
15974,TERM_1,9900,0,0,2024-12-31,1511,Fees Collected for TERM_1 ON 31-12-2024
15974,TERM_2,10300,0,0,2024-11-22,1511,Fees Collected for TERM_2 ON 22-11-2024
15974,TERM_3,9900,0,0,2025-03-30,1511,Fees Collected for TERM_3 ON 30-03-2025
15974,TERM_4,9900,0,0,2025-05-05,1511,Fees Collected for TERM_4 ON 05-05-2025
14152,TERM_1,9900,0,0,2024-07-22,1419,Fees Collected for TERM_1 ON 22-07-2024
14152,TERM_2,10300,0,0,2025-05-29,1419,Fees Collected for TERM_2 ON 29-05-2025
14152,TERM_3,9900,0,0,2024-12-10,1419,Fees Collected for TERM_3 ON 10-12-2024
14152,TERM_4,9900,0,0,2024-12-13,1419,Fees Collected for TERM_4 ON 13-12-2024
14582,TERM_1,9900,0,0,2025-03-26,1408,Fees Collected for TERM_1 ON 26-03-2025
14582,TERM_2,10300,0,0,2024-12-21,1408,Fees Collected for TERM_2 ON 21-12-2024
14582,TERM_3,9900,0,0,2025-01-28,1408,Fees Collected for TERM_3 ON 28-01-2025
14582,TERM_4,9900,0,0,2025-04-06,1408,Fees Collected for TERM_4 ON 06-04-2025
16079,TERM_1,9900,0,0,2025-08-04,1392,Fees Collected for TERM_1 ON 04-08-2025
16079,TERM_2,10300,0,0,2025-12-10,1392,Fees Collected for TERM_2 ON 10-12-2025
16079,TERM_3,9900,0,0,2025-03-11,1392,Fees Collected for TERM_3 ON 11-03-2025
16079,TERM_4,9900,0,0,2025-01-08,1392,Fees Collected for TERM_4 ON 08-01-2025
15253,TERM_1,9900,0,0,2025-10-25,1410,Fees Collected for TERM_1 ON 25-10-2025
15253,TERM_2,10300,0,0,2025-02-07,1410,Fees Collected for TERM_2 ON 07-02-2025
15253,TERM_3,9900,0,0,2025-02-08,1410,Fees Collected for TERM_3 ON 08-02-2025
15253,TERM_4,9900,0,0,2025-05-08,1410,Fees Collected for TERM_4 ON 08-05-2025
15921,TERM_1,9900,0,0,2025-05-19,1414,Fees Collected for TERM_1 ON 19-05-2025
15921,TERM_2,10300,0,0,2024-10-27,1414,Fees Collected for TERM_2 ON 27-10-2024
15921,TERM_3,9900,0,0,2025-02-20,1414,Fees Collected for TERM_3 ON 20-02-2025
15921,TERM_4,9900,0,0,2025-02-16,1414,Fees Collected for TERM_4 ON 16-02-2025
16320,TERM_1,9900,0,0,2025-06-27,1398,Fees Collected for TERM_1 ON 27-06-2025
16320,TERM_2,10300,0,0,2024-11-02,1398,Fees Collected for TERM_2 ON 02-11-2024
16320,TERM_3,9900,0,0,2024-12-17,1398,Fees Collected for TERM_3 ON 17-12-2024
16320,TERM_4,9900,0,0,2025-09-27,1398,Fees Collected for TERM_4 ON 27-09-2025
15971,TERM_1,9900,0,0,2025-09-01,1413,Fees Collected for TERM_1 ON 01-09-2025
15971,TERM_2,10300,0,0,2025-03-31,1413,Fees Collected for TERM_2 ON 31-03-2025
15971,TERM_3,9900,0,0,2024-10-29,1413,Fees Collected for TERM_3 ON 29-10-2024
15971,TERM_4,9900,0,0,2024-12-08,1413,Fees Collected for TERM_4 ON 08-12-2024
14746,TERM_1,9900,0,0,2025-05-10,1422,Fees Collected for TERM_1 ON 10-05-2025
14746,TERM_2,10300,0,0,2024-07-13,1422,Fees Collected for TERM_2 ON 13-07-2024
14746,TERM_3,9900,0,0,2025-11-17,1422,Fees Collected for TERM_3 ON 17-11-2025
14746,TERM_4,9900,0,0,2024-06-15,1422,Fees Collected for TERM_4 ON 15-06-2024
15288,TERM_1,9900,0,0,2025-12-26,1416,Fees Collected for TERM_1 ON 26-12-2025
15288,TERM_2,10300,0,0,2025-01-19,1416,Fees Collected for TERM_2 ON 19-01-2025
15288,TERM_3,9900,0,0,2024-11-05,1416,Fees Collected for TERM_3 ON 05-11-2024
15288,TERM_4,9900,0,0,2024-11-28,1416,Fees Collected for TERM_4 ON 28-11-2024
14792,TERM_1,9900,0,0,2025-03-06,1418,Fees Collected for TERM_1 ON 06-03-2025
14792,TERM_2,10300,0,0,2025-08-09,1418,Fees Collected for TERM_2 ON 09-08-2025
14792,TERM_3,9900,0,0,2024-09-06,1418,Fees Collected for TERM_3 ON 06-09-2024
14792,TERM_4,9900,0,0,2024-12-13,1418,Fees Collected for TERM_4 ON 13-12-2024
15727,TERM_1,9900,0,0,2025-01-27,1542,Fees Collected for TERM_1 ON 27-01-2025
15727,TERM_2,10300,0,0,2024-09-23,1542,Fees Collected for TERM_2 ON 23-09-2024
15727,TERM_3,9900,0,0,2025-01-19,1542,Fees Collected for TERM_3 ON 19-01-2025
15727,TERM_4,9900,0,0,2024-09-03,1542,Fees Collected for TERM_4 ON 03-09-2024
16077,TERM_1,9900,0,0,2025-10-29,1399,Fees Collected for TERM_1 ON 29-10-2025
16077,TERM_2,10300,0,0,2025-11-29,1399,Fees Collected for TERM_2 ON 29-11-2025
16077,TERM_3,9900,0,0,2025-05-17,1399,Fees Collected for TERM_3 ON 17-05-2025
16077,TERM_4,0,9900,0,2025-10-12,1399,Fees Collected for TERM_4 ON 12-10-2025
14614,TERM_1,9900,0,0,2025-01-30,1540,Fees Collected for TERM_1 ON 30-01-2025
14614,TERM_2,10300,0,0,2025-09-12,1540,Fees Collected for TERM_2 ON 12-09-2025
14614,TERM_3,0,9900,0,2025-08-04,1540,Fees Collected for TERM_3 ON 04-08-2025
14614,TERM_4,0,9900,0,2025-10-12,1540,Fees Collected for TERM_4 ON 12-10-2025
15681,TERM_1,9900,0,0,2025-02-19,1508,Fees Collected for TERM_1 ON 19-02-2025
15681,TERM_2,10300,0,0,2024-08-08,1508,Fees Collected for TERM_2 ON 08-08-2024
15681,TERM_3,9900,0,0,2025-06-28,1508,Fees Collected for TERM_3 ON 28-06-2025
15681,TERM_4,9900,0,0,2025-06-13,1508,Fees Collected for TERM_4 ON 13-06-2025
15274,TERM_1,9900,0,0,2025-12-02,1394,Fees Collected for TERM_1 ON 02-12-2025
15274,TERM_2,10300,0,0,2025-09-30,1394,Fees Collected for TERM_2 ON 30-09-2025
15274,TERM_3,9900,0,0,2024-08-09,1394,Fees Collected for TERM_3 ON 09-08-2024
15274,TERM_4,7400,2500,0,2025-10-04,1394,Fees Collected for TERM_4 ON 04-10-2025
16562,TERM_1,9900,0,0,2025-06-12,1393,Fees Collected for TERM_1 ON 12-06-2025
16562,TERM_2,10300,0,0,2024-12-26,1393,Fees Collected for TERM_2 ON 26-12-2024
16562,TERM_3,9900,0,0,2025-10-08,1393,Fees Collected for TERM_3 ON 08-10-2025
16562,TERM_4,9900,0,0,2024-11-19,1393,Fees Collected for TERM_4 ON 19-11-2024
14691,TERM_1,9900,0,0,2025-03-25,1400,Fees Collected for TERM_1 ON 25-03-2025
14691,TERM_2,10300,0,0,2025-01-05,1400,Fees Collected for TERM_2 ON 05-01-2025
14691,TERM_3,9900,0,0,2025-11-18,1400,Fees Collected for TERM_3 ON 18-11-2025
14691,TERM_4,9900,0,0,2024-09-14,1400,Fees Collected for TERM_4 ON 14-09-2024
16773,TERM_1,9900,0,0,2025-04-29,1395,Fees Collected for TERM_1 ON 29-04-2025
16773,TERM_2,10300,0,0,2025-11-06,1395,Fees Collected for TERM_2 ON 06-11-2025
16773,TERM_3,9900,0,0,2025-09-05,1395,Fees Collected for TERM_3 ON 05-09-2025
16773,TERM_4,9900,0,0,2025-10-15,1395,Fees Collected for TERM_4 ON 15-10-2025
14940,TERM_1,9900,0,0,2025-12-23,1391,Fees Collected for TERM_1 ON 23-12-2025
14940,TERM_2,10300,0,0,2025-06-19,1391,Fees Collected for TERM_2 ON 19-06-2025
14940,TERM_3,9900,0,0,2025-04-28,1391,Fees Collected for TERM_3 ON 28-04-2025
14940,TERM_4,9900,0,0,2025-11-15,1391,Fees Collected for TERM_4 ON 15-11-2025
16402,TERM_1,9900,0,0,2025-06-25,1396,Fees Collected for TERM_1 ON 25-06-2025
16402,TERM_2,10300,0,0,2024-07-11,1396,Fees Collected for TERM_2 ON 11-07-2024
16402,TERM_3,9900,0,0,2024-10-24,1396,Fees Collected for TERM_3 ON 24-10-2024
16402,TERM_4,9900,0,0,2025-01-21,1396,Fees Collected for TERM_4 ON 21-01-2025
15838,TERM_1,9900,0,0,2024-09-07,0,Fees Collected for TERM_1 ON 07-09-2024
15838,TERM_2,10300,0,0,2025-09-05,0,Fees Collected for TERM_2 ON 05-09-2025
15838,TERM_3,9900,0,0,2025-10-28,0,Fees Collected for TERM_3 ON 28-10-2025
15838,TERM_4,9900,0,0,2024-06-21,0,Fees Collected for TERM_4 ON 21-06-2024
14717,TERM_1,9900,0,0,2025-02-08,1425,Fees Collected for TERM_1 ON 08-02-2025
14717,TERM_2,10300,0,0,2025-12-27,1425,Fees Collected for TERM_2 ON 27-12-2025
14717,TERM_3,9900,0,0,2025-11-26,1425,Fees Collected for TERM_3 ON 26-11-2025
14717,TERM_4,9900,0,0,2025-12-20,1425,Fees Collected for TERM_4 ON 20-12-2025
14615,TERM_1,9900,0,0,2024-10-01,1471,Fees Collected for TERM_1 ON 01-10-2024
14615,TERM_2,10300,0,0,2025-07-22,1471,Fees Collected for TERM_2 ON 22-07-2025
14615,TERM_3,0,9900,0,2025-06-28,1471,Fees Collected for TERM_3 ON 28-06-2025
14615,TERM_4,0,9900,0,2025-08-15,1471,Fees Collected for TERM_4 ON 15-08-2025
14595,TERM_1,9900,0,0,2025-07-15,1472,Fees Collected for TERM_1 ON 15-07-2025
14595,TERM_2,10300,0,0,2024-11-15,1472,Fees Collected for TERM_2 ON 15-11-2024
14595,TERM_3,9900,0,0,2024-09-05,1472,Fees Collected for TERM_3 ON 05-09-2024
14595,TERM_4,9900,0,0,2025-05-11,1472,Fees Collected for TERM_4 ON 11-05-2025
15012,TERM_1,9900,0,0,2025-07-03,1434,Fees Collected for TERM_1 ON 03-07-2025
15012,TERM_2,10300,0,0,2024-12-25,1434,Fees Collected for TERM_2 ON 25-12-2024
15012,TERM_3,9900,0,0,2024-11-17,1434,Fees Collected for TERM_3 ON 17-11-2024
15012,TERM_4,2400,7500,0,2024-09-02,1434,Fees Collected for TERM_4 ON 02-09-2024
16068,TERM_1,9900,0,0,2024-07-06,1473,Fees Collected for TERM_1 ON 06-07-2024
16068,TERM_2,10300,0,0,2025-01-16,1473,Fees Collected for TERM_2 ON 16-01-2025
16068,TERM_3,9900,0,0,2024-10-18,1473,Fees Collected for TERM_3 ON 18-10-2024
16068,TERM_4,9900,0,0,2024-07-08,1473,Fees Collected for TERM_4 ON 08-07-2024
15879,TERM_1,9900,0,0,2024-07-03,1474,Fees Collected for TERM_1 ON 03-07-2024
15879,TERM_2,10300,0,0,2025-09-09,1474,Fees Collected for TERM_2 ON 09-09-2025
15879,TERM_3,9900,0,0,2025-04-18,1474,Fees Collected for TERM_3 ON 18-04-2025
15879,TERM_4,9900,0,0,2025-07-24,1474,Fees Collected for TERM_4 ON 24-07-2025
16496,TERM_1,9900,0,0,2024-10-13,1475,Fees Collected for TERM_1 ON 13-10-2024
16496,TERM_2,10300,0,0,2025-09-16,1475,Fees Collected for TERM_2 ON 16-09-2025
16496,TERM_3,9900,0,0,2025-04-16,1475,Fees Collected for TERM_3 ON 16-04-2025
16496,TERM_4,9900,0,0,2025-05-23,1475,Fees Collected for TERM_4 ON 23-05-2025
14618,TERM_1,9900,0,0,2024-08-17,1431,Fees Collected for TERM_1 ON 17-08-2024
14618,TERM_2,10300,0,0,2025-09-19,1431,Fees Collected for TERM_2 ON 19-09-2025
14618,TERM_3,9900,0,0,2025-12-01,1431,Fees Collected for TERM_3 ON 01-12-2025
14618,TERM_4,9900,0,0,2025-01-05,1431,Fees Collected for TERM_4 ON 05-01-2025
16468,TERM_1,9900,0,0,2025-09-11,1476,Fees Collected for TERM_1 ON 11-09-2025
16468,TERM_2,10300,0,0,2025-08-09,1476,Fees Collected for TERM_2 ON 09-08-2025
16468,TERM_3,9900,0,0,2025-08-24,1476,Fees Collected for TERM_3 ON 24-08-2025
16468,TERM_4,9900,0,0,2024-12-26,1476,Fees Collected for TERM_4 ON 26-12-2024
14546,TERM_1,9900,0,0,2025-07-14,1423,Fees Collected for TERM_1 ON 14-07-2025
14546,TERM_2,10300,0,0,2025-10-06,1423,Fees Collected for TERM_2 ON 06-10-2025
14546,TERM_3,9900,0,0,2025-01-13,1423,Fees Collected for TERM_3 ON 13-01-2025
14546,TERM_4,0,9900,0,2025-02-26,1423,Fees Collected for TERM_4 ON 26-02-2025
14828,TERM_1,9900,0,0,2025-05-18,1436,Fees Collected for TERM_1 ON 18-05-2025
14828,TERM_2,10300,0,0,2025-12-20,1436,Fees Collected for TERM_2 ON 20-12-2025
14828,TERM_3,9900,0,0,2024-07-10,1436,Fees Collected for TERM_3 ON 10-07-2024
14828,TERM_4,9900,0,0,2024-06-17,1436,Fees Collected for TERM_4 ON 17-06-2024
14625,TERM_1,9900,0,0,2025-11-07,1477,Fees Collected for TERM_1 ON 07-11-2025
14625,TERM_2,10300,0,0,2025-04-19,1477,Fees Collected for TERM_2 ON 19-04-2025
14625,TERM_3,9900,0,0,2024-09-05,1477,Fees Collected for TERM_3 ON 05-09-2024
14625,TERM_4,9900,0,0,2024-09-18,1477,Fees Collected for TERM_4 ON 18-09-2024
15385,TERM_1,9900,0,0,2024-07-21,1512,Fees Collected for TERM_1 ON 21-07-2024
15385,TERM_2,10300,0,0,2025-12-02,1512,Fees Collected for TERM_2 ON 02-12-2025
15385,TERM_3,9900,0,0,2025-08-22,1512,Fees Collected for TERM_3 ON 22-08-2025
15385,TERM_4,9900,0,0,2024-11-06,1512,Fees Collected for TERM_4 ON 06-11-2024
16891,TERM_1,9900,0,0,2025-08-30,1506,Fees Collected for TERM_1 ON 30-08-2025
16891,TERM_2,10300,0,0,2025-04-19,1506,Fees Collected for TERM_2 ON 19-04-2025
16891,TERM_3,9900,0,0,2024-07-30,1506,Fees Collected for TERM_3 ON 30-07-2024
16891,TERM_4,9900,0,0,2025-11-29,1506,Fees Collected for TERM_4 ON 29-11-2025
14510,TERM_1,9900,0,0,2024-11-03,1478,Fees Collected for TERM_1 ON 03-11-2024
14510,TERM_2,10300,0,0,2025-09-22,1478,Fees Collected for TERM_2 ON 22-09-2025
14510,TERM_3,9900,0,0,2024-06-17,1478,Fees Collected for TERM_3 ON 17-06-2024
14510,TERM_4,9900,0,0,2025-02-11,1478,Fees Collected for TERM_4 ON 11-02-2025
15345,TERM_1,9900,0,0,2025-07-13,1479,Fees Collected for TERM_1 ON 13-07-2025
15345,TERM_2,10300,0,0,2025-08-16,1479,Fees Collected for TERM_2 ON 16-08-2025
15345,TERM_3,9900,0,0,2025-08-15,1479,Fees Collected for TERM_3 ON 15-08-2025
15345,TERM_4,9900,0,0,2024-12-15,1479,Fees Collected for TERM_4 ON 15-12-2024
14598,TERM_1,9900,0,0,2025-09-14,1480,Fees Collected for TERM_1 ON 14-09-2025
14598,TERM_2,10300,0,0,2024-08-07,1480,Fees Collected for TERM_2 ON 07-08-2024
14598,TERM_3,9900,0,0,2025-06-25,1480,Fees Collected for TERM_3 ON 25-06-2025
14598,TERM_4,9900,0,0,2024-08-15,1480,Fees Collected for TERM_4 ON 15-08-2024
14517,TERM_1,9900,0,0,2024-10-13,1481,Fees Collected for TERM_1 ON 13-10-2024
14517,TERM_2,10300,0,0,2025-05-18,1481,Fees Collected for TERM_2 ON 18-05-2025
14517,TERM_3,9900,0,0,2024-11-13,1481,Fees Collected for TERM_3 ON 13-11-2024
14517,TERM_4,0,9900,0,2025-08-08,1481,Fees Collected for TERM_4 ON 08-08-2025
16428,TERM_1,9900,0,0,2024-06-24,1482,Fees Collected for TERM_1 ON 24-06-2024
16428,TERM_2,10300,0,0,2024-08-31,1482,Fees Collected for TERM_2 ON 31-08-2024
16428,TERM_3,9900,0,0,2024-06-18,1482,Fees Collected for TERM_3 ON 18-06-2024
16428,TERM_4,9900,0,0,2024-11-09,1482,Fees Collected for TERM_4 ON 09-11-2024
14542,TERM_1,9900,0,0,2025-04-28,1483,Fees Collected for TERM_1 ON 28-04-2025
14542,TERM_2,10300,0,0,2025-10-12,1483,Fees Collected for TERM_2 ON 12-10-2025
14542,TERM_3,9900,0,0,2024-08-18,1483,Fees Collected for TERM_3 ON 18-08-2024
14542,TERM_4,9900,0,0,2025-11-16,1483,Fees Collected for TERM_4 ON 16-11-2025
14686,TERM_1,9900,0,0,2024-06-16,1528,Fees Collected for TERM_1 ON 16-06-2024
14686,TERM_2,10300,0,0,2025-05-25,1528,Fees Collected for TERM_2 ON 25-05-2025
14686,TERM_3,9900,0,0,2024-08-10,1528,Fees Collected for TERM_3 ON 10-08-2024
14686,TERM_4,3900,6000,0,2025-07-18,1528,Fees Collected for TERM_4 ON 18-07-2025
16708,TERM_1,9900,0,0,2025-12-04,1484,Fees Collected for TERM_1 ON 04-12-2025
16708,TERM_2,10300,0,0,2024-09-10,1484,Fees Collected for TERM_2 ON 10-09-2024
16708,TERM_3,9900,0,0,2024-07-03,1484,Fees Collected for TERM_3 ON 03-07-2024
16708,TERM_4,9900,0,0,2025-12-15,1484,Fees Collected for TERM_4 ON 15-12-2025
15839,TERM_1,9900,0,0,2025-04-09,1421,Fees Collected for TERM_1 ON 09-04-2025
15839,TERM_2,10300,0,0,2025-08-14,1421,Fees Collected for TERM_2 ON 14-08-2025
15839,TERM_3,9900,0,0,2024-12-10,1421,Fees Collected for TERM_3 ON 10-12-2024
15839,TERM_4,9900,0,0,2024-08-24,1421,Fees Collected for TERM_4 ON 24-08-2024
14706,TERM_1,9900,0,0,2024-11-11,1486,Fees Collected for TERM_1 ON 11-11-2024
14706,TERM_2,10300,0,0,2024-08-28,1486,Fees Collected for TERM_2 ON 28-08-2024
14706,TERM_3,9900,0,0,2025-11-07,1486,Fees Collected for TERM_3 ON 07-11-2025
14706,TERM_4,9900,0,0,2025-01-27,1486,Fees Collected for TERM_4 ON 27-01-2025
14605,TERM_1,9900,0,0,2024-07-12,1435,Fees Collected for TERM_1 ON 12-07-2024
14605,TERM_2,10300,0,0,2025-10-22,1435,Fees Collected for TERM_2 ON 22-10-2025
14605,TERM_3,9900,0,0,2025-12-26,1435,Fees Collected for TERM_3 ON 26-12-2025
14605,TERM_4,9900,0,0,2025-11-24,1435,Fees Collected for TERM_4 ON 24-11-2025
16019,TERM_1,9900,0,0,2025-11-23,1510,Fees Collected for TERM_1 ON 23-11-2025
16019,TERM_2,10300,0,0,2025-11-02,1510,Fees Collected for TERM_2 ON 02-11-2025
16019,TERM_3,9900,0,0,2024-07-19,1510,Fees Collected for TERM_3 ON 19-07-2024
16019,TERM_4,9900,0,0,2025-04-05,1510,Fees Collected for TERM_4 ON 05-04-2025
14564,TERM_1,9900,0,0,2025-11-10,1487,Fees Collected for TERM_1 ON 10-11-2025
14564,TERM_2,10300,0,0,2025-06-06,1487,Fees Collected for TERM_2 ON 06-06-2025
14564,TERM_3,9900,0,0,2025-08-22,1487,Fees Collected for TERM_3 ON 22-08-2025
14564,TERM_4,9900,0,0,2025-07-17,1487,Fees Collected for TERM_4 ON 17-07-2025
16724,TERM_1,9900,0,0,2024-06-22,1488,Fees Collected for TERM_1 ON 22-06-2024
16724,TERM_2,10300,0,0,2024-12-21,1488,Fees Collected for TERM_2 ON 21-12-2024
16724,TERM_3,9900,0,0,2025-05-18,1488,Fees Collected for TERM_3 ON 18-05-2025
16724,TERM_4,9900,0,0,2024-07-24,1488,Fees Collected for TERM_4 ON 24-07-2024
14694,TERM_1,9900,0,0,2025-10-21,0,Fees Collected for TERM_1 ON 21-10-2025
14694,TERM_2,10300,0,0,2025-10-25,0,Fees Collected for TERM_2 ON 25-10-2025
14694,TERM_3,9900,0,0,2024-12-28,0,Fees Collected for TERM_3 ON 28-12-2024
14694,TERM_4,9900,0,0,2025-11-29,0,Fees Collected for TERM_4 ON 29-11-2025
15287,TERM_1,9900,0,0,2025-08-17,1490,Fees Collected for TERM_1 ON 17-08-2025
15287,TERM_2,10300,0,0,2024-11-21,1490,Fees Collected for TERM_2 ON 21-11-2024
15287,TERM_3,9900,0,0,2025-04-19,1490,Fees Collected for TERM_3 ON 19-04-2025
15287,TERM_4,9900,0,0,2025-12-14,1490,Fees Collected for TERM_4 ON 14-12-2025
16843,TERM_1,9900,0,0,2025-01-11,1491,Fees Collected for TERM_1 ON 11-01-2025
16843,TERM_2,10300,0,0,2024-10-13,1491,Fees Collected for TERM_2 ON 13-10-2024
16843,TERM_3,9900,0,0,2025-05-15,1491,Fees Collected for TERM_3 ON 15-05-2025
16843,TERM_4,9900,0,0,2025-02-15,1491,Fees Collected for TERM_4 ON 15-02-2025
14519,TERM_1,9900,0,0,2024-10-19,1493,Fees Collected for TERM_1 ON 19-10-2024
14519,TERM_2,10300,0,0,2025-07-25,1493,Fees Collected for TERM_2 ON 25-07-2025
14519,TERM_3,9900,0,0,2025-12-18,1493,Fees Collected for TERM_3 ON 18-12-2025
14519,TERM_4,9900,0,0,2025-04-29,1493,Fees Collected for TERM_4 ON 29-04-2025
14535,TERM_1,9900,0,0,2024-09-06,1433,Fees Collected for TERM_1 ON 06-09-2024
14535,TERM_2,10300,0,0,2025-02-09,1433,Fees Collected for TERM_2 ON 09-02-2025
14535,TERM_3,9900,0,0,2024-10-29,1433,Fees Collected for TERM_3 ON 29-10-2024
14535,TERM_4,9900,0,0,2025-02-28,1433,Fees Collected for TERM_4 ON 28-02-2025
14635,TERM_1,9900,0,0,2025-06-23,1494,Fees Collected for TERM_1 ON 23-06-2025
14635,TERM_2,10300,0,0,2025-02-24,1494,Fees Collected for TERM_2 ON 24-02-2025
14635,TERM_3,9900,0,0,2025-02-13,1494,Fees Collected for TERM_3 ON 13-02-2025
14635,TERM_4,9900,0,0,2025-08-09,1494,Fees Collected for TERM_4 ON 09-08-2025
14643,TERM_1,9900,0,0,2024-09-27,1495,Fees Collected for TERM_1 ON 27-09-2024
14643,TERM_2,10300,0,0,2025-05-01,1495,Fees Collected for TERM_2 ON 01-05-2025
14643,TERM_3,9900,0,0,2025-07-04,1495,Fees Collected for TERM_3 ON 04-07-2025
14643,TERM_4,9900,0,0,2025-04-18,1495,Fees Collected for TERM_4 ON 18-04-2025
14593,TERM_1,9900,0,0,2025-09-05,1496,Fees Collected for TERM_1 ON 05-09-2025
14593,TERM_2,10300,0,0,2025-12-02,1496,Fees Collected for TERM_2 ON 02-12-2025
14593,TERM_3,9900,0,0,2024-10-14,1496,Fees Collected for TERM_3 ON 14-10-2024
14593,TERM_4,9900,0,0,2025-09-13,1496,Fees Collected for TERM_4 ON 13-09-2025
14793,TERM_1,9900,0,0,2024-08-21,1515,Fees Collected for TERM_1 ON 21-08-2024
14793,TERM_2,10300,0,0,2024-12-18,1515,Fees Collected for TERM_2 ON 18-12-2024
14793,TERM_3,9900,0,0,2025-03-22,1515,Fees Collected for TERM_3 ON 22-03-2025
14793,TERM_4,9900,0,0,2025-06-23,1515,Fees Collected for TERM_4 ON 23-06-2025
16208,TERM_1,9900,0,0,2024-10-02,1497,Fees Collected for TERM_1 ON 02-10-2024
16208,TERM_2,10300,0,0,2024-11-28,1497,Fees Collected for TERM_2 ON 28-11-2024
16208,TERM_3,9900,0,0,2025-03-03,1497,Fees Collected for TERM_3 ON 03-03-2025
16208,TERM_4,9900,0,0,2025-12-20,1497,Fees Collected for TERM_4 ON 20-12-2025
15319,TERM_1,9900,0,0,2025-03-27,0,Fees Collected for TERM_1 ON 27-03-2025
15319,TERM_2,0,0,0,2025-10-02,0,Fees Collected for TERM_2 ON 02-10-2025
15319,TERM_4,0,0,0,2025-09-12,0,Fees Collected for TERM_4 ON 12-09-2025
14612,TERM_1,9900,0,0,2025-11-15,1420,Fees Collected for TERM_1 ON 15-11-2025
14612,TERM_2,10300,0,0,2025-01-03,1420,Fees Collected for TERM_2 ON 03-01-2025
14612,TERM_3,9900,0,0,2025-02-17,1420,Fees Collected for TERM_3 ON 17-02-2025
14612,TERM_4,9900,0,0,2024-06-29,1420,Fees Collected for TERM_4 ON 29-06-2024
15309,TERM_1,9900,0,0,2025-11-14,1514,Fees Collected for TERM_1 ON 14-11-2025
15309,TERM_2,10300,0,0,2025-05-23,1514,Fees Collected for TERM_2 ON 23-05-2025
15309,TERM_3,9900,0,0,2024-10-22,1514,Fees Collected for TERM_3 ON 22-10-2024
15309,TERM_4,9900,0,0,2025-04-21,1514,Fees Collected for TERM_4 ON 21-04-2025
16061,TERM_1,9900,0,0,2024-10-05,1498,Fees Collected for TERM_1 ON 05-10-2024
16061,TERM_2,10300,0,0,2024-10-09,1498,Fees Collected for TERM_2 ON 09-10-2024
16061,TERM_3,9900,0,0,2024-09-23,1498,Fees Collected for TERM_3 ON 23-09-2024
16061,TERM_4,9900,0,0,2025-04-24,1498,Fees Collected for TERM_4 ON 24-04-2025
14678,TERM_1,9900,0,0,2025-06-01,1492,Fees Collected for TERM_1 ON 01-06-2025
14678,TERM_2,10300,0,0,2025-06-06,1492,Fees Collected for TERM_2 ON 06-06-2025
14678,TERM_3,9900,0,0,2025-03-04,1492,Fees Collected for TERM_3 ON 04-03-2025
14678,TERM_4,9900,0,0,2024-11-12,1492,Fees Collected for TERM_4 ON 12-11-2024
14509,TERM_1,9900,0,0,2024-12-25,1437,Fees Collected for TERM_1 ON 25-12-2024
14509,TERM_2,10300,0,0,2024-08-01,1437,Fees Collected for TERM_2 ON 01-08-2024
14509,TERM_3,9900,0,0,2025-05-16,1437,Fees Collected for TERM_3 ON 16-05-2025
14509,TERM_4,9900,0,0,2025-01-14,1437,Fees Collected for TERM_4 ON 14-01-2025
15952,TERM_1,9900,0,0,2025-05-25,1438,Fees Collected for TERM_1 ON 25-05-2025
15952,TERM_2,10300,0,0,2025-05-10,1438,Fees Collected for TERM_2 ON 10-05-2025
15952,TERM_3,9900,0,0,2024-12-27,1438,Fees Collected for TERM_3 ON 27-12-2024
15952,TERM_4,9900,0,0,2024-06-24,1438,Fees Collected for TERM_4 ON 24-06-2024
15654,TERM_1,9900,0,0,2025-08-14,1439,Fees Collected for TERM_1 ON 14-08-2025
15654,TERM_2,10300,0,0,2025-04-18,1439,Fees Collected for TERM_2 ON 18-04-2025
15654,TERM_3,9900,0,0,2025-09-27,1439,Fees Collected for TERM_3 ON 27-09-2025
15654,TERM_4,9900,0,0,2025-12-24,1439,Fees Collected for TERM_4 ON 24-12-2025
14495,TERM_1,9900,0,0,2024-10-30,1440,Fees Collected for TERM_1 ON 30-10-2024
14495,TERM_2,10300,0,0,2024-08-03,1440,Fees Collected for TERM_2 ON 03-08-2024
14495,TERM_3,9900,0,0,2025-06-22,1440,Fees Collected for TERM_3 ON 22-06-2025
14495,TERM_4,9900,0,0,2025-03-15,1440,Fees Collected for TERM_4 ON 15-03-2025
16436,TERM_1,9900,0,0,2025-05-01,1441,Fees Collected for TERM_1 ON 01-05-2025
16436,TERM_2,10300,0,0,2025-02-10,1441,Fees Collected for TERM_2 ON 10-02-2025
16436,TERM_3,9900,0,0,2025-03-08,1441,Fees Collected for TERM_3 ON 08-03-2025
16436,TERM_4,9900,0,0,2024-11-24,1441,Fees Collected for TERM_4 ON 24-11-2024
14578,TERM_1,9900,0,0,2025-04-30,1442,Fees Collected for TERM_1 ON 30-04-2025
14578,TERM_2,10300,0,0,2025-11-18,1442,Fees Collected for TERM_2 ON 18-11-2025
14578,TERM_3,9900,0,0,2025-10-04,1442,Fees Collected for TERM_3 ON 04-10-2025
14578,TERM_4,9900,0,0,2025-02-18,1442,Fees Collected for TERM_4 ON 18-02-2025
14496,TERM_1,9900,0,0,2025-08-09,1444,Fees Collected for TERM_1 ON 09-08-2025
14496,TERM_2,10300,0,0,2024-07-01,1444,Fees Collected for TERM_2 ON 01-07-2024
14496,TERM_3,9900,0,0,2025-10-31,1444,Fees Collected for TERM_3 ON 31-10-2025
14496,TERM_4,9900,0,0,2025-11-04,1444,Fees Collected for TERM_4 ON 04-11-2025
16734,TERM_1,9900,0,0,2024-07-29,1445,Fees Collected for TERM_1 ON 29-07-2024
16734,TERM_2,10300,0,0,2024-08-17,1445,Fees Collected for TERM_2 ON 17-08-2024
16734,TERM_3,9900,0,0,2025-08-03,1445,Fees Collected for TERM_3 ON 03-08-2025
16734,TERM_4,9900,0,0,2024-07-11,1445,Fees Collected for TERM_4 ON 11-07-2024
14608,TERM_1,9900,0,0,2025-08-06,1446,Fees Collected for TERM_1 ON 06-08-2025
14608,TERM_2,10300,0,0,2025-02-09,1446,Fees Collected for TERM_2 ON 09-02-2025
14608,TERM_3,9900,0,0,2024-12-22,1446,Fees Collected for TERM_3 ON 22-12-2024
14608,TERM_4,9900,0,0,2024-09-09,1446,Fees Collected for TERM_4 ON 09-09-2024
14500,TERM_1,9900,0,0,2024-11-07,1447,Fees Collected for TERM_1 ON 07-11-2024
14500,TERM_2,10300,0,0,2025-08-16,1447,Fees Collected for TERM_2 ON 16-08-2025
14500,TERM_3,9900,0,0,2024-09-28,1447,Fees Collected for TERM_3 ON 28-09-2024
14500,TERM_4,9900,0,0,2025-08-07,1447,Fees Collected for TERM_4 ON 07-08-2025
16902,TERM_1,9900,0,0,2025-05-21,1448,Fees Collected for TERM_1 ON 21-05-2025
16902,TERM_2,10300,0,0,2024-09-19,1448,Fees Collected for TERM_2 ON 19-09-2024
16902,TERM_3,9900,0,0,2025-05-29,1448,Fees Collected for TERM_3 ON 29-05-2025
16902,TERM_4,9900,0,0,2025-05-23,1448,Fees Collected for TERM_4 ON 23-05-2025
16186,TERM_1,9900,0,0,2025-09-02,1449,Fees Collected for TERM_1 ON 02-09-2025
16186,TERM_2,10300,0,0,2024-07-01,1449,Fees Collected for TERM_2 ON 01-07-2024
16186,TERM_3,9900,0,0,2025-06-19,1449,Fees Collected for TERM_3 ON 19-06-2025
16186,TERM_4,9900,0,0,2025-06-26,1449,Fees Collected for TERM_4 ON 26-06-2025
14797,TERM_1,9900,0,0,2025-06-26,1450,Fees Collected for TERM_1 ON 26-06-2025
14797,TERM_2,10300,0,0,2025-12-22,1450,Fees Collected for TERM_2 ON 22-12-2025
14797,TERM_4,0,0,0,2025-06-14,1450,Fees Collected for TERM_4 ON 14-06-2025
15455,TERM_1,9900,0,0,2024-09-23,1451,Fees Collected for TERM_1 ON 23-09-2024
15455,TERM_2,10300,0,0,2025-08-26,1451,Fees Collected for TERM_2 ON 26-08-2025
15455,TERM_3,9900,0,0,2025-12-10,1451,Fees Collected for TERM_3 ON 10-12-2025
15455,TERM_4,9900,0,0,2024-07-11,1451,Fees Collected for TERM_4 ON 11-07-2024
15223,TERM_1,9900,0,0,2025-10-05,1452,Fees Collected for TERM_1 ON 05-10-2025
15223,TERM_2,10300,0,0,2024-09-15,1452,Fees Collected for TERM_2 ON 15-09-2024
15223,TERM_3,9900,0,0,2024-09-05,1452,Fees Collected for TERM_3 ON 05-09-2024
15223,TERM_4,9900,0,0,2024-11-01,1452,Fees Collected for TERM_4 ON 01-11-2024
14933,TERM_1,9900,0,0,2024-11-03,1453,Fees Collected for TERM_1 ON 03-11-2024
14933,TERM_2,10300,0,0,2025-02-22,1453,Fees Collected for TERM_2 ON 22-02-2025
14933,TERM_3,9900,0,0,2025-12-19,1453,Fees Collected for TERM_3 ON 19-12-2025
14933,TERM_4,9900,0,0,2025-01-29,1453,Fees Collected for TERM_4 ON 29-01-2025
14747,TERM_1,9900,0,0,2025-05-29,1454,Fees Collected for TERM_1 ON 29-05-2025
14747,TERM_2,10300,0,0,2025-02-20,1454,Fees Collected for TERM_2 ON 20-02-2025
14747,TERM_3,0,9900,0,2025-06-26,1454,Fees Collected for TERM_3 ON 26-06-2025
14747,TERM_4,0,9900,0,2025-11-16,1454,Fees Collected for TERM_4 ON 16-11-2025
14493,TERM_1,9900,0,0,2024-12-31,1455,Fees Collected for TERM_1 ON 31-12-2024
14493,TERM_2,10300,0,0,2024-08-08,1455,Fees Collected for TERM_2 ON 08-08-2024
14493,TERM_3,9900,0,0,2024-11-20,1455,Fees Collected for TERM_3 ON 20-11-2024
14493,TERM_4,9900,0,0,2024-11-02,1455,Fees Collected for TERM_4 ON 02-11-2024
14956,TERM_1,9900,0,0,2024-06-22,1456,Fees Collected for TERM_1 ON 22-06-2024
14956,TERM_2,10300,0,0,2025-06-08,1456,Fees Collected for TERM_2 ON 08-06-2025
14956,TERM_3,9900,0,0,2025-04-09,1456,Fees Collected for TERM_3 ON 09-04-2025
14956,TERM_4,9900,0,0,2025-04-09,1456,Fees Collected for TERM_4 ON 09-04-2025
14502,TERM_1,9900,0,0,2024-10-29,1457,Fees Collected for TERM_1 ON 29-10-2024
14502,TERM_2,10300,0,0,2024-11-03,1457,Fees Collected for TERM_2 ON 03-11-2024
14502,TERM_3,9900,0,0,2025-04-19,1457,Fees Collected for TERM_3 ON 19-04-2025
14502,TERM_4,9400,500,0,2025-06-07,1457,Fees Collected for TERM_4 ON 07-06-2025
14729,TERM_1,9900,0,0,2024-07-31,1426,Fees Collected for TERM_1 ON 31-07-2024
14729,TERM_2,10300,0,0,2025-11-09,1426,Fees Collected for TERM_2 ON 09-11-2025
14729,TERM_3,9900,0,0,2025-03-16,1426,Fees Collected for TERM_3 ON 16-03-2025
14729,TERM_4,9900,0,0,2024-07-14,1426,Fees Collected for TERM_4 ON 14-07-2024
14543,TERM_1,9900,0,0,2025-03-26,1459,Fees Collected for TERM_1 ON 26-03-2025
14543,TERM_2,10300,0,0,2024-12-30,1459,Fees Collected for TERM_2 ON 30-12-2024
14543,TERM_3,9900,0,0,2025-05-01,1459,Fees Collected for TERM_3 ON 01-05-2025
14543,TERM_4,5900,4000,0,2024-10-29,1459,Fees Collected for TERM_4 ON 29-10-2024
16901,TERM_1,9900,0,0,2025-01-03,1443,Fees Collected for TERM_1 ON 03-01-2025
16901,TERM_2,10300,0,0,2025-07-06,1443,Fees Collected for TERM_2 ON 06-07-2025
16901,TERM_3,9900,0,0,2024-11-16,1443,Fees Collected for TERM_3 ON 16-11-2024
16901,TERM_4,9900,0,0,2025-11-12,1443,Fees Collected for TERM_4 ON 12-11-2025
14521,TERM_1,9900,0,0,2024-06-30,1460,Fees Collected for TERM_1 ON 30-06-2024
14521,TERM_2,10300,0,0,2025-02-16,1460,Fees Collected for TERM_2 ON 16-02-2025
14521,TERM_3,9900,0,0,2025-08-17,1460,Fees Collected for TERM_3 ON 17-08-2025
14521,TERM_4,9900,0,0,2024-07-31,1460,Fees Collected for TERM_4 ON 31-07-2024
14571,TERM_1,9900,0,0,2025-12-09,1461,Fees Collected for TERM_1 ON 09-12-2025
14571,TERM_2,10300,0,0,2025-03-04,1461,Fees Collected for TERM_2 ON 04-03-2025
14571,TERM_3,9900,0,0,2024-10-05,1461,Fees Collected for TERM_3 ON 05-10-2024
14571,TERM_4,9900,0,0,2025-03-26,1461,Fees Collected for TERM_4 ON 26-03-2025
14522,TERM_1,9900,0,0,2025-11-07,1462,Fees Collected for TERM_1 ON 07-11-2025
14522,TERM_2,10300,0,0,2025-04-23,1462,Fees Collected for TERM_2 ON 23-04-2025
14522,TERM_3,9900,0,0,2025-06-30,1462,Fees Collected for TERM_3 ON 30-06-2025
14522,TERM_4,9900,0,0,2025-05-24,1462,Fees Collected for TERM_4 ON 24-05-2025
14690,TERM_1,9900,0,0,2024-07-16,1463,Fees Collected for TERM_1 ON 16-07-2024
14690,TERM_2,10300,0,0,2024-08-17,1463,Fees Collected for TERM_2 ON 17-08-2024
14690,TERM_3,9900,0,0,2025-02-23,1463,Fees Collected for TERM_3 ON 23-02-2025
14690,TERM_4,9900,0,0,2025-11-04,1463,Fees Collected for TERM_4 ON 04-11-2025
16118,TERM_1,9900,0,0,2025-07-02,1464,Fees Collected for TERM_1 ON 02-07-2025
16118,TERM_2,10300,0,0,2025-12-05,1464,Fees Collected for TERM_2 ON 05-12-2025
16118,TERM_3,9900,0,0,2025-12-12,1464,Fees Collected for TERM_3 ON 12-12-2025
16118,TERM_4,9900,0,0,2024-12-05,1464,Fees Collected for TERM_4 ON 05-12-2024
15053,TERM_1,9900,0,0,2025-05-26,1465,Fees Collected for TERM_1 ON 26-05-2025
15053,TERM_2,10300,0,0,2025-08-09,1465,Fees Collected for TERM_2 ON 09-08-2025
15053,TERM_3,9900,0,0,2025-05-27,1465,Fees Collected for TERM_3 ON 27-05-2025
15053,TERM_4,9900,0,0,2025-11-19,1465,Fees Collected for TERM_4 ON 19-11-2025
16826,TERM_1,9900,0,0,2025-12-05,1466,Fees Collected for TERM_1 ON 05-12-2025
16826,TERM_2,10300,0,0,2024-11-26,1466,Fees Collected for TERM_2 ON 26-11-2024
16826,TERM_3,9900,0,0,2025-02-18,1466,Fees Collected for TERM_3 ON 18-02-2025
16826,TERM_4,9900,0,0,2024-08-19,1466,Fees Collected for TERM_4 ON 19-08-2024
14652,TERM_1,9900,0,0,2025-08-07,1467,Fees Collected for TERM_1 ON 07-08-2025
14652,TERM_2,10300,0,0,2025-05-29,1467,Fees Collected for TERM_2 ON 29-05-2025
14652,TERM_3,9900,0,0,2024-10-25,1467,Fees Collected for TERM_3 ON 25-10-2024
14652,TERM_4,9900,0,0,2024-07-05,1467,Fees Collected for TERM_4 ON 05-07-2024
14573,TERM_1,9900,0,0,2025-09-06,1468,Fees Collected for TERM_1 ON 06-09-2025
14573,TERM_2,10300,0,0,2024-12-16,1468,Fees Collected for TERM_2 ON 16-12-2024
14573,TERM_3,9900,0,0,2024-08-06,1468,Fees Collected for TERM_3 ON 06-08-2024
14573,TERM_4,9900,0,0,2024-09-22,1468,Fees Collected for TERM_4 ON 22-09-2024
16173,TERM_1,9900,0,0,2024-07-01,1469,Fees Collected for TERM_1 ON 01-07-2024
16173,TERM_2,10300,0,0,2025-05-23,1469,Fees Collected for TERM_2 ON 23-05-2025
16173,TERM_3,9900,0,0,2025-01-23,1469,Fees Collected for TERM_3 ON 23-01-2025
16173,TERM_4,9900,0,0,2025-07-01,1469,Fees Collected for TERM_4 ON 01-07-2025
14550,TERM_1,9900,0,0,2025-02-15,1470,Fees Collected for TERM_1 ON 15-02-2025
14550,TERM_2,10300,0,0,2025-11-12,1470,Fees Collected for TERM_2 ON 12-11-2025
14550,TERM_3,9900,0,0,2024-12-23,1470,Fees Collected for TERM_3 ON 23-12-2024
14550,TERM_4,9900,0,0,2025-09-06,1470,Fees Collected for TERM_4 ON 06-09-2025
15249,TERM_1,9900,0,0,2025-05-25,2007,Fees Collected for TERM_1 ON 25-05-2025
15249,TERM_2,10300,0,0,2024-09-25,2007,Fees Collected for TERM_2 ON 25-09-2024
15249,TERM_3,9900,0,0,2025-06-20,2007,Fees Collected for TERM_3 ON 20-06-2025
15249,TERM_4,0,0,0,2024-08-08,2007,Fees Collected for TERM_4 ON 08-08-2024
15329,TERM_1,9900,0,0,2024-10-16,1517,Fees Collected for TERM_1 ON 16-10-2024
15329,TERM_2,10300,0,0,2024-11-03,1517,Fees Collected for TERM_2 ON 03-11-2024
15329,TERM_3,9900,0,0,2025-08-30,1517,Fees Collected for TERM_3 ON 30-08-2025
15329,TERM_4,9900,0,0,2025-06-16,1517,Fees Collected for TERM_4 ON 16-06-2025
14501,TERM_1,9900,0,0,2025-12-17,1518,Fees Collected for TERM_1 ON 17-12-2025
14501,TERM_2,10300,0,0,2024-06-18,1518,Fees Collected for TERM_2 ON 18-06-2024
14501,TERM_3,9900,0,0,2025-10-16,1518,Fees Collected for TERM_3 ON 16-10-2025
14501,TERM_4,9900,0,0,2025-08-22,1518,Fees Collected for TERM_4 ON 22-08-2025
14518,TERM_1,9900,0,0,2025-09-17,1519,Fees Collected for TERM_1 ON 17-09-2025
14518,TERM_2,10300,0,0,2025-06-26,1519,Fees Collected for TERM_2 ON 26-06-2025
14518,TERM_3,9900,0,0,2024-10-29,1519,Fees Collected for TERM_3 ON 29-10-2024
14518,TERM_4,9900,0,0,2025-04-23,1519,Fees Collected for TERM_4 ON 23-04-2025
14576,TERM_1,9900,0,0,2025-07-10,1520,Fees Collected for TERM_1 ON 10-07-2025
14576,TERM_2,10300,0,0,2025-04-07,1520,Fees Collected for TERM_2 ON 07-04-2025
14576,TERM_3,9900,0,0,2025-05-19,1520,Fees Collected for TERM_3 ON 19-05-2025
14576,TERM_4,9900,0,0,2025-11-06,1520,Fees Collected for TERM_4 ON 06-11-2025
16485,TERM_1,9900,0,0,2024-07-27,1521,Fees Collected for TERM_1 ON 27-07-2024
16485,TERM_2,10300,0,0,2025-02-09,1521,Fees Collected for TERM_2 ON 09-02-2025
16485,TERM_3,9900,0,0,2025-11-07,1521,Fees Collected for TERM_3 ON 07-11-2025
16485,TERM_4,9900,0,0,2025-01-06,1521,Fees Collected for TERM_4 ON 06-01-2025
14548,TERM_1,9900,0,0,2025-04-20,1522,Fees Collected for TERM_1 ON 20-04-2025
14548,TERM_2,10300,0,0,2024-09-30,1522,Fees Collected for TERM_2 ON 30-09-2024
14548,TERM_3,9900,0,0,2024-12-18,1522,Fees Collected for TERM_3 ON 18-12-2024
14548,TERM_4,9900,0,0,2025-07-15,1522,Fees Collected for TERM_4 ON 15-07-2025
14541,TERM_1,9900,0,0,2024-08-30,1523,Fees Collected for TERM_1 ON 30-08-2024
14541,TERM_2,10300,0,0,2024-12-14,1523,Fees Collected for TERM_2 ON 14-12-2024
14541,TERM_3,9900,0,0,2025-09-09,1523,Fees Collected for TERM_3 ON 09-09-2025
14541,TERM_4,9900,0,0,2025-09-28,1523,Fees Collected for TERM_4 ON 28-09-2025
15842,TERM_1,9900,0,0,2025-09-25,1524,Fees Collected for TERM_1 ON 25-09-2025
15842,TERM_2,10300,0,0,2024-09-24,1524,Fees Collected for TERM_2 ON 24-09-2024
15842,TERM_3,9900,0,0,2025-04-18,1524,Fees Collected for TERM_3 ON 18-04-2025
15842,TERM_4,9900,0,0,2024-12-12,1524,Fees Collected for TERM_4 ON 12-12-2024
14570,TERM_1,9900,0,0,2025-05-25,1525,Fees Collected for TERM_1 ON 25-05-2025
14570,TERM_2,10300,0,0,2024-07-31,1525,Fees Collected for TERM_2 ON 31-07-2024
14570,TERM_3,9900,0,0,2025-12-08,1525,Fees Collected for TERM_3 ON 08-12-2025
14570,TERM_4,9900,0,0,2025-03-12,1525,Fees Collected for TERM_4 ON 12-03-2025
15728,TERM_1,10450,0,0,2025-07-06,1577,Fees Collected for TERM_1 ON 06-07-2025
15728,TERM_2,10850,0,0,2025-08-16,1577,Fees Collected for TERM_2 ON 16-08-2025
15728,TERM_3,10450,0,0,2025-01-19,1577,Fees Collected for TERM_3 ON 19-01-2025
15728,TERM_4,10450,0,0,2025-07-31,1577,Fees Collected for TERM_4 ON 31-07-2025
14455,TERM_1,10450,0,0,2025-12-06,1668,Fees Collected for TERM_1 ON 06-12-2025
14455,TERM_2,10850,0,0,2025-08-21,1668,Fees Collected for TERM_2 ON 21-08-2025
14455,TERM_3,10450,0,0,2025-12-18,1668,Fees Collected for TERM_3 ON 18-12-2025
14455,TERM_4,10450,0,0,2025-09-03,1668,Fees Collected for TERM_4 ON 03-09-2025
14249,TERM_1,10450,0,0,2025-10-03,1624,Fees Collected for TERM_1 ON 03-10-2025
14249,TERM_2,10850,0,0,2025-06-15,1624,Fees Collected for TERM_2 ON 15-06-2025
14249,TERM_3,10450,0,0,2025-05-14,1624,Fees Collected for TERM_3 ON 14-05-2025
14249,TERM_4,10450,0,0,2025-11-03,1624,Fees Collected for TERM_4 ON 03-11-2025
14611,TERM_1,10450,0,0,2025-01-13,1685,Fees Collected for TERM_1 ON 13-01-2025
14611,TERM_2,10850,0,0,2025-08-21,1685,Fees Collected for TERM_2 ON 21-08-2025
14611,TERM_3,10450,0,0,2025-10-01,1685,Fees Collected for TERM_3 ON 01-10-2025
14611,TERM_4,10450,0,0,2024-12-12,1685,Fees Collected for TERM_4 ON 12-12-2024
14206,TERM_1,10450,0,0,2024-08-16,1564,Fees Collected for TERM_1 ON 16-08-2024
14206,TERM_2,10850,0,0,2024-07-13,1564,Fees Collected for TERM_2 ON 13-07-2024
14206,TERM_3,10450,0,0,2025-08-12,1564,Fees Collected for TERM_3 ON 12-08-2025
14206,TERM_4,10450,0,0,2024-06-25,1564,Fees Collected for TERM_4 ON 25-06-2024
14181,TERM_1,10450,0,0,2025-10-14,1627,Fees Collected for TERM_1 ON 14-10-2025
14181,TERM_2,10850,0,0,2024-07-21,1627,Fees Collected for TERM_2 ON 21-07-2024
14181,TERM_3,10450,0,0,2024-10-03,1627,Fees Collected for TERM_3 ON 03-10-2024
14181,TERM_4,10450,0,0,2025-04-02,1627,Fees Collected for TERM_4 ON 02-04-2025
14798,TERM_1,10450,0,0,2025-01-23,1648,Fees Collected for TERM_1 ON 23-01-2025
14798,TERM_2,10850,0,0,2024-09-19,1648,Fees Collected for TERM_2 ON 19-09-2024
14798,TERM_4,0,0,0,2024-10-07,1648,Fees Collected for TERM_4 ON 07-10-2024
14228,TERM_1,10450,0,0,2025-07-04,1565,Fees Collected for TERM_1 ON 04-07-2025
14228,TERM_2,10850,0,0,2024-10-05,1565,Fees Collected for TERM_2 ON 05-10-2024
14228,TERM_3,10450,0,0,2025-09-19,1565,Fees Collected for TERM_3 ON 19-09-2025
14228,TERM_4,2450,8000,0,2025-03-18,1565,Fees Collected for TERM_4 ON 18-03-2025
14114,TERM_1,10450,0,0,2024-12-06,1626,Fees Collected for TERM_1 ON 06-12-2024
14114,TERM_2,10850,0,0,2024-10-24,1626,Fees Collected for TERM_2 ON 24-10-2024
14114,TERM_3,10450,0,0,2025-01-31,1626,Fees Collected for TERM_3 ON 31-01-2025
14114,TERM_4,10450,0,0,2024-07-25,1626,Fees Collected for TERM_4 ON 25-07-2024
16727,TERM_1,10450,0,0,2024-10-21,1566,Fees Collected for TERM_1 ON 21-10-2024
16727,TERM_2,10850,0,0,2024-07-15,1566,Fees Collected for TERM_2 ON 15-07-2024
16727,TERM_3,10450,0,0,2025-03-22,1566,Fees Collected for TERM_3 ON 22-03-2025
16727,TERM_4,10450,0,0,2025-05-24,1566,Fees Collected for TERM_4 ON 24-05-2025
14154,TERM_1,10450,0,0,2025-09-14,1578,Fees Collected for TERM_1 ON 14-09-2025
14154,TERM_2,10850,0,0,2024-06-30,1578,Fees Collected for TERM_2 ON 30-06-2024
14154,TERM_3,10450,0,0,2025-05-06,1578,Fees Collected for TERM_3 ON 06-05-2025
14154,TERM_4,10450,0,0,2024-10-25,1578,Fees Collected for TERM_4 ON 25-10-2024
14939,TERM_1,10450,0,0,2025-07-04,1567,Fees Collected for TERM_1 ON 04-07-2025
14939,TERM_2,10850,0,0,2025-03-16,1567,Fees Collected for TERM_2 ON 16-03-2025
14939,TERM_3,10450,0,0,2024-07-30,1567,Fees Collected for TERM_3 ON 30-07-2024
14939,TERM_4,10450,0,0,2025-11-26,1567,Fees Collected for TERM_4 ON 26-11-2025
16045,TERM_1,10450,0,0,2025-06-30,1687,Fees Collected for TERM_1 ON 30-06-2025
16045,TERM_2,10850,0,0,2025-03-10,1687,Fees Collected for TERM_2 ON 10-03-2025
16045,TERM_3,10450,0,0,2025-08-19,1687,Fees Collected for TERM_3 ON 19-08-2025
16045,TERM_4,10450,0,0,2024-11-17,1687,Fees Collected for TERM_4 ON 17-11-2024
16178,TERM_1,10450,0,0,2025-12-27,1660,Fees Collected for TERM_1 ON 27-12-2025
16178,TERM_2,10850,0,0,2025-03-14,1660,Fees Collected for TERM_2 ON 14-03-2025
16178,TERM_3,10450,0,0,2024-07-26,1660,Fees Collected for TERM_3 ON 26-07-2024
16178,TERM_4,10450,0,0,2024-06-27,1660,Fees Collected for TERM_4 ON 27-06-2024
16141,TERM_1,10450,0,0,2025-11-30,1568,Fees Collected for TERM_1 ON 30-11-2025
16141,TERM_2,10850,0,0,2025-11-12,1568,Fees Collected for TERM_2 ON 12-11-2025
16141,TERM_3,10450,0,0,2025-08-11,1568,Fees Collected for TERM_3 ON 11-08-2025
16141,TERM_4,10450,0,0,2025-07-08,1568,Fees Collected for TERM_4 ON 08-07-2025
14333,TERM_1,10450,0,0,2025-03-25,1630,Fees Collected for TERM_1 ON 25-03-2025
14333,TERM_2,10850,0,0,2024-12-27,1630,Fees Collected for TERM_2 ON 27-12-2024
14333,TERM_3,10450,0,0,2024-12-24,1630,Fees Collected for TERM_3 ON 24-12-2024
14333,TERM_4,10450,0,0,2024-10-06,1630,Fees Collected for TERM_4 ON 06-10-2024
14488,TERM_1,10450,0,0,2025-02-21,1554,Fees Collected for TERM_1 ON 21-02-2025
14488,TERM_2,10850,0,0,2025-04-19,1554,Fees Collected for TERM_2 ON 19-04-2025
14488,TERM_3,10450,0,0,2024-07-27,1554,Fees Collected for TERM_3 ON 27-07-2024
14488,TERM_4,0,10450,0,2025-10-26,1554,Fees Collected for TERM_4 ON 26-10-2025
16176,TERM_1,10450,0,0,2025-09-25,1551,Fees Collected for TERM_1 ON 25-09-2025
16176,TERM_2,10850,0,0,2024-07-25,1551,Fees Collected for TERM_2 ON 25-07-2024
16176,TERM_3,10450,0,0,2024-06-22,1551,Fees Collected for TERM_3 ON 22-06-2024
16176,TERM_4,10450,0,0,2025-11-14,1551,Fees Collected for TERM_4 ON 14-11-2025
14575,TERM_1,10450,0,0,2024-06-26,1670,Fees Collected for TERM_1 ON 26-06-2024
14575,TERM_2,10850,0,0,2025-08-31,1670,Fees Collected for TERM_2 ON 31-08-2025
14575,TERM_3,10450,0,0,2024-09-19,1670,Fees Collected for TERM_3 ON 19-09-2024
14575,TERM_4,10450,0,0,2025-08-12,1670,Fees Collected for TERM_4 ON 12-08-2025
15457,TERM_1,10450,0,0,2025-06-06,1659,Fees Collected for TERM_1 ON 06-06-2025
15457,TERM_2,0,0,0,2024-06-22,1659,Fees Collected for TERM_2 ON 22-06-2024
15457,TERM_4,0,0,0,2025-12-19,1659,Fees Collected for TERM_4 ON 19-12-2025
16126,TERM_1,10450,0,0,2025-05-05,1569,Fees Collected for TERM_1 ON 05-05-2025
16126,TERM_2,10850,0,0,2024-10-27,1569,Fees Collected for TERM_2 ON 27-10-2024
16126,TERM_3,10450,0,0,2024-09-12,1569,Fees Collected for TERM_3 ON 12-09-2024
16126,TERM_4,10450,0,0,2024-08-30,1569,Fees Collected for TERM_4 ON 30-08-2024
15096,TERM_1,10450,0,0,2025-10-14,1606,Fees Collected for TERM_1 ON 14-10-2025
15096,TERM_2,10850,0,0,2025-11-18,1606,Fees Collected for TERM_2 ON 18-11-2025
15096,TERM_3,10450,0,0,2025-03-15,1606,Fees Collected for TERM_3 ON 15-03-2025
15096,TERM_4,10450,0,0,2025-07-15,1606,Fees Collected for TERM_4 ON 15-07-2025
16840,TERM_1,10450,0,0,2024-08-26,1570,Fees Collected for TERM_1 ON 26-08-2024
16840,TERM_2,10850,0,0,2024-12-04,1570,Fees Collected for TERM_2 ON 04-12-2024
16840,TERM_4,0,0,0,2025-04-20,1570,Fees Collected for TERM_4 ON 20-04-2025
16460,TERM_1,10450,0,0,2024-08-03,1571,Fees Collected for TERM_1 ON 03-08-2024
16460,TERM_2,10850,0,0,2025-04-23,1571,Fees Collected for TERM_2 ON 23-04-2025
16460,TERM_3,10450,0,0,2025-10-28,1571,Fees Collected for TERM_3 ON 28-10-2025
16460,TERM_4,10450,0,0,2024-08-11,1571,Fees Collected for TERM_4 ON 11-08-2024
16844,TERM_1,10450,0,0,2025-01-04,1555,Fees Collected for TERM_1 ON 04-01-2025
16844,TERM_2,10850,0,0,2025-09-13,1555,Fees Collected for TERM_2 ON 13-09-2025
16844,TERM_3,10450,0,0,2024-12-14,1555,Fees Collected for TERM_3 ON 14-12-2024
16844,TERM_4,10450,0,0,2025-07-02,1555,Fees Collected for TERM_4 ON 02-07-2025
16846,TERM_1,10450,0,0,2024-09-30,1556,Fees Collected for TERM_1 ON 30-09-2024
16846,TERM_2,10850,0,0,2025-02-25,1556,Fees Collected for TERM_2 ON 25-02-2025
16846,TERM_3,10450,0,0,2025-01-10,1556,Fees Collected for TERM_3 ON 10-01-2025
16846,TERM_4,10450,0,0,2025-12-22,1556,Fees Collected for TERM_4 ON 22-12-2025
16736,TERM_1,10450,0,0,2025-05-27,1557,Fees Collected for TERM_1 ON 27-05-2025
16736,TERM_2,10850,0,0,2025-06-05,1557,Fees Collected for TERM_2 ON 05-06-2025
16736,TERM_3,10450,0,0,2024-09-07,1557,Fees Collected for TERM_3 ON 07-09-2024
16736,TERM_4,10450,0,0,2024-08-19,1557,Fees Collected for TERM_4 ON 19-08-2024
14115,TERM_1,10450,0,0,2025-08-07,1601,Fees Collected for TERM_1 ON 07-08-2025
14115,TERM_2,10850,0,0,2024-10-14,1601,Fees Collected for TERM_2 ON 14-10-2024
14115,TERM_3,10450,0,0,2025-04-11,1601,Fees Collected for TERM_3 ON 11-04-2025
14115,TERM_4,10450,0,0,2024-09-19,1601,Fees Collected for TERM_4 ON 19-09-2024
14357,TERM_1,10450,0,0,2025-02-08,1679,Fees Collected for TERM_1 ON 08-02-2025
14357,TERM_2,10850,0,0,2025-06-07,1679,Fees Collected for TERM_2 ON 07-06-2025
14357,TERM_3,10450,0,0,2025-03-09,1679,Fees Collected for TERM_3 ON 09-03-2025
14357,TERM_4,10450,0,0,2024-10-26,1679,Fees Collected for TERM_4 ON 26-10-2024
14942,TERM_1,10450,0,0,2025-11-27,1558,Fees Collected for TERM_1 ON 27-11-2025
14942,TERM_2,10850,0,0,2025-04-06,1558,Fees Collected for TERM_2 ON 06-04-2025
14942,TERM_3,10450,0,0,2024-11-23,1558,Fees Collected for TERM_3 ON 23-11-2024
14942,TERM_4,10450,0,0,2025-09-25,1558,Fees Collected for TERM_4 ON 25-09-2025
15904,TERM_1,10450,0,0,2025-08-01,1559,Fees Collected for TERM_1 ON 01-08-2025
15904,TERM_2,10850,0,0,2025-12-08,1559,Fees Collected for TERM_2 ON 08-12-2025
15904,TERM_3,10450,0,0,2025-11-06,1559,Fees Collected for TERM_3 ON 06-11-2025
15904,TERM_4,10450,0,0,2025-11-02,1559,Fees Collected for TERM_4 ON 02-11-2025
14313,TERM_1,10450,0,0,2024-10-25,1657,Fees Collected for TERM_1 ON 25-10-2024
14313,TERM_2,10850,0,0,2025-05-29,1657,Fees Collected for TERM_2 ON 29-05-2025
14313,TERM_3,10450,0,0,2025-04-13,1657,Fees Collected for TERM_3 ON 13-04-2025
14313,TERM_4,10450,0,0,2024-08-15,1657,Fees Collected for TERM_4 ON 15-08-2024
14315,TERM_1,10450,0,0,2024-06-19,1560,Fees Collected for TERM_1 ON 19-06-2024
14315,TERM_2,10850,0,0,2024-10-15,1560,Fees Collected for TERM_2 ON 15-10-2024
14315,TERM_3,10450,0,0,2024-08-16,1560,Fees Collected for TERM_3 ON 16-08-2024
14315,TERM_4,10450,0,0,2025-08-14,1560,Fees Collected for TERM_4 ON 14-08-2025
14626,TERM_1,10450,0,0,2025-01-05,1682,Fees Collected for TERM_1 ON 05-01-2025
14626,TERM_2,10850,0,0,2025-11-10,1682,Fees Collected for TERM_2 ON 10-11-2025
14626,TERM_3,10450,0,0,2024-12-26,1682,Fees Collected for TERM_3 ON 26-12-2024
14626,TERM_4,10450,0,0,2025-08-18,1682,Fees Collected for TERM_4 ON 18-08-2025
15743,TERM_1,10450,0,0,2025-10-29,1609,Fees Collected for TERM_1 ON 29-10-2025
15743,TERM_2,10850,0,0,2025-08-29,1609,Fees Collected for TERM_2 ON 29-08-2025
15743,TERM_3,10450,0,0,2025-01-26,1609,Fees Collected for TERM_3 ON 26-01-2025
15743,TERM_4,10450,0,0,2025-03-24,1609,Fees Collected for TERM_4 ON 24-03-2025
14319,TERM_1,10450,0,0,2025-03-02,1688,Fees Collected for TERM_1 ON 02-03-2025
14319,TERM_2,10850,0,0,2025-02-23,1688,Fees Collected for TERM_2 ON 23-02-2025
14319,TERM_3,10450,0,0,2025-03-31,1688,Fees Collected for TERM_3 ON 31-03-2025
14319,TERM_4,10450,0,0,2025-09-24,1688,Fees Collected for TERM_4 ON 24-09-2025
14204,TERM_1,10450,0,0,2025-02-03,1603,Fees Collected for TERM_1 ON 03-02-2025
14204,TERM_2,10850,0,0,2025-11-26,1603,Fees Collected for TERM_2 ON 26-11-2025
14204,TERM_3,10450,0,0,2024-10-14,1603,Fees Collected for TERM_3 ON 14-10-2024
14204,TERM_4,10450,0,0,2025-02-14,1603,Fees Collected for TERM_4 ON 14-02-2025
16742,TERM_1,10450,0,0,2025-11-04,1561,Fees Collected for TERM_1 ON 04-11-2025
16742,TERM_2,10850,0,0,2024-11-19,1561,Fees Collected for TERM_2 ON 19-11-2024
16742,TERM_3,10450,0,0,2024-10-25,1561,Fees Collected for TERM_3 ON 25-10-2024
16742,TERM_4,10450,0,0,2024-07-10,1561,Fees Collected for TERM_4 ON 10-07-2024
14243,TERM_1,10450,0,0,2025-06-16,1572,Fees Collected for TERM_1 ON 16-06-2025
14243,TERM_2,10850,0,0,2024-07-11,1572,Fees Collected for TERM_2 ON 11-07-2024
14243,TERM_3,0,10450,0,2025-02-20,1572,Fees Collected for TERM_3 ON 20-02-2025
14243,TERM_4,0,10450,0,2024-08-27,1572,Fees Collected for TERM_4 ON 27-08-2024
16119,TERM_1,10450,0,0,2025-06-23,1651,Fees Collected for TERM_1 ON 23-06-2025
16119,TERM_2,10850,0,0,2025-12-26,1651,Fees Collected for TERM_2 ON 26-12-2025
16119,TERM_3,10450,0,0,2025-09-11,1651,Fees Collected for TERM_3 ON 11-09-2025
16119,TERM_4,10450,0,0,2025-08-27,1651,Fees Collected for TERM_4 ON 27-08-2025
14384A,TERM_1,10450,0,0,2025-06-20,1553,Fees Collected for TERM_1 ON 20-06-2025
14384A,TERM_2,10850,0,0,2024-08-05,1553,Fees Collected for TERM_2 ON 05-08-2024
14384A,TERM_3,10450,0,0,2025-04-19,1553,Fees Collected for TERM_3 ON 19-04-2025
14384A,TERM_4,10450,0,0,2024-09-19,1553,Fees Collected for TERM_4 ON 19-09-2024
14461,TERM_1,10450,0,0,2025-03-15,1562,Fees Collected for TERM_1 ON 15-03-2025
14461,TERM_2,10850,0,0,2025-12-15,1562,Fees Collected for TERM_2 ON 15-12-2025
14461,TERM_3,10450,0,0,2025-03-30,1562,Fees Collected for TERM_3 ON 30-03-2025
14461,TERM_4,10450,0,0,2025-05-10,1562,Fees Collected for TERM_4 ON 10-05-2025
14569,TERM_1,10450,0,0,2024-08-10,1563,Fees Collected for TERM_1 ON 10-08-2024
14569,TERM_2,10850,0,0,2024-12-19,1563,Fees Collected for TERM_2 ON 19-12-2024
14569,TERM_3,10450,0,0,2025-10-14,1563,Fees Collected for TERM_3 ON 14-10-2025
14569,TERM_4,10450,0,0,2024-09-08,1563,Fees Collected for TERM_4 ON 08-09-2024
14162,TERM_1,10450,0,0,2024-07-13,1573,Fees Collected for TERM_1 ON 13-07-2024
14162,TERM_2,10850,0,0,2024-09-18,1573,Fees Collected for TERM_2 ON 18-09-2024
14162,TERM_3,10450,0,0,2024-10-24,1573,Fees Collected for TERM_3 ON 24-10-2024
14162,TERM_4,10450,0,0,2025-08-31,1573,Fees Collected for TERM_4 ON 31-08-2025
14843,TERM_1,10450,0,0,2025-12-11,1615,Fees Collected for TERM_1 ON 11-12-2025
14843,TERM_2,10850,0,0,2025-11-25,1615,Fees Collected for TERM_2 ON 25-11-2025
14843,TERM_3,10450,0,0,2025-06-06,1615,Fees Collected for TERM_3 ON 06-06-2025
14843,TERM_4,10450,0,0,2025-02-13,1615,Fees Collected for TERM_4 ON 13-02-2025
14463,TERM_1,10450,0,0,2025-11-16,1676,Fees Collected for TERM_1 ON 16-11-2025
14463,TERM_2,10850,0,0,2025-01-13,1676,Fees Collected for TERM_2 ON 13-01-2025
14463,TERM_3,10450,0,0,2025-01-03,1676,Fees Collected for TERM_3 ON 03-01-2025
14463,TERM_4,10450,0,0,2025-05-14,1676,Fees Collected for TERM_4 ON 14-05-2025
14133,TERM_1,10450,0,0,2024-09-12,1575,Fees Collected for TERM_1 ON 12-09-2024
14133,TERM_2,10850,0,0,2025-08-14,1575,Fees Collected for TERM_2 ON 14-08-2025
14133,TERM_3,10450,0,0,2025-05-01,1575,Fees Collected for TERM_3 ON 01-05-2025
14133,TERM_4,10450,0,0,2025-01-13,1575,Fees Collected for TERM_4 ON 13-01-2025
14156,TERM_1,10450,0,0,2024-07-20,1664,Fees Collected for TERM_1 ON 20-07-2024
14156,TERM_2,10850,0,0,2024-12-30,1664,Fees Collected for TERM_2 ON 30-12-2024
14156,TERM_3,10450,0,0,2024-06-23,1664,Fees Collected for TERM_3 ON 23-06-2024
14156,TERM_4,10450,0,0,2025-07-09,1664,Fees Collected for TERM_4 ON 09-07-2025
14269,TERM_1,10450,0,0,2024-06-14,1576,Fees Collected for TERM_1 ON 14-06-2024
14269,TERM_2,10850,0,0,2025-06-14,1576,Fees Collected for TERM_2 ON 14-06-2025
14269,TERM_3,10450,0,0,2024-07-07,1576,Fees Collected for TERM_3 ON 07-07-2024
14269,TERM_4,10450,0,0,2024-07-09,1576,Fees Collected for TERM_4 ON 09-07-2024
14361,TERM_1,10450,0,0,2024-08-12,1614,Fees Collected for TERM_1 ON 12-08-2024
14361,TERM_2,10850,0,0,2024-11-20,1614,Fees Collected for TERM_2 ON 20-11-2024
14361,TERM_3,10450,0,0,2025-08-29,1614,Fees Collected for TERM_3 ON 29-08-2025
14361,TERM_4,10450,0,0,2024-12-21,1614,Fees Collected for TERM_4 ON 21-12-2024
14314,TERM_1,10450,0,0,2025-09-26,1584,Fees Collected for TERM_1 ON 26-09-2025
14314,TERM_2,10850,0,0,2024-07-11,1584,Fees Collected for TERM_2 ON 11-07-2024
14314,TERM_3,10450,0,0,2024-09-21,1584,Fees Collected for TERM_3 ON 21-09-2024
14314,TERM_4,10450,0,0,2025-04-05,1584,Fees Collected for TERM_4 ON 05-04-2025
14108,TERM_1,10450,0,0,2025-07-08,1710,Fees Collected for TERM_1 ON 08-07-2025
14108,TERM_2,10850,0,0,2025-01-24,1710,Fees Collected for TERM_2 ON 24-01-2025
14108,TERM_3,10450,0,0,2024-12-16,1710,Fees Collected for TERM_3 ON 16-12-2024
14108,TERM_4,7450,3000,0,2024-12-15,1710,Fees Collected for TERM_4 ON 15-12-2024
16247,TERM_1,10450,0,0,2024-11-24,1593,Fees Collected for TERM_1 ON 24-11-2024
16247,TERM_2,10850,0,0,2025-06-03,1593,Fees Collected for TERM_2 ON 03-06-2025
16247,TERM_3,10450,0,0,2025-02-26,1593,Fees Collected for TERM_3 ON 26-02-2025
16247,TERM_4,10450,0,0,2025-02-22,1593,Fees Collected for TERM_4 ON 22-02-2025
15989,TERM_1,10450,0,0,2025-05-12,1672,Fees Collected for TERM_1 ON 12-05-2025
15989,TERM_2,10850,0,0,2025-08-12,1672,Fees Collected for TERM_2 ON 12-08-2025
15989,TERM_3,10450,0,0,2025-07-02,1672,Fees Collected for TERM_3 ON 02-07-2025
15989,TERM_4,10450,0,0,2025-02-26,1672,Fees Collected for TERM_4 ON 26-02-2025
14741,TERM_1,10450,0,0,2025-12-01,1594,Fees Collected for TERM_1 ON 01-12-2025
14741,TERM_2,10850,0,0,2024-11-11,1594,Fees Collected for TERM_2 ON 11-11-2024
14741,TERM_3,10450,0,0,2025-06-07,1594,Fees Collected for TERM_3 ON 07-06-2025
14741,TERM_4,10450,0,0,2025-01-02,1594,Fees Collected for TERM_4 ON 02-01-2025
15621,TERM_1,10450,0,0,2025-01-26,1620,Fees Collected for TERM_1 ON 26-01-2025
15621,TERM_2,10850,0,0,2025-03-06,1620,Fees Collected for TERM_2 ON 06-03-2025
15621,TERM_3,0,10450,0,2024-07-03,1620,Fees Collected for TERM_3 ON 03-07-2024
15621,TERM_4,0,10450,0,2024-11-20,1620,Fees Collected for TERM_4 ON 20-11-2024
14581,TERM_1,10450,0,0,2025-01-18,1654,Fees Collected for TERM_1 ON 18-01-2025
14581,TERM_2,10850,0,0,2025-07-20,1654,Fees Collected for TERM_2 ON 20-07-2025
14581,TERM_3,10450,0,0,2024-06-21,1654,Fees Collected for TERM_3 ON 21-06-2024
14581,TERM_4,10450,0,0,2025-10-31,1654,Fees Collected for TERM_4 ON 31-10-2025
14406,TERM_1,10450,0,0,2024-06-24,1621,Fees Collected for TERM_1 ON 24-06-2024
14406,TERM_2,10850,0,0,2025-12-25,1621,Fees Collected for TERM_2 ON 25-12-2025
14406,TERM_3,0,10450,0,2024-12-27,1621,Fees Collected for TERM_3 ON 27-12-2024
14406,TERM_4,0,20900,0,2024-12-13,1621,Fees Collected for TERM_4 ON 13-12-2024
14210,TERM_1,10450,0,0,2025-10-21,1680,Fees Collected for TERM_1 ON 21-10-2025
14210,TERM_2,10850,0,0,2025-05-18,1680,Fees Collected for TERM_2 ON 18-05-2025
14210,TERM_3,10450,0,0,2025-02-06,1680,Fees Collected for TERM_3 ON 06-02-2025
14210,TERM_4,10450,0,0,2024-07-20,1680,Fees Collected for TERM_4 ON 20-07-2024
14459,TERM_1,10450,0,0,2024-10-01,1653,Fees Collected for TERM_1 ON 01-10-2024
14459,TERM_2,10850,0,0,2024-08-06,1653,Fees Collected for TERM_2 ON 06-08-2024
14459,TERM_3,10450,0,0,2024-08-02,1653,Fees Collected for TERM_3 ON 02-08-2024
14459,TERM_4,10450,0,0,2024-06-18,1653,Fees Collected for TERM_4 ON 18-06-2024
15453,TERM_1,10450,0,0,2024-11-07,1597,Fees Collected for TERM_1 ON 07-11-2024
15453,TERM_2,10850,0,0,2025-08-06,1597,Fees Collected for TERM_2 ON 06-08-2025
15453,TERM_3,10450,0,0,2025-02-20,1597,Fees Collected for TERM_3 ON 20-02-2025
15453,TERM_4,10450,0,0,2024-07-14,1597,Fees Collected for TERM_4 ON 14-07-2024
14157,TERM_1,10450,0,0,2025-10-25,1596,Fees Collected for TERM_1 ON 25-10-2025
14157,TERM_2,10850,0,0,2025-07-31,1596,Fees Collected for TERM_2 ON 31-07-2025
14157,TERM_3,10450,0,0,2025-11-01,1596,Fees Collected for TERM_3 ON 01-11-2025
14157,TERM_4,10450,0,0,2024-06-14,1596,Fees Collected for TERM_4 ON 14-06-2024
14311,TERM_1,10450,0,0,2025-07-15,1617,Fees Collected for TERM_1 ON 15-07-2025
14311,TERM_2,10850,0,0,2025-09-29,1617,Fees Collected for TERM_2 ON 29-09-2025
14311,TERM_3,10450,0,0,2025-08-07,1617,Fees Collected for TERM_3 ON 07-08-2025
14311,TERM_4,10450,0,0,2024-11-09,1617,Fees Collected for TERM_4 ON 09-11-2024
14321,TERM_1,10450,0,0,2024-10-06,1623,Fees Collected for TERM_1 ON 06-10-2024
14321,TERM_2,10850,0,0,2025-12-17,1623,Fees Collected for TERM_2 ON 17-12-2025
14321,TERM_3,0,10450,0,2024-07-22,1623,Fees Collected for TERM_3 ON 22-07-2024
14321,TERM_4,0,10450,0,2025-08-01,1623,Fees Collected for TERM_4 ON 01-08-2025
15670,TERM_1,10450,0,0,2025-01-21,1583,Fees Collected for TERM_1 ON 21-01-2025
15670,TERM_2,10850,0,0,2024-06-30,1583,Fees Collected for TERM_2 ON 30-06-2024
15670,TERM_3,10450,0,0,2025-03-18,1583,Fees Collected for TERM_3 ON 18-03-2025
15670,TERM_4,10450,0,0,2025-05-21,1583,Fees Collected for TERM_4 ON 21-05-2025
14292,TERM_1,10450,0,0,2024-09-03,1655,Fees Collected for TERM_1 ON 03-09-2024
14292,TERM_2,10850,0,0,2025-05-18,1655,Fees Collected for TERM_2 ON 18-05-2025
14292,TERM_3,10450,0,0,2024-07-12,1655,Fees Collected for TERM_3 ON 12-07-2024
14292,TERM_4,10450,0,0,2024-10-30,1655,Fees Collected for TERM_4 ON 30-10-2024
16630,TERM_1,10450,0,0,2025-01-16,1616,Fees Collected for TERM_1 ON 16-01-2025
16630,TERM_2,10850,0,0,2025-11-30,1616,Fees Collected for TERM_2 ON 30-11-2025
16630,TERM_3,10450,0,0,2024-11-26,1616,Fees Collected for TERM_3 ON 26-11-2024
16630,TERM_4,10450,0,0,2024-10-29,1616,Fees Collected for TERM_4 ON 29-10-2024
15110,TERM_1,10450,0,0,2025-02-17,1599,Fees Collected for TERM_1 ON 17-02-2025
15110,TERM_2,10850,0,0,2024-07-23,1599,Fees Collected for TERM_2 ON 23-07-2024
15110,TERM_3,10450,0,0,2025-01-26,1599,Fees Collected for TERM_3 ON 26-01-2025
15110,TERM_4,10450,0,0,2025-07-07,1599,Fees Collected for TERM_4 ON 07-07-2025
14355,TERM_1,10450,0,0,2024-08-18,1610,Fees Collected for TERM_1 ON 18-08-2024
14355,TERM_2,10850,0,0,2024-09-22,1610,Fees Collected for TERM_2 ON 22-09-2024
14355,TERM_3,10450,0,0,2024-08-15,1610,Fees Collected for TERM_3 ON 15-08-2024
14355,TERM_4,10450,0,0,2024-10-28,1610,Fees Collected for TERM_4 ON 28-10-2024
14112,TERM_1,10450,0,0,2024-09-27,1656,Fees Collected for TERM_1 ON 27-09-2024
14112,TERM_2,10850,0,0,2024-06-20,1656,Fees Collected for TERM_2 ON 20-06-2024
14112,TERM_3,10450,0,0,2025-11-02,1656,Fees Collected for TERM_3 ON 02-11-2025
14112,TERM_4,10450,0,0,2024-07-28,1656,Fees Collected for TERM_4 ON 28-07-2024
14350,TERM_1,10450,0,0,2025-01-12,1591,Fees Collected for TERM_1 ON 12-01-2025
14350,TERM_2,10850,0,0,2024-11-21,1591,Fees Collected for TERM_2 ON 21-11-2024
14350,TERM_3,10450,0,0,2024-07-01,1591,Fees Collected for TERM_3 ON 01-07-2024
14350,TERM_4,10450,0,0,2025-10-28,1591,Fees Collected for TERM_4 ON 28-10-2025
16512,TERM_1,10450,0,0,2024-08-16,1673,Fees Collected for TERM_1 ON 16-08-2024
16512,TERM_2,10850,0,0,2025-01-25,1673,Fees Collected for TERM_2 ON 25-01-2025
16512,TERM_3,10450,0,0,2025-08-01,1673,Fees Collected for TERM_3 ON 01-08-2025
16512,TERM_4,10450,0,0,2024-09-09,1673,Fees Collected for TERM_4 ON 09-09-2024
14167,TERM_1,10450,0,0,2025-06-20,1552,Fees Collected for TERM_1 ON 20-06-2025
14167,TERM_2,10850,0,0,2025-09-17,1552,Fees Collected for TERM_2 ON 17-09-2025
14167,TERM_3,10450,0,0,2025-12-06,1552,Fees Collected for TERM_3 ON 06-12-2025
14167,TERM_4,10450,0,0,2025-05-29,1552,Fees Collected for TERM_4 ON 29-05-2025
13822,TERM_1,10450,0,0,2025-06-05,1592,Fees Collected for TERM_1 ON 05-06-2025
13822,TERM_2,10850,0,0,2024-07-09,1592,Fees Collected for TERM_2 ON 09-07-2024
13822,TERM_3,0,10450,0,2024-06-20,1592,Fees Collected for TERM_3 ON 20-06-2024
13822,TERM_4,0,10450,0,2025-02-15,1592,Fees Collected for TERM_4 ON 15-02-2025
14941,TERM_1,10450,0,0,2024-10-27,1582,Fees Collected for TERM_1 ON 27-10-2024
14941,TERM_2,10850,0,0,2025-11-29,1582,Fees Collected for TERM_2 ON 29-11-2025
14941,TERM_3,10450,0,0,2025-03-24,1582,Fees Collected for TERM_3 ON 24-03-2025
14941,TERM_4,10450,0,0,2025-09-01,1582,Fees Collected for TERM_4 ON 01-09-2025
14169,TERM_1,10450,0,0,2024-07-07,1692,Fees Collected for TERM_1 ON 07-07-2024
14169,TERM_2,10850,0,0,2024-08-28,1692,Fees Collected for TERM_2 ON 28-08-2024
14169,TERM_3,10450,0,0,2025-12-01,1692,Fees Collected for TERM_3 ON 01-12-2025
14169,TERM_4,10450,0,0,2025-09-25,1692,Fees Collected for TERM_4 ON 25-09-2025
15702,TERM_1,10450,0,0,2025-02-05,1693,Fees Collected for TERM_1 ON 05-02-2025
15702,TERM_2,10850,0,0,2025-06-29,1693,Fees Collected for TERM_2 ON 29-06-2025
15702,TERM_3,10450,0,0,2025-06-30,1693,Fees Collected for TERM_3 ON 30-06-2025
15702,TERM_4,10450,0,0,2025-08-15,1693,Fees Collected for TERM_4 ON 15-08-2025
14432,TERM_1,10450,0,0,2025-03-23,1662,Fees Collected for TERM_1 ON 23-03-2025
14432,TERM_2,10850,0,0,2025-10-07,1662,Fees Collected for TERM_2 ON 07-10-2025
14432,TERM_3,10450,0,0,2025-03-28,1662,Fees Collected for TERM_3 ON 28-03-2025
14432,TERM_4,10450,0,0,2025-01-11,1662,Fees Collected for TERM_4 ON 11-01-2025
16488,TERM_1,10450,0,0,2025-07-17,1595,Fees Collected for TERM_1 ON 17-07-2025
16488,TERM_2,10850,0,0,2025-07-28,1595,Fees Collected for TERM_2 ON 28-07-2025
16488,TERM_3,10450,0,0,2024-10-01,1595,Fees Collected for TERM_3 ON 01-10-2024
16488,TERM_4,10450,0,0,2024-07-01,1595,Fees Collected for TERM_4 ON 01-07-2024
14190,TERM_1,10450,0,0,2025-07-05,1625,Fees Collected for TERM_1 ON 05-07-2025
14190,TERM_2,10850,0,0,2025-02-08,1625,Fees Collected for TERM_2 ON 08-02-2025
14190,TERM_3,10450,0,0,2025-01-13,1625,Fees Collected for TERM_3 ON 13-01-2025
14190,TERM_4,10450,0,0,2024-06-13,1625,Fees Collected for TERM_4 ON 13-06-2024
14224,TERM_1,10450,0,0,2025-12-09,1709,Fees Collected for TERM_1 ON 09-12-2025
14224,TERM_2,10850,0,0,2025-05-01,1709,Fees Collected for TERM_2 ON 01-05-2025
14224,TERM_3,10450,0,0,2025-02-17,1709,Fees Collected for TERM_3 ON 17-02-2025
14224,TERM_4,0,10450,0,2025-01-11,1709,Fees Collected for TERM_4 ON 11-01-2025
14449,TERM_1,10450,0,0,2024-10-12,1694,Fees Collected for TERM_1 ON 12-10-2024
14449,TERM_2,10850,0,0,2024-07-03,1694,Fees Collected for TERM_2 ON 03-07-2024
14449,TERM_3,10450,0,0,2025-03-26,1694,Fees Collected for TERM_3 ON 26-03-2025
14449,TERM_4,10450,0,0,2024-12-23,1694,Fees Collected for TERM_4 ON 23-12-2024
14952,TERM_1,10450,0,0,2025-07-28,1611,Fees Collected for TERM_1 ON 28-07-2025
14952,TERM_2,10850,0,0,2024-10-19,1611,Fees Collected for TERM_2 ON 19-10-2024
14952,TERM_3,10450,0,0,2025-02-09,1611,Fees Collected for TERM_3 ON 09-02-2025
14952,TERM_4,10450,0,0,2024-10-09,1611,Fees Collected for TERM_4 ON 09-10-2024
14194,TERM_1,10450,0,0,2024-11-07,1695,Fees Collected for TERM_1 ON 07-11-2024
14194,TERM_2,10850,0,0,2025-03-13,1695,Fees Collected for TERM_2 ON 13-03-2025
14194,TERM_3,10450,0,0,2025-06-06,1695,Fees Collected for TERM_3 ON 06-06-2025
14194,TERM_4,10450,0,0,2024-07-03,1695,Fees Collected for TERM_4 ON 03-07-2024
14276,TERM_1,10450,0,0,2024-10-30,1696,Fees Collected for TERM_1 ON 30-10-2024
14276,TERM_2,10850,0,0,2025-08-10,1696,Fees Collected for TERM_2 ON 10-08-2025
14276,TERM_3,10450,0,0,2024-12-06,1696,Fees Collected for TERM_3 ON 06-12-2024
14276,TERM_4,10450,0,0,2025-06-23,1696,Fees Collected for TERM_4 ON 23-06-2025
14317,TERM_1,10450,0,0,2025-11-29,2028,Fees Collected for TERM_1 ON 29-11-2025
14317,TERM_2,10850,0,0,2025-04-23,2028,Fees Collected for TERM_2 ON 23-04-2025
14317,TERM_3,10450,0,0,2025-03-17,2028,Fees Collected for TERM_3 ON 17-03-2025
14317,TERM_4,10450,0,0,2024-06-22,2028,Fees Collected for TERM_4 ON 22-06-2024
14122,TERM_1,10450,0,0,2025-12-20,1697,Fees Collected for TERM_1 ON 20-12-2025
14122,TERM_2,10850,0,0,2025-05-05,1697,Fees Collected for TERM_2 ON 05-05-2025
14122,TERM_3,10450,0,0,2024-11-16,1697,Fees Collected for TERM_3 ON 16-11-2024
14122,TERM_4,10450,0,0,2024-08-09,1697,Fees Collected for TERM_4 ON 09-08-2024
15027,TERM_1,10450,0,0,2025-02-17,1667,Fees Collected for TERM_1 ON 17-02-2025
15027,TERM_2,10850,0,0,2025-02-10,1667,Fees Collected for TERM_2 ON 10-02-2025
15027,TERM_3,10450,0,0,2025-06-06,1667,Fees Collected for TERM_3 ON 06-06-2025
15027,TERM_4,10450,0,0,2025-07-20,1667,Fees Collected for TERM_4 ON 20-07-2025
14584,TERM_1,10450,0,0,2025-04-20,1574,Fees Collected for TERM_1 ON 20-04-2025
14584,TERM_2,10850,0,0,2024-08-22,1574,Fees Collected for TERM_2 ON 22-08-2024
14584,TERM_3,10450,0,0,2025-10-11,1574,Fees Collected for TERM_3 ON 11-10-2025
14584,TERM_4,10450,0,0,2024-06-20,1574,Fees Collected for TERM_4 ON 20-06-2024
15745,TERM_1,10450,0,0,2025-09-23,1587,Fees Collected for TERM_1 ON 23-09-2025
15745,TERM_2,10850,0,0,2025-06-07,1587,Fees Collected for TERM_2 ON 07-06-2025
15745,TERM_3,10450,0,0,2024-08-04,1587,Fees Collected for TERM_3 ON 04-08-2024
15745,TERM_4,10450,0,0,2024-10-19,1587,Fees Collected for TERM_4 ON 19-10-2024
14106,TERM_1,10450,0,0,2025-01-21,1699,Fees Collected for TERM_1 ON 21-01-2025
14106,TERM_2,10850,0,0,2024-12-01,1699,Fees Collected for TERM_2 ON 01-12-2024
14106,TERM_3,10450,0,0,2024-06-30,1699,Fees Collected for TERM_3 ON 30-06-2024
14106,TERM_4,10450,0,0,2025-04-19,1699,Fees Collected for TERM_4 ON 19-04-2025
13846,TERM_1,10450,0,0,2024-09-28,1700,Fees Collected for TERM_1 ON 28-09-2024
13846,TERM_2,10850,0,0,2025-01-07,1700,Fees Collected for TERM_2 ON 07-01-2025
13846,TERM_3,10450,0,0,2024-11-12,1700,Fees Collected for TERM_3 ON 12-11-2024
13846,TERM_4,10450,0,0,2025-09-26,1700,Fees Collected for TERM_4 ON 26-09-2025
14468,TERM_1,10450,0,0,2025-06-18,1701,Fees Collected for TERM_1 ON 18-06-2025
14468,TERM_2,10850,0,0,2025-10-20,1701,Fees Collected for TERM_2 ON 20-10-2025
14468,TERM_3,10450,0,0,2025-05-09,1701,Fees Collected for TERM_3 ON 09-05-2025
14468,TERM_4,10450,0,0,2024-09-11,1701,Fees Collected for TERM_4 ON 11-09-2024
14240,TERM_1,10450,0,0,2025-03-16,1702,Fees Collected for TERM_1 ON 16-03-2025
14240,TERM_2,10850,0,0,2024-09-14,1702,Fees Collected for TERM_2 ON 14-09-2024
14240,TERM_3,10450,0,0,2025-08-31,1702,Fees Collected for TERM_3 ON 31-08-2025
14240,TERM_4,10450,0,0,2025-02-03,1702,Fees Collected for TERM_4 ON 03-02-2025
14111,TERM_1,10450,0,0,2024-07-16,1663,Fees Collected for TERM_1 ON 16-07-2024
14111,TERM_2,10850,0,0,2025-09-05,1663,Fees Collected for TERM_2 ON 05-09-2025
14111,TERM_3,10450,0,0,2025-07-08,1663,Fees Collected for TERM_3 ON 08-07-2025
14111,TERM_4,10450,0,0,2024-06-28,1663,Fees Collected for TERM_4 ON 28-06-2024
14252,TERM_1,10450,0,0,2024-09-07,1704,Fees Collected for TERM_1 ON 07-09-2024
14252,TERM_2,10850,0,0,2024-11-04,1704,Fees Collected for TERM_2 ON 04-11-2024
14252,TERM_3,10450,0,0,2024-10-23,1704,Fees Collected for TERM_3 ON 23-10-2024
14252,TERM_4,10450,0,0,2025-06-25,1704,Fees Collected for TERM_4 ON 25-06-2025
16165,TERM_1,10450,0,0,2025-07-23,1705,Fees Collected for TERM_1 ON 23-07-2025
16165,TERM_2,10850,0,0,2025-11-29,1705,Fees Collected for TERM_2 ON 29-11-2025
16165,TERM_3,10450,0,0,2025-05-28,1705,Fees Collected for TERM_3 ON 28-05-2025
16165,TERM_4,9950,500,0,2024-12-04,1705,Fees Collected for TERM_4 ON 04-12-2024
14917,TERM_1,10450,0,0,2025-03-02,1661,Fees Collected for TERM_1 ON 02-03-2025
14917,TERM_2,10850,0,0,2024-08-14,1661,Fees Collected for TERM_2 ON 14-08-2024
14917,TERM_3,10450,0,0,2025-12-19,1661,Fees Collected for TERM_3 ON 19-12-2025
14917,TERM_4,10450,0,0,2024-09-23,1661,Fees Collected for TERM_4 ON 23-09-2024
15962,TERM_1,10450,0,0,2024-10-12,1706,Fees Collected for TERM_1 ON 12-10-2024
15962,TERM_2,10850,0,0,2025-11-27,1706,Fees Collected for TERM_2 ON 27-11-2025
15962,TERM_3,10450,0,0,2024-06-16,1706,Fees Collected for TERM_3 ON 16-06-2024
15962,TERM_4,10450,0,0,2025-01-24,1706,Fees Collected for TERM_4 ON 24-01-2025
16431,TERM_1,10450,0,0,2024-09-19,1707,Fees Collected for TERM_1 ON 19-09-2024
16431,TERM_2,10850,0,0,2025-12-17,1707,Fees Collected for TERM_2 ON 17-12-2025
16431,TERM_3,10450,0,0,2025-04-04,1707,Fees Collected for TERM_3 ON 04-04-2025
16431,TERM_4,10450,0,0,2025-07-27,1707,Fees Collected for TERM_4 ON 27-07-2025
15079,TERM_1,10450,0,0,2025-01-17,1607,Fees Collected for TERM_1 ON 17-01-2025
15079,TERM_2,10850,0,0,2025-11-07,1607,Fees Collected for TERM_2 ON 07-11-2025
15079,TERM_3,10450,0,0,2024-10-05,1607,Fees Collected for TERM_3 ON 05-10-2024
15079,TERM_4,10450,0,0,2025-06-19,1607,Fees Collected for TERM_4 ON 19-06-2025
14143,TERM_1,10450,0,0,2025-11-17,1678,Fees Collected for TERM_1 ON 17-11-2025
14143,TERM_2,10850,0,0,2025-02-12,1678,Fees Collected for TERM_2 ON 12-02-2025
14143,TERM_3,10450,0,0,2024-07-03,1678,Fees Collected for TERM_3 ON 03-07-2024
14143,TERM_4,10450,0,0,2025-01-15,1678,Fees Collected for TERM_4 ON 15-01-2025
14991,TERM_1,10450,0,0,2025-05-30,1618,Fees Collected for TERM_1 ON 30-05-2025
14991,TERM_2,10850,0,0,2025-01-06,1618,Fees Collected for TERM_2 ON 06-01-2025
14991,TERM_3,10450,0,0,2025-04-03,1618,Fees Collected for TERM_3 ON 03-04-2025
14991,TERM_4,10450,0,0,2025-01-10,1618,Fees Collected for TERM_4 ON 10-01-2025
15955,TERM_1,10450,0,0,2025-01-25,1690,Fees Collected for TERM_1 ON 25-01-2025
15955,TERM_2,10850,0,0,2024-10-19,1690,Fees Collected for TERM_2 ON 19-10-2024
15955,TERM_3,10450,0,0,2024-07-28,1690,Fees Collected for TERM_3 ON 28-07-2024
15955,TERM_4,10450,0,0,2024-12-10,1690,Fees Collected for TERM_4 ON 10-12-2024
14366,TERM_1,10450,0,0,2025-06-05,1632,Fees Collected for TERM_1 ON 05-06-2025
14366,TERM_2,10850,0,0,2025-07-15,1632,Fees Collected for TERM_2 ON 15-07-2025
14366,TERM_3,10450,0,0,2025-02-27,1632,Fees Collected for TERM_3 ON 27-02-2025
14366,TERM_4,10450,0,0,2025-10-28,1632,Fees Collected for TERM_4 ON 28-10-2025
15450,TERM_1,10450,0,0,2024-11-22,1708,Fees Collected for TERM_1 ON 22-11-2024
15450,TERM_2,10850,0,0,2024-06-14,1708,Fees Collected for TERM_2 ON 14-06-2024
15450,TERM_3,10450,0,0,2025-06-26,1708,Fees Collected for TERM_3 ON 26-06-2025
15450,TERM_4,10450,0,0,2024-12-12,1708,Fees Collected for TERM_4 ON 12-12-2024
14180,TERM_1,10450,0,0,2025-12-13,1586,Fees Collected for TERM_1 ON 13-12-2025
14180,TERM_2,10850,0,0,2025-09-04,1586,Fees Collected for TERM_2 ON 04-09-2025
14180,TERM_3,10450,0,0,2024-10-02,1586,Fees Collected for TERM_3 ON 02-10-2024
14180,TERM_4,10450,0,0,2024-09-04,1586,Fees Collected for TERM_4 ON 04-09-2024
14160,TERM_1,10450,0,0,2025-03-12,1684,Fees Collected for TERM_1 ON 12-03-2025
14160,TERM_2,10850,0,0,2025-05-15,1684,Fees Collected for TERM_2 ON 15-05-2025
14160,TERM_3,10450,0,0,2024-08-12,1684,Fees Collected for TERM_3 ON 12-08-2024
14160,TERM_4,10450,0,0,2025-03-05,1684,Fees Collected for TERM_4 ON 05-03-2025
16588,TERM_1,10450,0,0,2025-09-13,1683,Fees Collected for TERM_1 ON 13-09-2025
16588,TERM_2,10850,0,0,2025-08-24,1683,Fees Collected for TERM_2 ON 24-08-2025
16588,TERM_3,10450,0,0,2025-12-05,1683,Fees Collected for TERM_3 ON 05-12-2025
16588,TERM_4,10450,0,0,2024-08-09,1683,Fees Collected for TERM_4 ON 09-08-2024
14237,TERM_1,10450,0,0,2024-08-23,1645,Fees Collected for TERM_1 ON 23-08-2024
14237,TERM_2,10850,0,0,2024-06-29,1645,Fees Collected for TERM_2 ON 29-06-2024
14237,TERM_3,10450,0,0,2024-12-04,1645,Fees Collected for TERM_3 ON 04-12-2024
14237,TERM_4,10450,0,0,2025-03-07,1645,Fees Collected for TERM_4 ON 07-03-2025
16847,TERM_1,10450,0,0,2025-07-20,1581,Fees Collected for TERM_1 ON 20-07-2025
16847,TERM_2,10850,0,0,2024-07-17,1581,Fees Collected for TERM_2 ON 17-07-2024
16847,TERM_3,10450,0,0,2024-07-02,1581,Fees Collected for TERM_3 ON 02-07-2024
16847,TERM_4,10450,0,0,2025-08-02,1581,Fees Collected for TERM_4 ON 02-08-2025
14374,TERM_1,10450,0,0,2025-01-09,1681,Fees Collected for TERM_1 ON 09-01-2025
14374,TERM_2,10850,0,0,2025-02-15,1681,Fees Collected for TERM_2 ON 15-02-2025
14374,TERM_3,10450,0,0,2025-04-18,1681,Fees Collected for TERM_3 ON 18-04-2025
14374,TERM_4,10450,0,0,2025-05-25,1681,Fees Collected for TERM_4 ON 25-05-2025
15018,TERM_1,10450,0,0,2025-02-07,1633,Fees Collected for TERM_1 ON 07-02-2025
15018,TERM_2,10850,0,0,2024-07-19,1633,Fees Collected for TERM_2 ON 19-07-2024
15018,TERM_3,10450,0,0,2025-04-15,1633,Fees Collected for TERM_3 ON 15-04-2025
15018,TERM_4,9950,500,0,2025-06-22,1633,Fees Collected for TERM_4 ON 22-06-2025
15363,TERM_1,10450,0,0,2025-12-23,1703,Fees Collected for TERM_1 ON 23-12-2025
15363,TERM_2,10850,0,0,2025-03-09,1703,Fees Collected for TERM_2 ON 09-03-2025
15363,TERM_3,10450,0,0,2025-09-13,1703,Fees Collected for TERM_3 ON 13-09-2025
15363,TERM_4,9950,500,0,2024-11-26,1703,Fees Collected for TERM_4 ON 26-11-2024
16581,TERM_1,10450,0,0,2025-11-03,1629,Fees Collected for TERM_1 ON 03-11-2025
16581,TERM_2,10850,0,0,2024-10-27,1629,Fees Collected for TERM_2 ON 27-10-2024
16581,TERM_3,10450,0,0,2024-10-29,1629,Fees Collected for TERM_3 ON 29-10-2024
16581,TERM_4,10450,0,0,2025-03-23,1629,Fees Collected for TERM_4 ON 23-03-2025
14158,TERM_1,10450,0,0,2024-10-19,1636,Fees Collected for TERM_1 ON 19-10-2024
14158,TERM_2,10850,0,0,2025-12-27,1636,Fees Collected for TERM_2 ON 27-12-2025
14158,TERM_3,10450,0,0,2024-10-08,1636,Fees Collected for TERM_3 ON 08-10-2024
14158,TERM_4,10450,0,0,2025-06-01,1636,Fees Collected for TERM_4 ON 01-06-2025
15095,TERM_1,10450,0,0,2024-08-30,1646,Fees Collected for TERM_1 ON 30-08-2024
15095,TERM_2,10850,0,0,2025-01-24,1646,Fees Collected for TERM_2 ON 24-01-2025
15095,TERM_3,10450,0,0,2025-12-11,1646,Fees Collected for TERM_3 ON 11-12-2025
15095,TERM_4,10450,0,0,2025-04-12,1646,Fees Collected for TERM_4 ON 12-04-2025
15035,TERM_1,10450,0,0,2025-03-29,1689,Fees Collected for TERM_1 ON 29-03-2025
15035,TERM_2,10850,0,0,2024-06-18,1689,Fees Collected for TERM_2 ON 18-06-2024
15035,TERM_3,10450,0,0,2024-08-21,1689,Fees Collected for TERM_3 ON 21-08-2024
15035,TERM_4,10450,0,0,2025-05-13,1689,Fees Collected for TERM_4 ON 13-05-2025
14409,TERM_1,10450,0,0,2025-03-13,1602,Fees Collected for TERM_1 ON 13-03-2025
14409,TERM_2,10850,0,0,2025-01-30,1602,Fees Collected for TERM_2 ON 30-01-2025
14409,TERM_3,10450,0,0,2025-03-05,1602,Fees Collected for TERM_3 ON 05-03-2025
14409,TERM_4,10450,0,0,2025-01-07,1602,Fees Collected for TERM_4 ON 07-01-2025
14121,TERM_1,10450,0,0,2025-11-04,1675,Fees Collected for TERM_1 ON 04-11-2025
14121,TERM_2,10850,0,0,2024-11-07,1675,Fees Collected for TERM_2 ON 07-11-2024
14121,TERM_3,10450,0,0,2024-07-15,1675,Fees Collected for TERM_3 ON 15-07-2024
14121,TERM_4,10450,0,0,2025-06-24,1675,Fees Collected for TERM_4 ON 24-06-2025
15475,TERM_1,10450,0,0,2025-03-21,1580,Fees Collected for TERM_1 ON 21-03-2025
15475,TERM_2,10850,0,0,2025-08-11,1580,Fees Collected for TERM_2 ON 11-08-2025
15475,TERM_3,10450,0,0,2025-09-10,1580,Fees Collected for TERM_3 ON 10-09-2025
15475,TERM_4,10450,0,0,2025-04-02,1580,Fees Collected for TERM_4 ON 02-04-2025
14416,TERM_1,10450,0,0,2025-01-29,1631,Fees Collected for TERM_1 ON 29-01-2025
14416,TERM_2,10850,0,0,2025-11-07,1631,Fees Collected for TERM_2 ON 07-11-2025
14416,TERM_3,10450,0,0,2024-12-23,1631,Fees Collected for TERM_3 ON 23-12-2024
14416,TERM_4,10450,0,0,2025-12-15,1631,Fees Collected for TERM_4 ON 15-12-2025
14163,TERM_1,10450,0,0,2025-05-07,1605,Fees Collected for TERM_1 ON 07-05-2025
14163,TERM_2,10850,0,0,2025-04-07,1605,Fees Collected for TERM_2 ON 07-04-2025
14163,TERM_3,10450,0,0,2025-03-24,1605,Fees Collected for TERM_3 ON 24-03-2025
14163,TERM_4,10450,0,0,2024-10-24,1605,Fees Collected for TERM_4 ON 24-10-2024
14637,TERM_1,10450,0,0,2025-04-16,1647,Fees Collected for TERM_1 ON 16-04-2025
14637,TERM_2,10850,0,0,2024-08-09,1647,Fees Collected for TERM_2 ON 09-08-2024
14637,TERM_3,10450,0,0,2024-09-22,1647,Fees Collected for TERM_3 ON 22-09-2024
14637,TERM_4,10450,0,0,2024-12-23,1647,Fees Collected for TERM_4 ON 23-12-2024
14117,TERM_1,10450,0,0,2025-10-20,1628,Fees Collected for TERM_1 ON 20-10-2025
14117,TERM_2,10850,0,0,2025-10-24,1628,Fees Collected for TERM_2 ON 24-10-2025
14117,TERM_3,10450,0,0,2024-08-29,1628,Fees Collected for TERM_3 ON 29-08-2024
14117,TERM_4,10450,0,0,2025-11-24,1628,Fees Collected for TERM_4 ON 24-11-2025
14384,TERM_1,10450,0,0,2025-09-04,1634,Fees Collected for TERM_1 ON 04-09-2025
14384,TERM_2,10850,0,0,2025-04-03,1634,Fees Collected for TERM_2 ON 03-04-2025
14384,TERM_3,0,10850,0,2025-07-04,1634,Fees Collected for TERM_3 ON 04-07-2025
14384,TERM_4,0,10850,0,2025-10-01,1634,Fees Collected for TERM_4 ON 01-10-2025
14179,TERM_1,10450,0,0,2024-10-17,1719,Fees Collected for TERM_1 ON 17-10-2024
14179,TERM_2,10850,0,0,2025-12-08,1719,Fees Collected for TERM_2 ON 08-12-2025
14179,TERM_3,10450,0,0,2024-07-28,1719,Fees Collected for TERM_3 ON 28-07-2024
14179,TERM_4,10450,0,0,2024-07-22,1719,Fees Collected for TERM_4 ON 22-07-2024
14254,TERM_1,10450,0,0,2025-08-28,1613,Fees Collected for TERM_1 ON 28-08-2025
14254,TERM_2,10850,0,0,2024-08-28,1613,Fees Collected for TERM_2 ON 28-08-2024
14254,TERM_3,10450,0,0,2025-10-26,1613,Fees Collected for TERM_3 ON 26-10-2025
14254,TERM_4,6450,4000,0,2025-06-28,1613,Fees Collected for TERM_4 ON 28-06-2025
14113,TERM_1,10450,0,0,2024-08-29,1637,Fees Collected for TERM_1 ON 29-08-2024
14113,TERM_2,10850,0,0,2025-10-08,1637,Fees Collected for TERM_2 ON 08-10-2025
14113,TERM_3,10450,0,0,2025-04-16,1637,Fees Collected for TERM_3 ON 16-04-2025
14113,TERM_4,10450,0,0,2024-11-19,1637,Fees Collected for TERM_4 ON 19-11-2024
14166,TERM_1,10450,0,0,2025-01-10,1635,Fees Collected for TERM_1 ON 10-01-2025
14166,TERM_2,10850,0,0,2025-07-16,1635,Fees Collected for TERM_2 ON 16-07-2025
14166,TERM_3,10450,0,0,2025-10-14,1635,Fees Collected for TERM_3 ON 14-10-2025
14166,TERM_4,10450,0,0,2025-03-05,1635,Fees Collected for TERM_4 ON 05-03-2025
14109,TERM_1,10450,0,0,2024-07-26,1650,Fees Collected for TERM_1 ON 26-07-2024
14109,TERM_2,10850,0,0,2024-08-25,1650,Fees Collected for TERM_2 ON 25-08-2024
14109,TERM_3,10450,0,0,2024-09-26,1650,Fees Collected for TERM_3 ON 26-09-2024
14109,TERM_4,10450,0,0,2024-10-06,1650,Fees Collected for TERM_4 ON 06-10-2024
14308,TERM_1,10450,0,0,2024-06-20,1698,Fees Collected for TERM_1 ON 20-06-2024
14308,TERM_2,10850,0,0,2025-10-16,1698,Fees Collected for TERM_2 ON 16-10-2025
14308,TERM_3,10450,0,0,2025-03-14,1698,Fees Collected for TERM_3 ON 14-03-2025
14308,TERM_4,10450,0,0,2025-01-23,1698,Fees Collected for TERM_4 ON 23-01-2025
14213,TERM_1,10450,0,0,2025-04-07,1608,Fees Collected for TERM_1 ON 07-04-2025
14213,TERM_2,10850,0,0,2025-11-23,1608,Fees Collected for TERM_2 ON 23-11-2025
14213,TERM_3,10450,0,0,2025-10-17,1608,Fees Collected for TERM_3 ON 17-10-2025
14213,TERM_4,10450,0,0,2024-11-14,1608,Fees Collected for TERM_4 ON 14-11-2024
16196,TERM_1,10450,0,0,2025-12-05,1588,Fees Collected for TERM_1 ON 05-12-2025
16196,TERM_2,10850,0,0,2025-08-20,1588,Fees Collected for TERM_2 ON 20-08-2025
16196,TERM_3,10450,0,0,2025-01-20,1588,Fees Collected for TERM_3 ON 20-01-2025
16196,TERM_4,10450,0,0,2025-06-06,1588,Fees Collected for TERM_4 ON 06-06-2025
16372,TERM_1,10450,0,0,2025-05-29,1691,Fees Collected for TERM_1 ON 29-05-2025
16372,TERM_2,10850,0,0,2025-08-23,1691,Fees Collected for TERM_2 ON 23-08-2025
16372,TERM_3,10450,0,0,2025-01-25,1691,Fees Collected for TERM_3 ON 25-01-2025
16372,TERM_4,10450,0,0,2024-12-08,1691,Fees Collected for TERM_4 ON 08-12-2024
14708,TERM_1,10450,0,0,2024-11-25,1677,Fees Collected for TERM_1 ON 25-11-2024
14708,TERM_2,10850,0,0,2025-05-05,1677,Fees Collected for TERM_2 ON 05-05-2025
14708,TERM_3,10450,0,0,2024-10-19,1677,Fees Collected for TERM_3 ON 19-10-2024
14708,TERM_4,10450,0,0,2024-07-22,1677,Fees Collected for TERM_4 ON 22-07-2024
14594,TERM_1,10450,0,0,2024-12-01,1643,Fees Collected for TERM_1 ON 01-12-2024
14594,TERM_2,10850,0,0,2025-01-12,1643,Fees Collected for TERM_2 ON 12-01-2025
14594,TERM_3,10450,0,0,2024-11-13,1643,Fees Collected for TERM_3 ON 13-11-2024
14594,TERM_4,10450,0,0,2025-10-29,1643,Fees Collected for TERM_4 ON 29-10-2025
14647,TERM_1,10450,0,0,2025-09-27,1579,Fees Collected for TERM_1 ON 27-09-2025
14647,TERM_2,10850,0,0,2025-02-03,1579,Fees Collected for TERM_2 ON 03-02-2025
14647,TERM_3,10450,0,0,2024-11-09,1579,Fees Collected for TERM_3 ON 09-11-2024
14647,TERM_4,10450,0,0,2024-12-16,1579,Fees Collected for TERM_4 ON 16-12-2024
14132,TERM_1,10450,0,0,2024-12-14,1639,Fees Collected for TERM_1 ON 14-12-2024
14132,TERM_2,10850,0,0,2025-01-06,1639,Fees Collected for TERM_2 ON 06-01-2025
14132,TERM_3,10450,0,0,2025-08-29,1639,Fees Collected for TERM_3 ON 29-08-2025
14132,TERM_4,10450,0,0,2025-05-18,1639,Fees Collected for TERM_4 ON 18-05-2025
14830,TERM_1,10450,0,0,2024-12-10,1666,Fees Collected for TERM_1 ON 10-12-2024
14830,TERM_2,10850,0,0,2025-02-22,1666,Fees Collected for TERM_2 ON 22-02-2025
14830,TERM_3,10450,0,0,2025-10-24,1666,Fees Collected for TERM_3 ON 24-10-2025
14830,TERM_4,10450,0,0,2025-03-16,1666,Fees Collected for TERM_4 ON 16-03-2025
14562,TERM_1,10450,0,0,2025-04-17,1585,Fees Collected for TERM_1 ON 17-04-2025
14562,TERM_2,10850,0,0,2025-04-27,1585,Fees Collected for TERM_2 ON 27-04-2025
14562,TERM_3,10450,0,0,2024-07-14,1585,Fees Collected for TERM_3 ON 14-07-2024
14562,TERM_4,10450,0,0,2025-09-22,1585,Fees Collected for TERM_4 ON 22-09-2025
14153,TERM_1,10450,0,0,2025-03-21,1644,Fees Collected for TERM_1 ON 21-03-2025
14153,TERM_2,10850,0,0,2024-10-15,1644,Fees Collected for TERM_2 ON 15-10-2024
14153,TERM_3,10450,0,0,2025-05-10,1644,Fees Collected for TERM_3 ON 10-05-2025
14153,TERM_4,10450,0,0,2024-07-01,1644,Fees Collected for TERM_4 ON 01-07-2024
16062,TERM_1,10450,0,0,2024-11-17,1642,Fees Collected for TERM_1 ON 17-11-2024
16062,TERM_2,10850,0,0,2024-09-03,1642,Fees Collected for TERM_2 ON 03-09-2024
16062,TERM_3,10450,0,0,2025-08-31,1642,Fees Collected for TERM_3 ON 31-08-2025
16062,TERM_4,10450,0,0,2025-06-11,1642,Fees Collected for TERM_4 ON 11-06-2025
14285,TERM_1,10450,0,0,2024-06-21,1652,Fees Collected for TERM_1 ON 21-06-2024
14285,TERM_2,10850,0,0,2025-03-08,1652,Fees Collected for TERM_2 ON 08-03-2025
14285,TERM_3,10450,0,0,2025-03-27,1652,Fees Collected for TERM_3 ON 27-03-2025
14285,TERM_4,10450,0,0,2025-11-29,1652,Fees Collected for TERM_4 ON 29-11-2025
15015,TERM_1,10450,0,0,2025-08-03,1640,Fees Collected for TERM_1 ON 03-08-2025
15015,TERM_2,10850,0,0,2024-07-12,1640,Fees Collected for TERM_2 ON 12-07-2024
15015,TERM_3,10450,0,0,2025-09-09,1640,Fees Collected for TERM_3 ON 09-09-2025
15015,TERM_4,10450,0,0,2025-10-17,1640,Fees Collected for TERM_4 ON 17-10-2025
14119,TERM_1,10450,0,0,2024-10-08,1641,Fees Collected for TERM_1 ON 08-10-2024
14119,TERM_2,10850,0,0,2024-07-14,1641,Fees Collected for TERM_2 ON 14-07-2024
14119,TERM_3,10450,0,0,2025-05-11,1641,Fees Collected for TERM_3 ON 11-05-2025
14119,TERM_4,10450,0,0,2024-07-03,1641,Fees Collected for TERM_4 ON 03-07-2024
14136,TERM_1,10450,0,0,2025-09-02,1658,Fees Collected for TERM_1 ON 02-09-2025
14136,TERM_2,10850,0,0,2024-11-14,1658,Fees Collected for TERM_2 ON 14-11-2024
14136,TERM_3,10450,0,0,2025-07-21,1658,Fees Collected for TERM_3 ON 21-07-2025
14136,TERM_4,10450,0,0,2025-03-04,1658,Fees Collected for TERM_4 ON 04-03-2025
14203,TERM_1,10450,0,0,2024-10-03,1669,Fees Collected for TERM_1 ON 03-10-2024
14203,TERM_2,10850,0,0,2025-05-12,1669,Fees Collected for TERM_2 ON 12-05-2025
14203,TERM_3,10450,0,0,2025-10-10,1669,Fees Collected for TERM_3 ON 10-10-2025
14203,TERM_4,10450,0,0,2025-08-25,1669,Fees Collected for TERM_4 ON 25-08-2025
15487,TERM_1,10450,0,0,2025-04-13,1735,Fees Collected for TERM_1 ON 13-04-2025
15487,TERM_2,10850,0,0,2025-12-20,1735,Fees Collected for TERM_2 ON 20-12-2025
15487,TERM_3,10450,0,0,2024-11-14,1735,Fees Collected for TERM_3 ON 14-11-2024
15487,TERM_4,10450,0,0,2025-08-22,1735,Fees Collected for TERM_4 ON 22-08-2025
16635,TERM_1,10450,0,0,2025-11-07,2025,Fees Collected for TERM_1 ON 07-11-2025
16635,TERM_2,10850,0,0,2024-07-27,2025,Fees Collected for TERM_2 ON 27-07-2024
16635,TERM_3,10450,0,0,2025-04-22,2025,Fees Collected for TERM_3 ON 22-04-2025
16635,TERM_4,10450,0,0,2025-01-02,2025,Fees Collected for TERM_4 ON 02-01-2025
14242,TERM_1,10450,0,0,2025-03-13,1665,Fees Collected for TERM_1 ON 13-03-2025
14242,TERM_2,10850,0,0,2025-05-31,1665,Fees Collected for TERM_2 ON 31-05-2025
14242,TERM_3,10450,0,0,2024-10-04,1665,Fees Collected for TERM_3 ON 04-10-2024
14242,TERM_4,10450,0,0,2024-11-22,1665,Fees Collected for TERM_4 ON 22-11-2024
14236,TERM_1,10450,0,0,2025-10-18,1638,Fees Collected for TERM_1 ON 18-10-2025
14236,TERM_2,10850,0,0,2025-05-12,1638,Fees Collected for TERM_2 ON 12-05-2025
14236,TERM_3,10450,0,0,2025-12-03,1638,Fees Collected for TERM_3 ON 03-12-2025
14236,TERM_4,10450,0,0,2025-07-28,1638,Fees Collected for TERM_4 ON 28-07-2025
14207,TERM_1,10450,0,0,2024-11-21,1619,Fees Collected for TERM_1 ON 21-11-2024
14207,TERM_2,10850,0,0,2025-01-15,1619,Fees Collected for TERM_2 ON 15-01-2025
14207,TERM_3,10450,0,0,2025-05-18,1619,Fees Collected for TERM_3 ON 18-05-2025
14207,TERM_4,10450,0,0,2024-06-14,1619,Fees Collected for TERM_4 ON 14-06-2024
15939,TERM_1,10450,0,0,2025-12-24,1749,Fees Collected for TERM_1 ON 24-12-2025
15939,TERM_2,10450,0,0,2025-07-04,1749,Fees Collected for TERM_2 ON 04-07-2025
15939,TERM_3,10450,0,0,2024-09-18,1749,Fees Collected for TERM_3 ON 18-09-2024
15939,TERM_4,0,10450,0,2025-07-23,1749,Fees Collected for TERM_4 ON 23-07-2025
13738,TERM_1,10450,0,0,2024-12-22,1764,Fees Collected for TERM_1 ON 22-12-2024
13738,TERM_2,10450,0,0,2025-07-21,1764,Fees Collected for TERM_2 ON 21-07-2025
13738,TERM_3,10450,0,0,2024-10-25,1764,Fees Collected for TERM_3 ON 25-10-2024
13738,TERM_4,10450,0,0,2025-02-21,1764,Fees Collected for TERM_4 ON 21-02-2025
14202,TERM_1,10450,0,0,2025-05-11,1831,Fees Collected for TERM_1 ON 11-05-2025
14202,TERM_2,10450,0,0,2024-11-13,1831,Fees Collected for TERM_2 ON 13-11-2024
14202,TERM_3,10450,0,0,2024-12-13,1831,Fees Collected for TERM_3 ON 13-12-2024
14202,TERM_4,10450,0,0,2025-06-23,1831,Fees Collected for TERM_4 ON 23-06-2025
16083,TERM_1,10450,0,0,2025-07-27,1724,Fees Collected for TERM_1 ON 27-07-2025
16083,TERM_2,10450,0,0,2025-09-18,1724,Fees Collected for TERM_2 ON 18-09-2025
16083,TERM_3,10450,0,0,2024-11-12,1724,Fees Collected for TERM_3 ON 12-11-2024
16083,TERM_4,10450,0,0,2025-12-24,1724,Fees Collected for TERM_4 ON 24-12-2025
13801,TERM_1,10450,0,0,2025-01-29,1766,Fees Collected for TERM_1 ON 29-01-2025
13801,TERM_2,10450,0,0,2025-12-19,1766,Fees Collected for TERM_2 ON 19-12-2025
13801,TERM_3,10450,0,0,2025-08-25,1766,Fees Collected for TERM_3 ON 25-08-2025
13801,TERM_4,10450,0,0,2024-07-13,1766,Fees Collected for TERM_4 ON 13-07-2024
14291,TERM_1,10450,0,0,2024-10-18,1752,Fees Collected for TERM_1 ON 18-10-2024
14291,TERM_2,10450,0,0,2024-10-26,1752,Fees Collected for TERM_2 ON 26-10-2024
14291,TERM_3,10450,0,0,2024-10-23,1752,Fees Collected for TERM_3 ON 23-10-2024
14291,TERM_4,10450,0,0,2024-07-16,1752,Fees Collected for TERM_4 ON 16-07-2024
14002,TERM_1,10450,0,0,2025-02-10,1827,Fees Collected for TERM_1 ON 10-02-2025
14002,TERM_2,10450,0,0,2024-12-25,1827,Fees Collected for TERM_2 ON 25-12-2024
14002,TERM_3,10450,0,0,2025-01-22,1827,Fees Collected for TERM_3 ON 22-01-2025
14002,TERM_4,10450,0,0,2024-07-20,1827,Fees Collected for TERM_4 ON 20-07-2024
15097,TERM_1,10450,0,0,2025-03-02,1725,Fees Collected for TERM_1 ON 02-03-2025
15097,TERM_2,10450,0,0,2025-12-11,1725,Fees Collected for TERM_2 ON 11-12-2025
15097,TERM_3,10450,0,0,2025-01-11,1725,Fees Collected for TERM_3 ON 11-01-2025
15097,TERM_4,10450,0,0,2024-11-21,1725,Fees Collected for TERM_4 ON 21-11-2024
16861,TERM_1,10450,0,0,2025-06-02,1751,Fees Collected for TERM_1 ON 02-06-2025
16861,TERM_2,10450,0,0,2024-11-09,1751,Fees Collected for TERM_2 ON 09-11-2024
16861,TERM_3,10450,0,0,2024-06-22,1751,Fees Collected for TERM_3 ON 22-06-2024
16861,TERM_4,10450,0,0,2024-08-31,1751,Fees Collected for TERM_4 ON 31-08-2024
14358,TERM_1,10450,0,0,2025-01-21,1750,Fees Collected for TERM_1 ON 21-01-2025
14358,TERM_2,10450,0,0,2025-08-15,1750,Fees Collected for TERM_2 ON 15-08-2025
14358,TERM_3,10450,0,0,2025-05-20,1750,Fees Collected for TERM_3 ON 20-05-2025
14358,TERM_4,10450,0,0,2025-09-12,1750,Fees Collected for TERM_4 ON 12-09-2025
13816,TERM_1,10450,0,0,2024-07-21,1721,Fees Collected for TERM_1 ON 21-07-2024
13816,TERM_2,10450,0,0,2025-05-23,1721,Fees Collected for TERM_2 ON 23-05-2025
13816,TERM_3,10450,0,0,2025-04-19,1721,Fees Collected for TERM_3 ON 19-04-2025
13816,TERM_4,10450,0,0,2025-10-07,1721,Fees Collected for TERM_4 ON 07-10-2025
15040,TERM_1,10450,0,0,2025-06-08,1758,Fees Collected for TERM_1 ON 08-06-2025
15040,TERM_2,10450,0,0,2025-04-07,1758,Fees Collected for TERM_2 ON 07-04-2025
15040,TERM_3,10450,0,0,2025-06-30,1758,Fees Collected for TERM_3 ON 30-06-2025
15040,TERM_4,10450,0,0,2024-09-07,1758,Fees Collected for TERM_4 ON 07-09-2024
16087,TERM_1,10450,0,0,2025-11-24,1748,Fees Collected for TERM_1 ON 24-11-2025
16087,TERM_2,10450,0,0,2025-12-18,1748,Fees Collected for TERM_2 ON 18-12-2025
16087,TERM_3,10450,0,0,2025-02-10,1748,Fees Collected for TERM_3 ON 10-02-2025
16087,TERM_4,10450,0,0,2025-08-15,1748,Fees Collected for TERM_4 ON 15-08-2025
14229,TERM_1,10450,0,0,2025-02-24,1722,Fees Collected for TERM_1 ON 24-02-2025
14229,TERM_2,10450,0,0,2024-06-13,1722,Fees Collected for TERM_2 ON 13-06-2024
14229,TERM_3,10450,0,0,2025-01-24,1722,Fees Collected for TERM_3 ON 24-01-2025
14229,TERM_4,10450,0,0,2025-03-13,1722,Fees Collected for TERM_4 ON 13-03-2025
13916,TERM_1,10450,0,0,2025-02-16,1723,Fees Collected for TERM_1 ON 16-02-2025
13916,TERM_2,10450,0,0,2025-10-06,1723,Fees Collected for TERM_2 ON 06-10-2025
13916,TERM_3,10450,0,0,2024-12-21,1723,Fees Collected for TERM_3 ON 21-12-2024
13916,TERM_4,10450,0,0,2024-06-26,1723,Fees Collected for TERM_4 ON 26-06-2024
15908,TERM_1,10450,0,0,2024-12-03,1747,Fees Collected for TERM_1 ON 03-12-2024
15908,TERM_2,10450,0,0,2024-07-06,1747,Fees Collected for TERM_2 ON 06-07-2024
15908,TERM_3,10450,0,0,2025-11-17,1747,Fees Collected for TERM_3 ON 17-11-2025
15908,TERM_4,10450,0,0,2024-08-27,1747,Fees Collected for TERM_4 ON 27-08-2024
13856,TERM_1,10450,0,0,2025-05-23,1726,Fees Collected for TERM_1 ON 23-05-2025
13856,TERM_2,10450,0,0,2025-07-28,1726,Fees Collected for TERM_2 ON 28-07-2025
13856,TERM_3,10450,0,0,2025-02-02,1726,Fees Collected for TERM_3 ON 02-02-2025
13856,TERM_4,0,10450,0,2025-11-17,1726,Fees Collected for TERM_4 ON 17-11-2025
16132,TERM_1,10450,0,0,2024-12-08,1711,Fees Collected for TERM_1 ON 08-12-2024
16132,TERM_2,10450,0,0,2024-11-26,1711,Fees Collected for TERM_2 ON 26-11-2024
16132,TERM_3,10450,0,0,2025-03-04,1711,Fees Collected for TERM_3 ON 04-03-2025
16132,TERM_4,9950,500,0,2025-07-01,1711,Fees Collected for TERM_4 ON 01-07-2025
16071,TERM_1,10450,0,0,2025-03-29,1759,Fees Collected for TERM_1 ON 29-03-2025
16071,TERM_2,10450,0,0,2024-06-25,1759,Fees Collected for TERM_2 ON 25-06-2024
16071,TERM_3,10450,0,0,2024-12-30,1759,Fees Collected for TERM_3 ON 30-12-2024
16071,TERM_4,10450,0,0,2025-05-27,1759,Fees Collected for TERM_4 ON 27-05-2025
14448,TERM_1,10450,0,0,2024-07-26,1720,Fees Collected for TERM_1 ON 26-07-2024
14448,TERM_2,10450,0,0,2024-07-25,1720,Fees Collected for TERM_2 ON 25-07-2024
14448,TERM_3,10450,0,0,2025-12-20,1720,Fees Collected for TERM_3 ON 20-12-2025
14448,TERM_4,10450,0,0,2024-06-26,1720,Fees Collected for TERM_4 ON 26-06-2024
13813,TERM_1,10450,0,0,2025-01-17,1746,Fees Collected for TERM_1 ON 17-01-2025
13813,TERM_2,10450,0,0,2025-07-29,1746,Fees Collected for TERM_2 ON 29-07-2025
13813,TERM_3,10450,0,0,2024-08-29,1746,Fees Collected for TERM_3 ON 29-08-2024
13813,TERM_4,10450,0,0,2025-07-10,1746,Fees Collected for TERM_4 ON 10-07-2025
13791,TERM_1,10450,0,0,2025-05-21,1718,Fees Collected for TERM_1 ON 21-05-2025
13791,TERM_2,10450,0,0,2025-06-08,1718,Fees Collected for TERM_2 ON 08-06-2025
13791,TERM_3,10450,0,0,2025-06-18,1718,Fees Collected for TERM_3 ON 18-06-2025
13791,TERM_4,10450,0,0,2024-09-25,1718,Fees Collected for TERM_4 ON 25-09-2024
13730,TERM_1,10450,0,0,2025-06-11,1763,Fees Collected for TERM_1 ON 11-06-2025
13730,TERM_2,10450,0,0,2024-09-15,1763,Fees Collected for TERM_2 ON 15-09-2024
13730,TERM_3,10450,0,0,2024-11-15,1763,Fees Collected for TERM_3 ON 15-11-2024
13730,TERM_4,10450,0,0,2025-03-10,1763,Fees Collected for TERM_4 ON 10-03-2025
13837,TERM_1,10450,0,0,2025-02-13,1850,Fees Collected for TERM_1 ON 13-02-2025
13837,TERM_2,10450,0,0,2024-11-20,1850,Fees Collected for TERM_2 ON 20-11-2024
13837,TERM_3,10450,0,0,2024-10-22,1850,Fees Collected for TERM_3 ON 22-10-2024
13837,TERM_4,10450,0,0,2025-09-12,1850,Fees Collected for TERM_4 ON 12-09-2025
13835,TERM_1,10450,0,0,2025-10-02,1728,Fees Collected for TERM_1 ON 02-10-2025
13835,TERM_2,10450,0,0,2024-12-13,1728,Fees Collected for TERM_2 ON 13-12-2024
13835,TERM_3,10450,0,0,2025-09-20,1728,Fees Collected for TERM_3 ON 20-09-2025
13835,TERM_4,10450,0,0,2024-07-02,1728,Fees Collected for TERM_4 ON 02-07-2024
14222,TERM_1,10450,0,0,2024-07-15,1730,Fees Collected for TERM_1 ON 15-07-2024
14222,TERM_2,10450,0,0,2025-10-30,1730,Fees Collected for TERM_2 ON 30-10-2025
14222,TERM_3,10450,0,0,2025-04-14,1730,Fees Collected for TERM_3 ON 14-04-2025
14222,TERM_4,10450,0,0,2025-05-06,1730,Fees Collected for TERM_4 ON 06-05-2025
13859,TERM_1,10450,0,0,2024-07-04,1729,Fees Collected for TERM_1 ON 04-07-2024
13859,TERM_2,10450,0,0,2025-05-18,1729,Fees Collected for TERM_2 ON 18-05-2025
13859,TERM_3,10450,0,0,2025-04-17,1729,Fees Collected for TERM_3 ON 17-04-2025
13859,TERM_4,10450,0,0,2024-12-29,1729,Fees Collected for TERM_4 ON 29-12-2024
14636,TERM_1,10450,0,0,2024-12-06,1744,Fees Collected for TERM_1 ON 06-12-2024
14636,TERM_2,10450,0,0,2025-10-16,1744,Fees Collected for TERM_2 ON 16-10-2025
14636,TERM_3,10450,0,0,2025-08-11,1744,Fees Collected for TERM_3 ON 11-08-2025
14636,TERM_4,10450,0,0,2024-07-06,1744,Fees Collected for TERM_4 ON 06-07-2024
15975,TERM_1,10450,0,0,2024-07-28,1727,Fees Collected for TERM_1 ON 28-07-2024
15975,TERM_2,10450,0,0,2025-12-10,1727,Fees Collected for TERM_2 ON 10-12-2025
15975,TERM_3,10450,0,0,2025-12-14,1727,Fees Collected for TERM_3 ON 14-12-2025
15975,TERM_4,10450,0,0,2024-10-30,1727,Fees Collected for TERM_4 ON 30-10-2024
13690,TERM_1,10450,0,0,2025-01-07,1731,Fees Collected for TERM_1 ON 07-01-2025
13690,TERM_2,10450,0,0,2025-05-18,1731,Fees Collected for TERM_2 ON 18-05-2025
13690,TERM_3,10450,0,0,2024-10-01,1731,Fees Collected for TERM_3 ON 01-10-2024
13690,TERM_4,10450,0,0,2025-03-30,1731,Fees Collected for TERM_4 ON 30-03-2025
15081,TERM_1,10450,0,0,2025-09-16,1717,Fees Collected for TERM_1 ON 16-09-2025
15081,TERM_2,10450,0,0,2025-09-29,1717,Fees Collected for TERM_2 ON 29-09-2025
15081,TERM_3,10450,0,0,2024-10-30,1717,Fees Collected for TERM_3 ON 30-10-2024
15081,TERM_4,10450,0,0,2025-09-03,1717,Fees Collected for TERM_4 ON 03-09-2025
16116,TERM_1,10450,0,0,2025-01-14,1715,Fees Collected for TERM_1 ON 14-01-2025
16116,TERM_2,10450,0,0,2025-10-24,1715,Fees Collected for TERM_2 ON 24-10-2025
16116,TERM_3,10450,0,0,2025-09-10,1715,Fees Collected for TERM_3 ON 10-09-2025
16116,TERM_4,10450,0,0,2024-08-28,1715,Fees Collected for TERM_4 ON 28-08-2024
16090,TERM_1,10450,0,0,2024-11-07,1852,Fees Collected for TERM_1 ON 07-11-2024
16090,TERM_2,10450,0,0,2024-10-09,1852,Fees Collected for TERM_2 ON 09-10-2024
16090,TERM_3,10450,0,0,2025-12-23,1852,Fees Collected for TERM_3 ON 23-12-2025
16090,TERM_4,10450,0,0,2025-03-14,1852,Fees Collected for TERM_4 ON 14-03-2025
13809,TERM_1,10450,0,0,2024-07-07,1756,Fees Collected for TERM_1 ON 07-07-2024
13809,TERM_2,10450,0,0,2025-11-23,1756,Fees Collected for TERM_2 ON 23-11-2025
13809,TERM_3,10450,0,0,2025-03-22,1756,Fees Collected for TERM_3 ON 22-03-2025
13809,TERM_4,10450,0,0,2024-09-18,1756,Fees Collected for TERM_4 ON 18-09-2024
13868,TERM_1,10450,0,0,2024-09-09,1713,Fees Collected for TERM_1 ON 09-09-2024
13868,TERM_2,10450,0,0,2025-08-30,1713,Fees Collected for TERM_2 ON 30-08-2025
13868,TERM_3,10450,0,0,2025-05-19,1713,Fees Collected for TERM_3 ON 19-05-2025
13868,TERM_4,10450,0,0,2025-01-08,1713,Fees Collected for TERM_4 ON 08-01-2025
14589,TERM_1,10450,0,0,2025-04-16,1841,Fees Collected for TERM_1 ON 16-04-2025
14589,TERM_2,10450,0,0,2025-11-29,1841,Fees Collected for TERM_2 ON 29-11-2025
14589,TERM_3,10450,0,0,2024-08-02,1841,Fees Collected for TERM_3 ON 02-08-2024
14589,TERM_4,10450,0,0,2024-09-01,1841,Fees Collected for TERM_4 ON 01-09-2024
15853,TERM_1,10450,0,0,2025-03-31,1734,Fees Collected for TERM_1 ON 31-03-2025
15853,TERM_2,10450,0,0,2024-10-14,1734,Fees Collected for TERM_2 ON 14-10-2024
15853,TERM_3,10450,0,0,2025-07-17,1734,Fees Collected for TERM_3 ON 17-07-2025
15853,TERM_4,10450,0,0,2025-09-16,1734,Fees Collected for TERM_4 ON 16-09-2025
13566,TERM_1,10450,0,0,2025-07-08,1745,Fees Collected for TERM_1 ON 08-07-2025
13566,TERM_2,10450,0,0,2024-11-23,1745,Fees Collected for TERM_2 ON 23-11-2024
13566,TERM_3,10450,0,0,2025-03-07,1745,Fees Collected for TERM_3 ON 07-03-2025
13566,TERM_4,10450,0,0,2025-02-16,1745,Fees Collected for TERM_4 ON 16-02-2025
16154,TERM_1,10450,0,0,2024-07-18,1761,Fees Collected for TERM_1 ON 18-07-2024
16154,TERM_2,10450,0,0,2025-06-26,1761,Fees Collected for TERM_2 ON 26-06-2025
16154,TERM_3,10450,0,0,2025-06-20,1761,Fees Collected for TERM_3 ON 20-06-2025
16154,TERM_4,10450,0,0,2025-07-29,1761,Fees Collected for TERM_4 ON 29-07-2025
13794,TERM_1,10450,0,0,2024-09-24,1753,Fees Collected for TERM_1 ON 24-09-2024
13794,TERM_2,10450,0,0,2025-09-23,1753,Fees Collected for TERM_2 ON 23-09-2025
13794,TERM_3,10450,0,0,2024-11-17,1753,Fees Collected for TERM_3 ON 17-11-2024
13794,TERM_4,10450,0,0,2025-02-11,1753,Fees Collected for TERM_4 ON 11-02-2025
13790,TERM_1,10450,0,0,2025-06-28,1829,Fees Collected for TERM_1 ON 28-06-2025
13790,TERM_2,10450,0,0,2024-11-13,1829,Fees Collected for TERM_2 ON 13-11-2024
13790,TERM_3,10450,0,0,2024-12-19,1829,Fees Collected for TERM_3 ON 19-12-2024
13790,TERM_4,10450,0,0,2024-12-25,1829,Fees Collected for TERM_4 ON 25-12-2024
15972,TERM_1,0,0,0,2024-12-08,0,Fees Collected for TERM_1 ON 08-12-2024
15972,TERM_2,0,0,0,2025-12-14,0,Fees Collected for TERM_2 ON 14-12-2025
15972,TERM_4,0,0,0,2024-09-06,0,Fees Collected for TERM_4 ON 06-09-2024
14099,TERM_1,10450,0,0,2024-11-07,1847,Fees Collected for TERM_1 ON 07-11-2024
14099,TERM_2,10450,0,0,2024-10-07,1847,Fees Collected for TERM_2 ON 07-10-2024
14099,TERM_3,10450,0,0,2024-10-31,1847,Fees Collected for TERM_3 ON 31-10-2024
14099,TERM_4,0,10450,0,2025-05-30,1847,Fees Collected for TERM_4 ON 30-05-2025
14066,TERM_1,10450,0,0,2025-11-17,1732,Fees Collected for TERM_1 ON 17-11-2025
14066,TERM_2,10450,0,0,2025-05-18,1732,Fees Collected for TERM_2 ON 18-05-2025
14066,TERM_3,10450,0,0,2025-01-23,1732,Fees Collected for TERM_3 ON 23-01-2025
14066,TERM_4,10450,0,0,2025-01-04,1732,Fees Collected for TERM_4 ON 04-01-2025
13893,TERM_1,10450,0,0,2025-09-25,1716,Fees Collected for TERM_1 ON 25-09-2025
13893,TERM_2,10450,0,0,2024-12-28,1716,Fees Collected for TERM_2 ON 28-12-2024
13893,TERM_3,10450,0,0,2025-08-18,1716,Fees Collected for TERM_3 ON 18-08-2025
13893,TERM_4,10450,0,0,2024-12-07,1716,Fees Collected for TERM_4 ON 07-12-2024
14000,TERM_1,10450,0,0,2025-11-22,1777,Fees Collected for TERM_1 ON 22-11-2025
14000,TERM_2,10450,0,0,2024-07-16,1777,Fees Collected for TERM_2 ON 16-07-2024
14000,TERM_3,10450,0,0,2025-04-25,1777,Fees Collected for TERM_3 ON 25-04-2025
14000,TERM_4,0,10450,0,2025-03-18,1777,Fees Collected for TERM_4 ON 18-03-2025
13821,TERM_1,10450,0,0,2025-06-30,1714,Fees Collected for TERM_1 ON 30-06-2025
13821,TERM_2,10450,0,0,2025-01-11,1714,Fees Collected for TERM_2 ON 11-01-2025
13821,TERM_3,10450,0,0,2025-08-05,1714,Fees Collected for TERM_3 ON 05-08-2025
13821,TERM_4,10450,0,0,2024-12-25,1714,Fees Collected for TERM_4 ON 25-12-2024
16074,TERM_1,10450,0,0,2025-05-23,1733,Fees Collected for TERM_1 ON 23-05-2025
16074,TERM_2,10450,0,0,2024-10-04,1733,Fees Collected for TERM_2 ON 04-10-2024
16074,TERM_3,10450,0,0,2025-03-07,1733,Fees Collected for TERM_3 ON 07-03-2025
16074,TERM_4,10450,0,0,2024-11-04,1733,Fees Collected for TERM_4 ON 04-11-2024
16288,TERM_1,10450,0,0,2025-07-19,1843,Fees Collected for TERM_1 ON 19-07-2025
16288,TERM_2,10450,0,0,2025-10-28,1843,Fees Collected for TERM_2 ON 28-10-2025
16288,TERM_3,10450,0,0,2024-10-19,1843,Fees Collected for TERM_3 ON 19-10-2024
16288,TERM_4,10450,0,0,2025-05-02,1843,Fees Collected for TERM_4 ON 02-05-2025
13842,TERM_1,10450,0,0,2025-12-01,1824,Fees Collected for TERM_1 ON 01-12-2025
13842,TERM_2,10450,0,0,2025-11-20,1824,Fees Collected for TERM_2 ON 20-11-2025
13842,TERM_3,10450,0,0,2024-12-27,1824,Fees Collected for TERM_3 ON 27-12-2024
13842,TERM_4,10450,0,0,2025-09-22,1824,Fees Collected for TERM_4 ON 22-09-2025
13828,TERM_1,10450,0,0,2024-07-20,1868,Fees Collected for TERM_1 ON 20-07-2024
13828,TERM_2,10450,0,0,2024-06-27,1868,Fees Collected for TERM_2 ON 27-06-2024
13828,TERM_3,0,10450,0,2024-07-10,1868,Fees Collected for TERM_3 ON 10-07-2024
13828,TERM_4,0,10450,0,2025-03-22,1868,Fees Collected for TERM_4 ON 22-03-2025
13789,TERM_1,10450,0,0,2025-03-29,1809,Fees Collected for TERM_1 ON 29-03-2025
13789,TERM_2,10450,0,0,2025-10-28,1809,Fees Collected for TERM_2 ON 28-10-2025
13789,TERM_3,10450,0,0,2024-07-07,1809,Fees Collected for TERM_3 ON 07-07-2024
13789,TERM_4,10450,0,0,2024-09-25,1809,Fees Collected for TERM_4 ON 25-09-2024
13834,TERM_1,10450,0,0,2025-03-20,1865,Fees Collected for TERM_1 ON 20-03-2025
13834,TERM_2,10450,0,0,2025-06-06,1865,Fees Collected for TERM_2 ON 06-06-2025
13834,TERM_3,0,10450,0,2025-09-30,1865,Fees Collected for TERM_3 ON 30-09-2025
13834,TERM_4,0,10450,0,2025-07-19,1865,Fees Collected for TERM_4 ON 19-07-2025
14590,TERM_1,10450,0,0,2025-05-23,1869,Fees Collected for TERM_1 ON 23-05-2025
14590,TERM_2,10450,0,0,2024-06-15,1869,Fees Collected for TERM_2 ON 15-06-2024
14590,TERM_3,10450,0,0,2025-03-01,1869,Fees Collected for TERM_3 ON 01-03-2025
14590,TERM_4,10450,0,0,2024-12-16,1869,Fees Collected for TERM_4 ON 16-12-2024
15136,TERM_1,10450,0,0,2024-07-24,1712,Fees Collected for TERM_1 ON 24-07-2024
15136,TERM_2,10450,0,0,2025-02-03,1712,Fees Collected for TERM_2 ON 03-02-2025
15136,TERM_3,10450,0,0,2025-07-07,1712,Fees Collected for TERM_3 ON 07-07-2025
15136,TERM_4,10450,0,0,2025-10-21,1712,Fees Collected for TERM_4 ON 21-10-2025
15865,TERM_1,10450,0,0,2025-08-06,1864,Fees Collected for TERM_1 ON 06-08-2025
15865,TERM_2,10450,0,0,2024-10-03,1864,Fees Collected for TERM_2 ON 03-10-2024
15865,TERM_3,10450,0,0,2024-12-26,1864,Fees Collected for TERM_3 ON 26-12-2024
15865,TERM_4,10450,0,0,2025-01-23,1864,Fees Collected for TERM_4 ON 23-01-2025
13802,TERM_1,10450,0,0,2024-08-27,1828,Fees Collected for TERM_1 ON 27-08-2024
13802,TERM_2,10450,0,0,2024-07-23,1828,Fees Collected for TERM_2 ON 23-07-2024
13802,TERM_3,10450,0,0,2025-12-03,1828,Fees Collected for TERM_3 ON 03-12-2025
13802,TERM_4,10450,0,0,2025-05-07,1828,Fees Collected for TERM_4 ON 07-05-2025
15470,TERM_1,10450,0,0,2025-01-12,1855,Fees Collected for TERM_1 ON 12-01-2025
15470,TERM_2,10450,0,0,2025-05-12,1855,Fees Collected for TERM_2 ON 12-05-2025
15470,TERM_3,10450,0,0,2024-07-21,1855,Fees Collected for TERM_3 ON 21-07-2024
15470,TERM_4,10450,0,0,2024-07-08,1855,Fees Collected for TERM_4 ON 08-07-2024
16909,TERM_1,10450,0,0,2025-07-26,1849,Fees Collected for TERM_1 ON 26-07-2025
16909,TERM_2,10450,0,0,2025-10-16,1849,Fees Collected for TERM_2 ON 16-10-2025
16909,TERM_3,10450,0,0,2024-06-30,1849,Fees Collected for TERM_3 ON 30-06-2024
16909,TERM_4,10450,0,0,2025-01-11,1849,Fees Collected for TERM_4 ON 11-01-2025
13810,TERM_1,10450,0,0,2025-01-31,1867,Fees Collected for TERM_1 ON 31-01-2025
13810,TERM_2,10450,0,0,2025-05-27,1867,Fees Collected for TERM_2 ON 27-05-2025
13810,TERM_3,10450,0,0,2025-01-10,1867,Fees Collected for TERM_3 ON 10-01-2025
13810,TERM_4,10450,0,0,2025-05-24,1867,Fees Collected for TERM_4 ON 24-05-2025
13832,TERM_1,10450,0,0,2025-12-21,1772,Fees Collected for TERM_1 ON 21-12-2025
13832,TERM_2,10450,0,0,2024-11-25,1772,Fees Collected for TERM_2 ON 25-11-2024
13832,TERM_3,10450,0,0,2024-08-15,1772,Fees Collected for TERM_3 ON 15-08-2024
13832,TERM_4,10450,0,0,2025-08-26,1772,Fees Collected for TERM_4 ON 26-08-2025
16628,TERM_1,10450,0,0,2025-11-18,1842,Fees Collected for TERM_1 ON 18-11-2025
16628,TERM_2,10450,0,0,2025-10-20,1842,Fees Collected for TERM_2 ON 20-10-2025
16628,TERM_3,10450,0,0,2024-10-23,1842,Fees Collected for TERM_3 ON 23-10-2024
16628,TERM_4,10450,0,0,2025-11-17,1842,Fees Collected for TERM_4 ON 17-11-2025
15715,TERM_1,10450,0,0,2024-10-26,1754,Fees Collected for TERM_1 ON 26-10-2024
15715,TERM_2,10450,0,0,2025-05-07,1754,Fees Collected for TERM_2 ON 07-05-2025
15715,TERM_3,10450,0,0,2024-10-21,1754,Fees Collected for TERM_3 ON 21-10-2024
15715,TERM_4,10450,0,0,2024-08-27,1754,Fees Collected for TERM_4 ON 27-08-2024
16183,TERM_1,10450,0,0,2024-07-24,1859,Fees Collected for TERM_1 ON 24-07-2024
16183,TERM_2,10450,0,0,2025-06-28,1859,Fees Collected for TERM_2 ON 28-06-2025
16183,TERM_3,0,10450,0,2024-10-02,1859,Fees Collected for TERM_3 ON 02-10-2024
16183,TERM_4,0,10450,0,2025-08-26,1859,Fees Collected for TERM_4 ON 26-08-2025
13825,TERM_1,10450,0,0,2025-07-08,1773,Fees Collected for TERM_1 ON 08-07-2025
13825,TERM_2,10450,0,0,2024-12-23,1773,Fees Collected for TERM_2 ON 23-12-2024
13825,TERM_3,10450,0,0,2024-07-29,1773,Fees Collected for TERM_3 ON 29-07-2024
13825,TERM_4,10450,0,0,2025-04-16,1773,Fees Collected for TERM_4 ON 16-04-2025
14003,TERM_1,10450,0,0,2024-09-23,1866,Fees Collected for TERM_1 ON 23-09-2024
14003,TERM_2,10450,0,0,2025-04-15,1866,Fees Collected for TERM_2 ON 15-04-2025
14003,TERM_3,10450,0,0,2025-11-09,1866,Fees Collected for TERM_3 ON 09-11-2025
14003,TERM_4,10450,0,0,2025-02-07,1866,Fees Collected for TERM_4 ON 07-02-2025
13793,TERM_1,10450,0,0,2024-07-07,1860,Fees Collected for TERM_1 ON 07-07-2024
13793,TERM_2,10450,0,0,2025-05-12,1860,Fees Collected for TERM_2 ON 12-05-2025
13793,TERM_3,10450,0,0,2025-03-07,1860,Fees Collected for TERM_3 ON 07-03-2025
13793,TERM_4,10450,0,0,2024-12-09,1860,Fees Collected for TERM_4 ON 09-12-2024
13925,TERM_1,10450,0,0,2025-03-04,1858,Fees Collected for TERM_1 ON 04-03-2025
13925,TERM_2,10450,0,0,2024-10-15,1858,Fees Collected for TERM_2 ON 15-10-2024
13925,TERM_3,10450,0,0,2025-07-28,1858,Fees Collected for TERM_3 ON 28-07-2025
13925,TERM_4,10450,0,0,2025-05-31,1858,Fees Collected for TERM_4 ON 31-05-2025
16780,TERM_1,10450,0,0,2025-02-11,1846,Fees Collected for TERM_1 ON 11-02-2025
16780,TERM_2,10450,0,0,2025-10-15,1846,Fees Collected for TERM_2 ON 15-10-2025
16780,TERM_3,10450,0,0,2025-01-15,1846,Fees Collected for TERM_3 ON 15-01-2025
16780,TERM_4,10450,0,0,2025-05-11,1846,Fees Collected for TERM_4 ON 11-05-2025
16845,TERM_1,10450,0,0,2025-11-04,1863,Fees Collected for TERM_1 ON 04-11-2025
16845,TERM_2,10450,0,0,2025-10-09,1863,Fees Collected for TERM_2 ON 09-10-2025
16845,TERM_3,10450,0,0,2025-04-15,1863,Fees Collected for TERM_3 ON 15-04-2025
16845,TERM_4,10450,0,0,2024-08-15,1863,Fees Collected for TERM_4 ON 15-08-2024
13876,TERM_1,10450,0,0,2025-02-17,1823,Fees Collected for TERM_1 ON 17-02-2025
13876,TERM_2,10450,0,0,2024-11-21,1823,Fees Collected for TERM_2 ON 21-11-2024
13876,TERM_3,10450,0,0,2025-11-21,1823,Fees Collected for TERM_3 ON 21-11-2025
13876,TERM_4,10450,0,0,2024-08-09,1823,Fees Collected for TERM_4 ON 09-08-2024
13718,TERM_1,10450,0,0,2024-08-12,1862,Fees Collected for TERM_1 ON 12-08-2024
13718,TERM_2,10450,0,0,2025-02-17,1862,Fees Collected for TERM_2 ON 17-02-2025
13718,TERM_3,10450,0,0,2024-12-02,1862,Fees Collected for TERM_3 ON 02-12-2024
13718,TERM_4,10450,0,0,2025-03-06,1862,Fees Collected for TERM_4 ON 06-03-2025
13917,TERM_1,10450,0,0,2024-09-15,1861,Fees Collected for TERM_1 ON 15-09-2024
13917,TERM_2,10450,0,0,2025-06-18,1861,Fees Collected for TERM_2 ON 18-06-2025
13917,TERM_3,0,10450,0,2025-09-21,1861,Fees Collected for TERM_3 ON 21-09-2025
13917,TERM_4,0,10450,0,2024-12-05,1861,Fees Collected for TERM_4 ON 05-12-2024
15275,TERM_1,10450,0,0,2025-01-06,1771,Fees Collected for TERM_1 ON 06-01-2025
15275,TERM_2,10450,0,0,2025-07-25,1771,Fees Collected for TERM_2 ON 25-07-2025
15275,TERM_3,10450,0,0,2025-09-11,1771,Fees Collected for TERM_3 ON 11-09-2025
15275,TERM_4,9950,500,0,2025-09-25,1771,Fees Collected for TERM_4 ON 25-09-2025
14159,TERM_1,10450,0,0,2025-04-04,1739,Fees Collected for TERM_1 ON 04-04-2025
14159,TERM_2,10450,0,0,2024-07-16,1739,Fees Collected for TERM_2 ON 16-07-2024
14159,TERM_3,10450,0,0,2025-12-27,1739,Fees Collected for TERM_3 ON 27-12-2025
14159,TERM_4,10450,0,0,2024-11-07,1739,Fees Collected for TERM_4 ON 07-11-2024
15469,TERM_1,10450,0,0,2024-08-30,1818,Fees Collected for TERM_1 ON 30-08-2024
15469,TERM_2,10450,0,0,2024-08-04,1818,Fees Collected for TERM_2 ON 04-08-2024
15469,TERM_3,10450,0,0,2025-07-21,1818,Fees Collected for TERM_3 ON 21-07-2025
15469,TERM_4,10450,0,0,2025-10-07,1818,Fees Collected for TERM_4 ON 07-10-2025
16558,TERM_1,10450,0,0,2024-12-04,1737,Fees Collected for TERM_1 ON 04-12-2024
16558,TERM_2,10450,0,0,2025-03-20,1737,Fees Collected for TERM_2 ON 20-03-2025
16558,TERM_3,10450,0,0,2025-04-19,1737,Fees Collected for TERM_3 ON 19-04-2025
16558,TERM_4,10450,0,0,2025-11-18,1737,Fees Collected for TERM_4 ON 18-11-2025
14071,TERM_1,10450,0,0,2025-05-11,1757,Fees Collected for TERM_1 ON 11-05-2025
14071,TERM_2,10450,0,0,2024-10-18,1757,Fees Collected for TERM_2 ON 18-10-2024
14071,TERM_3,10450,0,0,2025-12-18,1757,Fees Collected for TERM_3 ON 18-12-2025
14071,TERM_4,10450,0,0,2025-10-31,1757,Fees Collected for TERM_4 ON 31-10-2025
16078,TERM_1,10450,0,0,2025-07-27,1839,Fees Collected for TERM_1 ON 27-07-2025
16078,TERM_2,10450,0,0,2025-04-01,1839,Fees Collected for TERM_2 ON 01-04-2025
16078,TERM_3,10450,0,0,2024-10-30,1839,Fees Collected for TERM_3 ON 30-10-2024
16078,TERM_4,0,10450,0,2025-12-07,1839,Fees Collected for TERM_4 ON 07-12-2025
13861,TERM_1,10450,0,0,2024-07-24,1775,Fees Collected for TERM_1 ON 24-07-2024
13861,TERM_2,10450,0,0,2025-02-24,1775,Fees Collected for TERM_2 ON 24-02-2025
13861,TERM_3,10450,0,0,2024-07-04,1775,Fees Collected for TERM_3 ON 04-07-2024
13861,TERM_4,10450,0,0,2025-01-24,1775,Fees Collected for TERM_4 ON 24-01-2025
14023,TERM_1,10450,0,0,2024-12-11,1768,Fees Collected for TERM_1 ON 11-12-2024
14023,TERM_2,10450,0,0,2025-11-02,1768,Fees Collected for TERM_2 ON 02-11-2025
14023,TERM_3,10450,0,0,2024-07-23,1768,Fees Collected for TERM_3 ON 23-07-2024
14023,TERM_4,10450,0,0,2024-06-29,1768,Fees Collected for TERM_4 ON 29-06-2024
16270,TERM_1,10450,0,0,2025-05-30,1770,Fees Collected for TERM_1 ON 30-05-2025
16270,TERM_2,10450,0,0,2024-08-27,1770,Fees Collected for TERM_2 ON 27-08-2024
16270,TERM_3,10450,0,0,2025-02-19,1770,Fees Collected for TERM_3 ON 19-02-2025
16270,TERM_4,10450,0,0,2025-09-06,1770,Fees Collected for TERM_4 ON 06-09-2025
15098,TERM_1,10450,0,0,2025-05-20,1838,Fees Collected for TERM_1 ON 20-05-2025
15098,TERM_2,10450,0,0,2025-09-23,1838,Fees Collected for TERM_2 ON 23-09-2025
15098,TERM_3,10450,0,0,2025-07-10,1838,Fees Collected for TERM_3 ON 10-07-2025
15098,TERM_4,10450,0,0,2024-10-01,1838,Fees Collected for TERM_4 ON 01-10-2024
14074,TERM_1,10450,0,0,2025-08-28,1760,Fees Collected for TERM_1 ON 28-08-2025
14074,TERM_2,10450,0,0,2025-04-01,1760,Fees Collected for TERM_2 ON 01-04-2025
14074,TERM_3,10450,0,0,2025-11-07,1760,Fees Collected for TERM_3 ON 07-11-2025
14074,TERM_4,10450,0,0,2025-04-09,1760,Fees Collected for TERM_4 ON 09-04-2025
13815,TERM_1,10450,0,0,2025-08-24,1735,Fees Collected for TERM_1 ON 24-08-2025
13815,TERM_2,10450,0,0,2024-09-09,1735,Fees Collected for TERM_2 ON 09-09-2024
13815,TERM_3,10450,0,0,2025-09-21,1735,Fees Collected for TERM_3 ON 21-09-2025
13815,TERM_4,10450,0,0,2024-06-29,1735,Fees Collected for TERM_4 ON 29-06-2024
13808,TERM_1,10450,0,0,2025-02-07,1833,Fees Collected for TERM_1 ON 07-02-2025
13808,TERM_2,10450,0,0,2025-10-22,1833,Fees Collected for TERM_2 ON 22-10-2025
13808,TERM_3,10450,0,0,2025-09-10,1833,Fees Collected for TERM_3 ON 10-09-2025
13808,TERM_4,10450,0,0,2025-12-23,1833,Fees Collected for TERM_4 ON 23-12-2025
13841,TERM_1,10450,0,0,2024-11-30,1741,Fees Collected for TERM_1 ON 30-11-2024
13841,TERM_2,10450,0,0,2025-06-05,1741,Fees Collected for TERM_2 ON 05-06-2025
13841,TERM_3,10450,0,0,2025-08-21,1741,Fees Collected for TERM_3 ON 21-08-2025
13841,TERM_4,10450,0,0,2025-01-12,1741,Fees Collected for TERM_4 ON 12-01-2025
13625,TERM_1,10450,0,0,2024-12-24,1762,Fees Collected for TERM_1 ON 24-12-2024
13625,TERM_2,10450,0,0,2025-10-26,1762,Fees Collected for TERM_2 ON 26-10-2025
13625,TERM_3,10450,0,0,2025-06-15,1762,Fees Collected for TERM_3 ON 15-06-2025
13625,TERM_4,0,10450,0,2025-02-06,1762,Fees Collected for TERM_4 ON 06-02-2025
14994,TERM_1,10450,0,0,2024-12-22,1740,Fees Collected for TERM_1 ON 22-12-2024
14994,TERM_2,10450,0,0,2024-11-03,1740,Fees Collected for TERM_2 ON 03-11-2024
14994,TERM_3,10450,0,0,2025-07-23,1740,Fees Collected for TERM_3 ON 23-07-2025
14994,TERM_4,10450,0,0,2024-06-27,1740,Fees Collected for TERM_4 ON 27-06-2024
13931,TERM_1,10450,0,0,2025-08-30,1769,Fees Collected for TERM_1 ON 30-08-2025
13931,TERM_2,10450,0,0,2025-03-25,1769,Fees Collected for TERM_2 ON 25-03-2025
13931,TERM_3,10450,0,0,2024-09-06,1769,Fees Collected for TERM_3 ON 06-09-2024
13931,TERM_4,10450,0,0,2024-09-15,1769,Fees Collected for TERM_4 ON 15-09-2024
14634,TERM_1,10450,0,0,2024-09-23,1743,Fees Collected for TERM_1 ON 23-09-2024
14634,TERM_2,10450,0,0,2024-07-24,1743,Fees Collected for TERM_2 ON 24-07-2024
14634,TERM_3,10450,0,0,2025-04-21,1743,Fees Collected for TERM_3 ON 21-04-2025
14634,TERM_4,10450,0,0,2025-05-22,1743,Fees Collected for TERM_4 ON 22-05-2025
13896,TERM_1,10450,0,0,2024-10-01,1736,Fees Collected for TERM_1 ON 01-10-2024
13896,TERM_2,10450,0,0,2025-10-31,1736,Fees Collected for TERM_2 ON 31-10-2025
13896,TERM_3,10450,0,0,2025-08-21,1736,Fees Collected for TERM_3 ON 21-08-2025
13896,TERM_4,10450,0,0,2025-08-03,1736,Fees Collected for TERM_4 ON 03-08-2025
13930,TERM_1,10450,0,0,2024-10-17,1738,Fees Collected for TERM_1 ON 17-10-2024
13930,TERM_2,10450,0,0,2024-08-29,1738,Fees Collected for TERM_2 ON 29-08-2024
13930,TERM_3,10450,0,0,2024-09-28,1738,Fees Collected for TERM_3 ON 28-09-2024
13930,TERM_4,10450,0,0,2025-05-08,1738,Fees Collected for TERM_4 ON 08-05-2025
13840,TERM_1,10450,0,0,2025-09-26,1853,Fees Collected for TERM_1 ON 26-09-2025
13840,TERM_2,10450,0,0,2024-08-06,1853,Fees Collected for TERM_2 ON 06-08-2024
13840,TERM_3,10450,0,0,2025-11-24,1853,Fees Collected for TERM_3 ON 24-11-2025
13840,TERM_4,10450,0,0,2025-05-18,1853,Fees Collected for TERM_4 ON 18-05-2025
13845,TERM_1,10450,0,0,2024-09-26,1742,Fees Collected for TERM_1 ON 26-09-2024
13845,TERM_2,10450,0,0,2025-01-30,1742,Fees Collected for TERM_2 ON 30-01-2025
13845,TERM_3,10450,0,0,2025-08-27,1742,Fees Collected for TERM_3 ON 27-08-2025
13845,TERM_4,4450,6000,0,2024-07-29,1742,Fees Collected for TERM_4 ON 29-07-2024
14241,TERM_1,10450,0,0,2024-08-04,1767,Fees Collected for TERM_1 ON 04-08-2024
14241,TERM_2,10450,0,0,2025-03-03,1767,Fees Collected for TERM_2 ON 03-03-2025
14241,TERM_3,10450,0,0,2024-12-29,1767,Fees Collected for TERM_3 ON 29-12-2024
14241,TERM_4,10450,0,0,2025-07-07,1767,Fees Collected for TERM_4 ON 07-07-2025
15748,TERM_1,10450,0,0,2025-04-12,1851,Fees Collected for TERM_1 ON 12-04-2025
15748,TERM_2,10450,0,0,2025-09-12,1851,Fees Collected for TERM_2 ON 12-09-2025
15748,TERM_3,10450,0,0,2024-11-08,1851,Fees Collected for TERM_3 ON 08-11-2024
15748,TERM_4,9950,500,0,2025-11-13,1851,Fees Collected for TERM_4 ON 13-11-2025
14024,TERM_1,10450,0,0,2025-05-09,1837,Fees Collected for TERM_1 ON 09-05-2025
14024,TERM_2,10450,0,0,2024-09-17,1837,Fees Collected for TERM_2 ON 17-09-2024
14024,TERM_3,10450,0,0,2024-06-13,1837,Fees Collected for TERM_3 ON 13-06-2024
14024,TERM_4,10450,0,0,2024-06-17,1837,Fees Collected for TERM_4 ON 17-06-2024
14672,TERM_1,10450,0,0,2025-01-01,1802,Fees Collected for TERM_1 ON 01-01-2025
14672,TERM_2,10450,0,0,2025-08-07,1802,Fees Collected for TERM_2 ON 07-08-2025
14672,TERM_3,10450,0,0,2024-07-31,1802,Fees Collected for TERM_3 ON 31-07-2024
14672,TERM_4,10450,0,0,2024-09-17,1802,Fees Collected for TERM_4 ON 17-09-2024
15937,TERM_1,10450,0,0,2025-01-26,1790,Fees Collected for TERM_1 ON 26-01-2025
15937,TERM_2,10450,0,0,2024-09-20,1790,Fees Collected for TERM_2 ON 20-09-2024
15937,TERM_3,10450,0,0,2025-09-21,1790,Fees Collected for TERM_3 ON 21-09-2025
15937,TERM_4,10450,0,0,2025-10-02,1790,Fees Collected for TERM_4 ON 02-10-2025
14774,TERM_1,10450,0,0,2024-08-19,1801,Fees Collected for TERM_1 ON 19-08-2024
14774,TERM_2,10450,0,0,2025-09-01,1801,Fees Collected for TERM_2 ON 01-09-2025
14774,TERM_3,10450,0,0,2024-08-16,1801,Fees Collected for TERM_3 ON 16-08-2024
14774,TERM_4,10450,0,0,2025-12-25,1801,Fees Collected for TERM_4 ON 25-12-2025
14367,TERM_1,10450,0,0,2024-08-02,1800,Fees Collected for TERM_1 ON 02-08-2024
14367,TERM_2,10450,0,0,2025-04-21,1800,Fees Collected for TERM_2 ON 21-04-2025
14367,TERM_3,10450,0,0,2024-10-03,1800,Fees Collected for TERM_3 ON 03-10-2024
14367,TERM_4,10450,0,0,2025-02-22,1800,Fees Collected for TERM_4 ON 22-02-2025
14376,TERM_1,10450,0,0,2024-07-26,1765,Fees Collected for TERM_1 ON 26-07-2024
14376,TERM_2,10450,0,0,2024-12-20,1765,Fees Collected for TERM_2 ON 20-12-2024
14376,TERM_3,10450,0,0,2024-06-17,1765,Fees Collected for TERM_3 ON 17-06-2024
14376,TERM_4,10450,0,0,2025-06-23,1765,Fees Collected for TERM_4 ON 23-06-2025
13951,TERM_1,10450,0,0,2024-10-08,1825,Fees Collected for TERM_1 ON 08-10-2024
13951,TERM_2,10450,0,0,2024-07-11,1825,Fees Collected for TERM_2 ON 11-07-2024
13951,TERM_3,10450,0,0,2025-05-18,1825,Fees Collected for TERM_3 ON 18-05-2025
13951,TERM_4,10450,0,0,2024-10-22,1825,Fees Collected for TERM_4 ON 22-10-2024
16819,TERM_1,10450,0,0,2024-11-24,1806,Fees Collected for TERM_1 ON 24-11-2024
16819,TERM_2,10450,0,0,2025-02-03,1806,Fees Collected for TERM_2 ON 03-02-2025
16819,TERM_3,10450,0,0,2025-06-05,1806,Fees Collected for TERM_3 ON 05-06-2025
16819,TERM_4,10450,0,0,2024-06-21,1806,Fees Collected for TERM_4 ON 21-06-2024
14629,TERM_1,10450,0,0,2025-05-22,1798,Fees Collected for TERM_1 ON 22-05-2025
14629,TERM_2,10450,0,0,2024-10-13,1798,Fees Collected for TERM_2 ON 13-10-2024
14629,TERM_3,10450,0,0,2024-09-25,1798,Fees Collected for TERM_3 ON 25-09-2024
14629,TERM_4,10450,0,0,2025-08-22,1798,Fees Collected for TERM_4 ON 22-08-2025
14076,TERM_1,10450,0,0,2025-02-28,1857,Fees Collected for TERM_1 ON 28-02-2025
14076,TERM_2,10450,0,0,2024-06-18,1857,Fees Collected for TERM_2 ON 18-06-2024
14076,TERM_3,10450,0,0,2024-10-27,1857,Fees Collected for TERM_3 ON 27-10-2024
14076,TERM_4,10450,0,0,2025-06-27,1857,Fees Collected for TERM_4 ON 27-06-2025
13967,TERM_1,10450,0,0,2025-07-17,1791,Fees Collected for TERM_1 ON 17-07-2025
13967,TERM_2,10450,0,0,2025-05-04,1791,Fees Collected for TERM_2 ON 04-05-2025
13967,TERM_3,10450,0,0,2024-08-11,1791,Fees Collected for TERM_3 ON 11-08-2024
13967,TERM_4,10450,0,0,2024-10-29,1791,Fees Collected for TERM_4 ON 29-10-2024
14171,TERM_1,10450,0,0,2024-07-17,1845,Fees Collected for TERM_1 ON 17-07-2024
14171,TERM_2,10450,0,0,2025-03-22,1845,Fees Collected for TERM_2 ON 22-03-2025
14171,TERM_3,10450,0,0,2025-03-25,1845,Fees Collected for TERM_3 ON 25-03-2025
14171,TERM_4,10450,0,0,2025-10-13,1845,Fees Collected for TERM_4 ON 13-10-2025
13894,TERM_1,10450,0,0,2025-01-25,1789,Fees Collected for TERM_1 ON 25-01-2025
13894,TERM_2,10450,0,0,2025-05-14,1789,Fees Collected for TERM_2 ON 14-05-2025
13894,TERM_3,10450,0,0,2025-09-11,1789,Fees Collected for TERM_3 ON 11-09-2025
13894,TERM_4,10450,0,0,2024-07-21,1789,Fees Collected for TERM_4 ON 21-07-2024
16088,TERM_1,10450,0,0,2025-03-17,1797,Fees Collected for TERM_1 ON 17-03-2025
16088,TERM_2,10450,0,0,2024-09-16,1797,Fees Collected for TERM_2 ON 16-09-2024
16088,TERM_3,10450,0,0,2025-06-18,1797,Fees Collected for TERM_3 ON 18-06-2025
16088,TERM_4,10450,0,0,2025-06-23,1797,Fees Collected for TERM_4 ON 23-06-2025
13638,TERM_1,10450,0,0,2025-03-04,1794,Fees Collected for TERM_1 ON 04-03-2025
13638,TERM_2,10450,0,0,2025-02-21,1794,Fees Collected for TERM_2 ON 21-02-2025
13638,TERM_3,10450,0,0,2025-06-25,1794,Fees Collected for TERM_3 ON 25-06-2025
13638,TERM_4,10450,0,0,2025-09-10,1794,Fees Collected for TERM_4 ON 10-09-2025
15402,TERM_1,10450,0,0,2024-11-02,1719,Fees Collected for TERM_1 ON 02-11-2024
15402,TERM_2,9950,0,0,2025-09-13,1719,Fees Collected for TERM_2 ON 13-09-2025
15402,TERM_3,0,10450,0,2024-11-17,1719,Fees Collected for TERM_3 ON 17-11-2024
15402,TERM_4,0,10450,0,2025-11-09,1719,Fees Collected for TERM_4 ON 09-11-2025
14551,TERM_1,10450,0,0,2025-04-10,1854,Fees Collected for TERM_1 ON 10-04-2025
14551,TERM_2,10450,0,0,2025-10-17,1854,Fees Collected for TERM_2 ON 17-10-2025
14551,TERM_3,10450,0,0,2025-06-07,1854,Fees Collected for TERM_3 ON 07-06-2025
14551,TERM_4,10450,0,0,2025-07-10,1854,Fees Collected for TERM_4 ON 10-07-2025
13949,TERM_1,10450,0,0,2024-11-27,1836,Fees Collected for TERM_1 ON 27-11-2024
13949,TERM_2,10450,0,0,2025-11-07,1836,Fees Collected for TERM_2 ON 07-11-2025
13949,TERM_3,10450,0,0,2025-04-19,1836,Fees Collected for TERM_3 ON 19-04-2025
13949,TERM_4,10450,0,0,2024-10-12,1836,Fees Collected for TERM_4 ON 12-10-2024
15463,TERM_1,10450,0,0,2025-12-09,1793,Fees Collected for TERM_1 ON 09-12-2025
15463,TERM_2,10450,0,0,2025-04-06,1793,Fees Collected for TERM_2 ON 06-04-2025
15463,TERM_3,10450,0,0,2025-09-17,1793,Fees Collected for TERM_3 ON 17-09-2025
15463,TERM_4,10450,0,0,2024-12-16,1793,Fees Collected for TERM_4 ON 16-12-2024
15657,TERM_1,10450,0,0,2024-08-10,1804,Fees Collected for TERM_1 ON 10-08-2024
15657,TERM_2,10450,0,0,2025-11-22,1804,Fees Collected for TERM_2 ON 22-11-2025
15657,TERM_3,10450,0,0,2025-11-25,1804,Fees Collected for TERM_3 ON 25-11-2025
15657,TERM_4,10450,0,0,2025-08-16,1804,Fees Collected for TERM_4 ON 16-08-2025
14005,TERM_1,10450,0,0,2024-11-19,1799,Fees Collected for TERM_1 ON 19-11-2024
14005,TERM_2,10450,0,0,2025-08-05,1799,Fees Collected for TERM_2 ON 05-08-2025
14005,TERM_3,10450,0,0,2024-08-22,1799,Fees Collected for TERM_3 ON 22-08-2024
14005,TERM_4,10450,0,0,2024-12-08,1799,Fees Collected for TERM_4 ON 08-12-2024
15560,TERM_1,10450,0,0,2024-09-05,1830,Fees Collected for TERM_1 ON 05-09-2024
15560,TERM_2,10450,0,0,2025-07-23,1830,Fees Collected for TERM_2 ON 23-07-2025
15560,TERM_3,10450,0,0,2025-07-01,1830,Fees Collected for TERM_3 ON 01-07-2025
15560,TERM_4,10450,0,0,2025-10-10,1830,Fees Collected for TERM_4 ON 10-10-2025
13578,TERM_1,10450,0,0,2025-11-30,1795,Fees Collected for TERM_1 ON 30-11-2025
13578,TERM_2,10450,0,0,2025-04-01,1795,Fees Collected for TERM_2 ON 01-04-2025
13578,TERM_3,10450,0,0,2025-02-12,1795,Fees Collected for TERM_3 ON 12-02-2025
13578,TERM_4,10450,0,0,2025-12-20,1795,Fees Collected for TERM_4 ON 20-12-2025
14004,TERM_1,10450,0,0,2025-08-25,1796,Fees Collected for TERM_1 ON 25-08-2025
14004,TERM_2,10450,0,0,2025-12-06,1796,Fees Collected for TERM_2 ON 06-12-2025
14004,TERM_3,10450,0,0,2025-03-26,1796,Fees Collected for TERM_3 ON 26-03-2025
14004,TERM_4,10450,0,0,2025-01-19,1796,Fees Collected for TERM_4 ON 19-01-2025
13980,TERM_1,10450,0,0,2025-05-19,1792,Fees Collected for TERM_1 ON 19-05-2025
13980,TERM_2,10450,0,0,2024-09-03,1792,Fees Collected for TERM_2 ON 03-09-2024
13980,TERM_3,10450,0,0,2025-10-28,1792,Fees Collected for TERM_3 ON 28-10-2025
13980,TERM_4,10450,0,0,2025-03-03,1792,Fees Collected for TERM_4 ON 03-03-2025
13869,TERM_1,10450,0,0,2025-06-16,1870,Fees Collected for TERM_1 ON 16-06-2025
13869,TERM_2,10450,0,0,2024-11-24,1870,Fees Collected for TERM_2 ON 24-11-2024
13869,TERM_3,0,10450,0,2025-04-03,1870,Fees Collected for TERM_3 ON 03-04-2025
13869,TERM_4,0,10450,0,2025-06-13,1870,Fees Collected for TERM_4 ON 13-06-2025
14007,TERM_1,10450,0,0,2024-08-27,1787,Fees Collected for TERM_1 ON 27-08-2024
14007,TERM_2,10450,0,0,2025-10-24,1787,Fees Collected for TERM_2 ON 24-10-2025
14007,TERM_3,10450,0,0,2024-11-20,1787,Fees Collected for TERM_3 ON 20-11-2024
14007,TERM_4,10450,0,0,2025-07-13,1787,Fees Collected for TERM_4 ON 13-07-2025
13553,TERM_1,10450,0,0,2024-12-18,1856,Fees Collected for TERM_1 ON 18-12-2024
13553,TERM_2,10450,0,0,2025-04-02,1856,Fees Collected for TERM_2 ON 02-04-2025
13553,TERM_3,10450,0,0,2024-08-13,1856,Fees Collected for TERM_3 ON 13-08-2024
13553,TERM_4,10450,0,0,2024-10-10,1856,Fees Collected for TERM_4 ON 10-10-2024
13838,TERM_1,10450,0,0,2024-09-02,1805,Fees Collected for TERM_1 ON 02-09-2024
13838,TERM_2,10450,0,0,2025-03-05,1805,Fees Collected for TERM_2 ON 05-03-2025
13838,TERM_3,10450,0,0,2025-06-08,1805,Fees Collected for TERM_3 ON 08-06-2025
13838,TERM_4,10450,0,0,2024-09-22,1805,Fees Collected for TERM_4 ON 22-09-2024
14680,TERM_1,10450,0,0,2025-05-21,1826,Fees Collected for TERM_1 ON 21-05-2025
14680,TERM_2,10450,0,0,2025-11-10,1826,Fees Collected for TERM_2 ON 10-11-2025
14680,TERM_3,10450,0,0,2024-12-03,1826,Fees Collected for TERM_3 ON 03-12-2024
14680,TERM_4,10450,0,0,2025-09-29,1826,Fees Collected for TERM_4 ON 29-09-2025
16526,TERM_1,10450,0,0,2025-07-06,1776,Fees Collected for TERM_1 ON 06-07-2025
16526,TERM_2,10450,0,0,2025-03-07,1776,Fees Collected for TERM_2 ON 07-03-2025
16526,TERM_3,10450,0,0,2025-02-21,1776,Fees Collected for TERM_3 ON 21-02-2025
16526,TERM_4,10450,0,0,2025-03-28,1776,Fees Collected for TERM_4 ON 28-03-2025
16213,TERM_1,10450,0,0,2025-06-05,1814,Fees Collected for TERM_1 ON 05-06-2025
16213,TERM_2,10450,0,0,2025-07-01,1814,Fees Collected for TERM_2 ON 01-07-2025
16213,TERM_3,10450,0,0,2024-07-25,1814,Fees Collected for TERM_3 ON 25-07-2024
16213,TERM_4,10450,0,0,2025-04-11,1814,Fees Collected for TERM_4 ON 11-04-2025
13897,TERM_1,10450,0,0,2024-12-30,1844,Fees Collected for TERM_1 ON 30-12-2024
13897,TERM_2,10450,0,0,2025-07-30,1844,Fees Collected for TERM_2 ON 30-07-2025
13897,TERM_3,10450,0,0,2024-10-06,1844,Fees Collected for TERM_3 ON 06-10-2024
13897,TERM_4,10450,0,0,2024-08-21,1844,Fees Collected for TERM_4 ON 21-08-2024
16228,TERM_1,10450,0,0,2024-07-24,1819,Fees Collected for TERM_1 ON 24-07-2024
16228,TERM_2,10450,0,0,2025-12-18,1819,Fees Collected for TERM_2 ON 18-12-2025
16228,TERM_3,0,10450,0,2024-11-27,1819,Fees Collected for TERM_3 ON 27-11-2024
16228,TERM_4,0,10450,0,2024-11-06,1819,Fees Collected for TERM_4 ON 06-11-2024
14458,TERM_1,10450,0,0,2024-07-17,1840,Fees Collected for TERM_1 ON 17-07-2024
14458,TERM_2,10450,0,0,2025-01-10,1840,Fees Collected for TERM_2 ON 10-01-2025
14458,TERM_3,10450,0,0,2024-08-17,1840,Fees Collected for TERM_3 ON 17-08-2024
14458,TERM_4,10450,0,0,2025-06-08,1840,Fees Collected for TERM_4 ON 08-06-2025
14055,TERM_1,10450,0,0,2025-07-06,1816,Fees Collected for TERM_1 ON 06-07-2025
14055,TERM_2,10450,0,0,2024-09-19,1816,Fees Collected for TERM_2 ON 19-09-2024
14055,TERM_3,10450,0,0,2025-04-10,1816,Fees Collected for TERM_3 ON 10-04-2025
14055,TERM_4,10450,0,0,2025-12-01,1816,Fees Collected for TERM_4 ON 01-12-2025
14606,TERM_1,10450,0,0,2024-09-02,542,Fees Collected for TERM_1 ON 02-09-2024
14606,TERM_2,9950,0,0,2024-10-15,542,Fees Collected for TERM_2 ON 15-10-2024
14606,TERM_3,0,10450,0,2024-10-15,542,Fees Collected for TERM_3 ON 15-10-2024
14606,TERM_4,0,10450,0,2025-09-01,542,Fees Collected for TERM_4 ON 01-09-2025
15471,TERM_1,10450,0,0,2024-08-30,1821,Fees Collected for TERM_1 ON 30-08-2024
15471,TERM_2,10450,0,0,2024-07-30,1821,Fees Collected for TERM_2 ON 30-07-2024
15471,TERM_3,10450,0,0,2025-09-17,1821,Fees Collected for TERM_3 ON 17-09-2025
15471,TERM_4,10450,0,0,2025-09-20,1821,Fees Collected for TERM_4 ON 20-09-2025
13927,TERM_1,10450,0,0,2025-05-20,1810,Fees Collected for TERM_1 ON 20-05-2025
13927,TERM_2,10450,0,0,2025-03-13,1810,Fees Collected for TERM_2 ON 13-03-2025
13927,TERM_3,10450,0,0,2024-10-30,1810,Fees Collected for TERM_3 ON 30-10-2024
13927,TERM_4,10450,0,0,2025-10-27,1810,Fees Collected for TERM_4 ON 27-10-2025
13820,TERM_1,10450,0,0,2025-11-28,1815,Fees Collected for TERM_1 ON 28-11-2025
13820,TERM_2,10450,0,0,2025-03-17,1815,Fees Collected for TERM_2 ON 17-03-2025
13820,TERM_3,10450,0,0,2024-06-20,1815,Fees Collected for TERM_3 ON 20-06-2024
13820,TERM_4,10450,0,0,2024-08-14,1815,Fees Collected for TERM_4 ON 14-08-2024
14275,TERM_1,10450,0,0,2025-05-18,1813,Fees Collected for TERM_1 ON 18-05-2025
14275,TERM_2,10450,0,0,2024-08-26,1813,Fees Collected for TERM_2 ON 26-08-2024
14275,TERM_3,10450,0,0,2025-11-18,1813,Fees Collected for TERM_3 ON 18-11-2025
14275,TERM_4,10450,0,0,2024-10-10,1813,Fees Collected for TERM_4 ON 10-10-2024
13613,TERM_1,10450,0,0,2025-10-06,1803,Fees Collected for TERM_1 ON 06-10-2025
13613,TERM_2,10450,0,0,2024-10-05,1803,Fees Collected for TERM_2 ON 05-10-2024
13613,TERM_3,10450,0,0,2025-04-18,1803,Fees Collected for TERM_3 ON 18-04-2025
13613,TERM_4,10450,0,0,2025-07-20,1803,Fees Collected for TERM_4 ON 20-07-2025
13937,TERM_1,10450,0,0,2025-04-08,1811,Fees Collected for TERM_1 ON 08-04-2025
13937,TERM_2,10450,0,0,2024-12-04,1811,Fees Collected for TERM_2 ON 04-12-2024
13937,TERM_3,10450,0,0,2025-06-13,1811,Fees Collected for TERM_3 ON 13-06-2025
13937,TERM_4,10450,0,0,2025-09-21,1811,Fees Collected for TERM_4 ON 21-09-2025
13681,TERM_1,10450,0,0,2024-06-27,1817,Fees Collected for TERM_1 ON 27-06-2024
13681,TERM_2,10450,0,0,2024-12-01,1817,Fees Collected for TERM_2 ON 01-12-2024
13681,TERM_3,10450,0,0,2025-04-09,1817,Fees Collected for TERM_3 ON 09-04-2025
13681,TERM_4,10450,0,0,2025-02-09,1817,Fees Collected for TERM_4 ON 09-02-2025
13872,TERM_1,10450,0,0,2024-11-30,1848,Fees Collected for TERM_1 ON 30-11-2024
13872,TERM_2,10450,0,0,2025-06-19,1848,Fees Collected for TERM_2 ON 19-06-2025
13872,TERM_3,10450,0,0,2025-05-19,1848,Fees Collected for TERM_3 ON 19-05-2025
13872,TERM_4,10450,0,0,2025-07-19,1848,Fees Collected for TERM_4 ON 19-07-2025
14845,TERM_1,10450,0,0,2025-10-18,1835,Fees Collected for TERM_1 ON 18-10-2025
14845,TERM_2,10450,0,0,2025-03-28,1835,Fees Collected for TERM_2 ON 28-03-2025
14845,TERM_3,10450,0,0,2025-04-26,1835,Fees Collected for TERM_3 ON 26-04-2025
14845,TERM_4,10450,0,0,2025-07-22,1835,Fees Collected for TERM_4 ON 22-07-2025
15872,TERM_1,10450,0,0,2025-06-22,1812,Fees Collected for TERM_1 ON 22-06-2025
15872,TERM_2,10450,0,0,2025-03-14,1812,Fees Collected for TERM_2 ON 14-03-2025
15872,TERM_3,10450,0,0,2025-10-26,1812,Fees Collected for TERM_3 ON 26-10-2025
15872,TERM_4,10450,0,0,2024-10-16,1812,Fees Collected for TERM_4 ON 16-10-2024
15741,TERM_1,10450,0,0,2025-01-17,1807,Fees Collected for TERM_1 ON 17-01-2025
15741,TERM_2,10450,0,0,2025-08-05,1807,Fees Collected for TERM_2 ON 05-08-2025
15741,TERM_3,10450,0,0,2025-07-26,1807,Fees Collected for TERM_3 ON 26-07-2025
15741,TERM_4,10450,0,0,2024-09-25,1807,Fees Collected for TERM_4 ON 25-09-2024
13863,TERM_1,10450,0,0,2025-06-16,1822,Fees Collected for TERM_1 ON 16-06-2025
13863,TERM_2,10450,0,0,2024-07-17,1822,Fees Collected for TERM_2 ON 17-07-2024
13863,TERM_3,10450,0,0,2024-08-20,1822,Fees Collected for TERM_3 ON 20-08-2024
13863,TERM_4,6450,4000,0,2024-10-02,1822,Fees Collected for TERM_4 ON 02-10-2024
14360,TERM_1,10450,0,0,2024-11-27,1832,Fees Collected for TERM_1 ON 27-11-2024
14360,TERM_2,10450,0,0,2024-11-02,1832,Fees Collected for TERM_2 ON 02-11-2024
14360,TERM_3,10450,0,0,2025-05-31,1832,Fees Collected for TERM_3 ON 31-05-2025
14360,TERM_4,10450,0,0,2024-10-22,1832,Fees Collected for TERM_4 ON 22-10-2024
13796,TERM_1,10450,0,0,2025-04-12,1820,Fees Collected for TERM_1 ON 12-04-2025
13796,TERM_2,10450,0,0,2025-04-06,1820,Fees Collected for TERM_2 ON 06-04-2025
13796,TERM_3,10450,0,0,2025-05-27,1820,Fees Collected for TERM_3 ON 27-05-2025
13796,TERM_4,10450,0,0,2024-12-07,1820,Fees Collected for TERM_4 ON 07-12-2024
